TIME_s,POSITION_mm
0.0,0.0
0.001,0.0
0.002,0.0
0.003,0.0
0.004,0.0
0.005,0.0
0.006,0.0
0.007,0.0
0.008,0.0
0.009,0.0
0.01,0.0
0.011,0.0
0.012,0.0
0.013,0.0
0.014,0.0
0.015,0.0
0.016,0.0
0.017,0.0
0.018,0.0
0.019,0.0
0.02,0.0
0.021,0.0
0.022,0.0
0.023,0.0
0.024,0.0
0.025,0.0
0.026,0.0
0.027,0.0
0.028,0.0
0.029,0.0
0.03,0.0
0.031,0.0
0.032,0.0
0.033,0.0
0.034,0.0
0.035,0.0
0.036,0.0
0.037,0.0
0.038,0.0
0.039,0.0
0.04,0.0
0.041,0.0
0.042,0.0
0.043,0.0
0.044,0.0
0.045,0.0
0.046,0.0
0.047,0.0
0.048,0.0
0.049,0.0
0.05,0.0
0.051,0.0
0.052,0.0
0.053,0.0
0.054,0.0
0.055,0.0
0.056,0.0
0.057,0.0
0.058,0.0
0.059,0.0
0.06,0.0
0.061,0.0
0.062,0.0
0.063,0.0
0.064,0.0
0.065,0.0
0.066,0.0
0.067,0.0
0.068,0.0
0.069,0.0
0.07,0.0
0.071,0.0
0.072,0.0
0.073,0.0
0.074,0.0
0.075,0.0
0.076,0.0
0.077,0.0
0.078,0.0
0.079,0.0
0.08,0.0
0.081,0.0
0.082,0.0
0.083,0.0
0.084,0.0
0.085,0.0
0.086,0.0
0.087,0.0
0.088,0.0
0.089,0.0
0.09,0.0
0.091,0.0
0.092,0.0
0.093,0.0
0.094,0.0
0.095,0.0
0.096,0.0
0.097,0.0
0.098,0.0
0.099,0.0
0.1,0.0
0.101,0.0
0.102,0.0
0.103,0.0
0.104,0.0
0.105,0.0
0.106,0.0
0.107,0.0
0.108,0.0
0.109,0.0
0.11,0.0
0.111,0.0
0.112,0.0
0.113,0.0
0.114,0.0
0.115,0.0
0.116,0.0
0.117,0.0
0.118,0.0
0.119,0.0
0.12,0.0
0.121,0.0
0.122,0.0
0.123,0.0
0.124,0.0
0.125,0.0
0.126,0.0
0.127,0.0
0.128,0.0
0.129,0.0
0.13,0.0
0.131,0.0
0.132,0.0
0.133,0.0
0.134,0.0
0.135,0.0
0.136,0.0
0.137,0.0
0.138,0.0
0.139,0.0
0.14,0.0
0.141,0.0
0.142,0.0
0.143,0.0
0.144,0.0
0.145,0.0
0.146,0.0
0.147,0.0
0.148,0.0
0.149,0.0
0.15,0.0
0.151,0.0
0.152,0.0
0.153,0.0
0.154,0.0
0.155,0.0
0.156,0.0
0.157,0.0
0.158,0.0
0.159,0.0
0.16,0.0
0.161,0.0
0.162,0.0
0.163,0.0
0.164,0.0
0.165,0.0
0.166,0.0
0.167,0.0
0.168,0.0
0.169,0.0
0.17,0.0
0.171,0.0
0.172,0.0
0.173,0.0
0.174,0.0
0.175,0.0
0.176,0.0
0.177,0.0
0.178,0.0
0.179,0.0
0.18,0.0
0.181,0.0
0.182,0.0
0.183,0.0
0.184,0.0
0.185,0.0
0.186,0.0
0.187,0.0
0.188,0.0
0.189,0.0
0.19,0.0
0.191,0.0
0.192,0.0
0.193,0.0
0.194,0.0
0.195,0.0
0.196,0.0
0.197,0.0
0.198,0.0
0.199,0.0
0.2,0.0
0.201,0.0
0.202,0.0
0.203,0.0
0.204,0.0
0.205,0.0
0.206,0.0
0.207,0.0
0.208,0.0
0.209,0.0
0.21,0.0
0.211,0.0
0.212,0.0
0.213,0.0
0.214,0.0
0.215,0.0
0.216,0.0
0.217,0.0
0.218,0.0
0.219,0.0
0.22,0.0
0.221,0.0
0.222,0.0
0.223,0.0
0.224,0.0
0.225,0.0
0.226,0.0
0.227,0.0
0.228,0.0
0.229,0.0
0.23,0.0
0.231,0.0
0.232,0.0
0.233,0.0
0.234,0.0
0.235,0.0
0.236,0.0
0.237,0.0
0.238,0.0
0.239,0.0
0.24,0.0
0.241,0.0
0.242,0.0
0.243,0.0
0.244,0.0
0.245,0.0
0.246,0.0
0.247,0.0
0.248,0.0
0.249,0.0
0.25,0.0
0.251,0.0
0.252,0.0
0.253,0.0
0.254,0.0
0.255,0.0
0.256,0.0
0.257,0.0
0.258,0.0
0.259,0.0
0.26,0.0
0.261,0.0
0.262,0.0
0.263,0.0
0.264,0.0
0.265,0.0
0.266,0.0
0.267,0.0
0.268,0.0
0.269,0.0
0.27,0.0
0.271,0.0
0.272,0.0
0.273,0.0
0.274,0.0
0.275,0.0
0.276,0.0
0.277,0.0
0.278,0.0
0.279,0.0
0.28,0.0
0.281,0.0
0.282,0.0
0.283,0.0
0.284,0.0
0.285,0.0
0.286,0.0
0.287,0.0
0.288,0.0
0.289,0.0
0.29,0.0
0.291,0.0
0.292,0.0
0.293,0.0
0.294,0.0
0.295,0.0
0.296,0.0
0.297,0.0
0.298,0.0
0.299,0.0
0.3,0.0
0.301,0.0
0.302,0.0
0.303,0.0
0.304,0.0
0.305,0.0
0.306,0.0
0.307,0.0
0.308,0.0
0.309,0.0
0.31,0.0
0.311,0.0
0.312,0.0
0.313,0.0
0.314,0.0
0.315,0.0
0.316,0.0
0.317,0.0
0.318,0.0
0.319,0.0
0.32,0.0
0.321,0.0
0.322,0.0
0.323,0.0
0.324,0.0
0.325,0.0
0.326,0.0
0.327,0.0
0.328,0.0
0.329,0.0
0.33,0.0
0.331,0.0
0.332,0.0
0.333,0.0
0.334,0.0
0.335,0.0
0.336,0.0
0.337,0.0
0.338,0.0
0.339,0.0
0.34,0.0
0.341,0.0
0.342,0.0
0.343,0.0
0.344,0.0
0.345,0.0
0.346,0.0
0.347,0.0
0.348,0.0
0.349,0.0
0.35,0.0
0.351,0.0
0.352,0.0
0.353,0.0
0.354,0.0
0.355,0.0
0.356,0.0
0.357,0.0
0.358,0.0
0.359,0.0
0.36,0.0
0.361,0.0
0.362,0.0
0.363,0.0
0.364,0.0
0.365,0.0
0.366,0.0
0.367,0.0
0.368,0.0
0.369,0.0
0.37,0.0
0.371,0.0
0.372,0.0
0.373,0.0
0.374,0.0
0.375,0.0
0.376,0.0
0.377,0.0
0.378,0.0
0.379,0.0
0.38,0.0
0.381,0.0
0.382,0.0
0.383,0.0
0.384,0.0
0.385,0.0
0.386,0.0
0.387,0.0
0.388,0.0
0.389,0.0
0.39,0.0
0.391,0.0
0.392,0.0
0.393,0.0
0.394,0.0
0.395,0.0
0.396,0.0
0.397,0.0
0.398,0.0
0.399,0.0
0.4,0.0
0.401,0.0
0.402,0.0
0.403,0.0
0.404,0.0
0.405,0.0
0.406,0.0
0.407,0.0
0.408,0.0
0.409,0.0
0.41,0.0
0.411,0.0
0.412,0.0
0.413,0.0
0.414,0.0
0.415,0.0
0.416,0.0
0.417,0.0
0.418,0.0
0.419,0.0
0.42,0.0
0.421,0.0
0.422,0.0
0.423,0.0
0.424,0.0
0.425,0.0
0.426,0.0
0.427,0.0
0.428,0.0
0.429,0.0
0.43,0.0
0.431,0.0
0.432,0.0
0.433,0.0
0.434,0.0
0.435,0.0
0.436,0.0
0.437,0.0
0.438,0.0
0.439,0.0
0.44,0.0
0.441,0.0
0.442,0.0
0.443,0.0
0.444,0.0
0.445,0.0
0.446,0.0
0.447,0.0
0.448,0.0
0.449,0.0
0.45,0.0
0.451,0.0
0.452,0.0
0.453,0.0
0.454,0.0
0.455,0.0
0.456,0.0
0.457,0.0
0.458,0.0
0.459,0.0
0.46,0.0
0.461,0.0
0.462,0.0
0.463,0.0
0.464,0.0
0.465,0.0
0.466,0.0
0.467,0.0
0.468,0.0
0.469,0.0
0.47,0.0
0.471,0.0
0.472,0.0
0.473,0.0
0.474,0.0
0.475,0.0
0.476,0.0
0.477,0.0
0.478,0.0
0.479,0.0
0.48,0.0
0.481,0.0
0.482,0.0
0.483,0.0
0.484,0.0
0.485,0.0
0.486,0.0
0.487,0.0
0.488,0.0
0.489,0.0
0.49,0.0
0.491,0.0
0.492,0.0
0.493,0.0
0.494,0.0
0.495,0.0
0.496,0.0
0.497,0.0
0.498,0.0
0.499,0.0
0.5,0.0
0.501,0.0
0.502,0.0
0.503,0.0
0.504,0.0
0.505,0.0
0.506,0.0
0.507,0.0
0.508,0.0
0.509,0.0
0.51,0.0
0.511,0.0
0.512,0.0
0.513,0.0
0.514,0.0
0.515,0.0
0.516,0.0
0.517,0.0
0.518,0.0
0.519,0.0
0.52,0.0
0.521,0.0
0.522,0.0
0.523,0.0
0.524,0.0
0.525,0.0
0.526,0.0
0.527,0.0
0.528,0.0
0.529,0.0
0.53,0.0
0.531,0.0
0.532,0.0
0.533,0.0
0.534,0.0
0.535,0.0
0.536,0.0
0.537,0.0
0.538,0.0
0.539,0.0
0.54,0.0
0.541,0.0
0.542,0.0
0.543,0.0
0.544,0.0
0.545,0.0
0.546,0.0
0.547,0.0
0.548,0.0
0.549,0.0
0.55,0.0
0.551,0.0
0.552,0.0
0.553,0.0
0.554,0.0
0.555,0.0
0.556,0.0
0.557,0.0
0.558,0.0
0.559,0.0
0.56,0.0
0.561,0.0
0.562,0.0
0.563,0.0
0.564,0.0
0.565,0.0
0.566,0.0
0.567,0.0
0.568,0.0
0.569,0.0
0.57,0.0
0.571,0.0
0.572,0.0
0.573,0.0
0.574,0.0
0.575,0.0
0.576,0.0
0.577,0.0
0.578,0.0
0.579,0.0
0.58,0.0
0.581,0.0
0.582,0.0
0.583,0.0
0.584,0.0
0.585,0.0
0.586,0.0
0.587,0.0
0.588,0.0
0.589,0.0
0.59,0.0
0.591,0.0
0.592,0.0
0.593,0.0
0.594,0.0
0.595,0.0
0.596,0.0
0.597,0.0
0.598,0.0
0.599,0.0
0.6,0.0
0.601,0.0
0.602,0.0
0.603,0.0
0.604,0.0
0.605,0.0
0.606,0.0
0.607,0.0
0.608,0.0
0.609,0.0
0.61,0.0
0.611,0.0
0.612,0.0
0.613,0.0
0.614,0.0
0.615,0.0
0.616,0.0
0.617,0.0
0.618,0.0
0.619,0.0
0.62,0.0
0.621,0.0
0.622,0.0
0.623,0.0
0.624,0.0
0.625,0.0
0.626,0.0
0.627,0.0
0.628,0.0
0.629,0.0
0.63,0.0
0.631,0.0
0.632,0.0
0.633,0.0
0.634,0.0
0.635,0.0
0.636,0.0
0.637,0.0
0.638,0.0
0.639,0.0
0.64,0.0
0.641,0.0
0.642,0.0
0.643,0.0
0.644,0.0
0.645,0.0
0.646,0.0
0.647,0.0
0.648,0.0
0.649,0.0
0.65,0.0
0.651,0.0
0.652,0.0
0.653,0.0
0.654,0.0
0.655,0.0
0.656,0.0
0.657,0.0
0.658,0.0
0.659,0.0
0.66,0.0
0.661,0.0
0.662,0.0
0.663,0.0
0.664,0.0
0.665,0.0
0.666,0.0
0.667,0.0
0.668,0.0
0.669,0.0
0.67,0.0
0.671,0.0
0.672,0.0
0.673,0.0
0.674,0.0
0.675,0.0
0.676,0.0
0.677,0.0
0.678,0.0
0.679,0.0
0.68,0.0
0.681,0.0
0.682,0.0
0.683,0.0
0.684,0.0
0.685,0.0
0.686,0.0
0.687,0.0
0.688,0.0
0.689,0.0
0.69,0.0
0.691,0.0
0.692,0.0
0.693,0.0
0.694,0.0
0.695,0.0
0.696,0.0
0.697,0.0
0.698,0.0
0.699,0.0
0.7,0.0
0.701,0.0
0.702,0.0
0.703,0.0
0.704,0.0
0.705,0.0
0.706,0.0
0.707,0.0
0.708,0.0
0.709,0.0
0.71,0.0
0.711,0.0
0.712,0.0
0.713,0.0
0.714,0.0
0.715,0.0
0.716,0.0
0.717,0.0
0.718,0.0
0.719,0.0
0.72,0.0
0.721,0.0
0.722,0.0
0.723,0.0
0.724,0.0
0.725,0.0
0.726,0.0
0.727,0.0
0.728,0.0
0.729,0.0
0.73,0.0
0.731,0.0
0.732,0.0
0.733,0.0
0.734,0.0
0.735,0.0
0.736,0.0
0.737,0.0
0.738,0.0
0.739,0.0
0.74,0.0
0.741,0.0
0.742,0.0
0.743,0.0
0.744,0.0
0.745,0.0
0.746,0.0
0.747,0.0
0.748,0.0
0.749,0.0
0.75,0.0
0.751,0.0
0.752,0.0
0.753,0.0
0.754,0.0
0.755,0.0
0.756,0.0
0.757,0.0
0.758,0.0
0.759,0.0
0.76,0.0
0.761,0.0
0.762,0.0
0.763,0.0
0.764,0.0
0.765,0.0
0.766,0.0
0.767,0.0
0.768,0.0
0.769,0.0
0.77,0.0
0.771,0.0
0.772,0.0
0.773,0.0
0.774,0.0
0.775,0.0
0.776,0.0
0.777,0.0
0.778,0.0
0.779,0.0
0.78,0.0
0.781,0.0
0.782,0.0
0.783,0.0
0.784,0.0
0.785,0.0
0.786,0.0
0.787,0.0
0.788,0.0
0.789,0.0
0.79,0.0
0.791,0.0
0.792,0.0
0.793,0.0
0.794,0.0
0.795,0.0
0.796,0.0
0.797,0.0
0.798,0.0
0.799,0.0
0.8,0.0
0.801,0.0
0.802,0.0
0.803,0.0
0.804,0.0
0.805,0.0
0.806,0.0
0.807,0.0
0.808,0.0
0.809,0.0
0.81,0.0
0.811,0.0
0.812,0.0
0.813,0.0
0.814,0.0
0.815,0.0
0.816,0.0
0.817,0.0
0.818,0.0
0.819,0.0
0.82,0.0
0.821,0.0
0.822,0.0
0.823,0.0
0.824,0.0
0.825,0.0
0.826,0.0
0.827,0.0
0.828,0.0
0.829,0.0
0.83,0.0
0.831,0.0
0.832,0.0
0.833,0.0
0.834,0.0
0.835,0.0
0.836,0.0
0.837,0.0
0.838,0.0
0.839,0.0
0.84,0.0
0.841,0.0
0.842,0.0
0.843,0.0
0.844,0.0
0.845,0.0
0.846,0.0
0.847,0.0
0.848,0.0
0.849,0.0
0.85,0.0
0.851,0.0
0.852,0.0
0.853,0.0
0.854,0.0
0.855,0.0
0.856,0.0
0.857,0.0
0.858,0.0
0.859,0.0
0.86,0.0
0.861,0.0
0.862,0.0
0.863,0.0
0.864,0.0
0.865,0.0
0.866,0.0
0.867,0.0
0.868,0.0
0.869,0.0
0.87,0.0
0.871,0.0
0.872,0.0
0.873,0.0
0.874,0.0
0.875,0.0
0.876,0.0
0.877,0.0
0.878,0.0
0.879,0.0
0.88,0.0
0.881,0.0
0.882,0.0
0.883,0.0
0.884,0.0
0.885,0.0
0.886,0.0
0.887,0.0
0.888,0.0
0.889,0.0
0.89,0.0
0.891,0.0
0.892,0.0
0.893,0.0
0.894,0.0
0.895,0.0
0.896,0.0
0.897,0.0
0.898,0.0
0.899,0.0
0.9,0.0
0.901,0.0
0.902,0.0
0.903,0.0
0.904,0.0
0.905,0.0
0.906,0.0
0.907,0.0
0.908,0.0
0.909,0.0
0.91,0.0
0.911,0.0
0.912,0.0
0.913,0.0
0.914,0.0
0.915,0.0
0.916,0.0
0.917,0.0
0.918,0.0
0.919,0.0
0.92,0.0
0.921,0.0
0.922,0.0
0.923,0.0
0.924,0.0
0.925,0.0
0.926,0.0
0.927,0.0
0.928,0.0
0.929,0.0
0.93,0.0
0.931,0.0
0.932,0.0
0.933,0.0
0.934,0.0
0.935,0.0
0.936,0.0
0.937,0.0
0.938,0.0
0.939,0.0
0.94,0.0
0.941,0.0
0.942,0.0
0.943,0.0
0.944,0.0
0.945,0.0
0.946,0.0
0.947,0.0
0.948,0.0
0.949,0.0
0.95,0.0
0.951,0.0
0.952,0.0
0.953,0.0
0.954,0.0
0.955,0.0
0.956,0.0
0.957,0.0
0.958,0.0
0.959,0.0
0.96,0.0
0.961,0.0
0.962,0.0
0.963,0.0
0.964,0.0
0.965,0.0
0.966,0.0
0.967,0.0
0.968,0.0
0.969,0.0
0.97,0.0
0.971,0.0
0.972,0.0
0.973,0.0
0.974,0.0
0.975,0.0
0.976,0.0
0.977,0.0
0.978,0.0
0.979,0.0
0.98,0.0
0.981,0.0
0.982,0.0
0.983,0.0
0.984,0.0
0.985,0.0
0.986,0.0
0.987,0.0
0.988,0.0
0.989,0.0
0.99,0.0
0.991,0.0
0.992,0.0
0.993,0.0
0.994,0.0
0.995,0.0
0.996,0.0
0.997,0.0
0.998,0.0
0.999,0.0
1.0,0.0
1.001,0.0
1.002,0.0
1.003,0.0
1.004,0.0
1.005,0.0
1.006,0.0
1.007,0.0
1.008,0.0
1.009,0.0
1.01,0.0
1.011,0.0
1.012,0.0
1.013,0.0
1.014,0.0
1.015,0.0
1.016,0.0
1.017,0.0
1.018,0.0
1.019,0.0
1.02,0.0
1.021,0.0
1.022,0.0
1.023,0.0
1.024,0.0
1.025,0.0
1.026,0.0
1.027,0.0
1.028,0.0
1.029,0.0
1.03,0.0
1.031,0.0
1.032,0.0
1.033,0.0
1.034,0.0
1.035,0.0
1.036,0.0
1.037,0.0
1.038,0.0
1.039,0.0
1.04,0.0
1.041,0.0
1.042,0.0
1.043,0.0
1.044,0.0
1.045,0.0
1.046,0.0
1.047,0.0
1.048,0.0
1.049,0.0
1.05,0.0
1.051,0.0
1.052,0.0
1.053,0.0
1.054,0.0
1.055,0.0
1.056,0.0
1.057,0.0
1.058,0.0
1.059,0.0
1.06,0.0
1.061,0.0
1.062,0.0
1.063,0.0
1.064,0.0
1.065,0.0
1.066,0.0
1.067,0.0
1.068,0.0
1.069,0.0
1.07,0.0
1.071,0.0
1.072,0.0
1.073,0.0
1.074,0.0
1.075,0.0
1.076,0.0
1.077,0.0
1.078,0.0
1.079,0.0
1.08,0.0
1.081,0.0
1.082,0.0
1.083,0.0
1.084,0.0
1.085,0.0
1.086,0.0
1.087,0.0
1.088,0.0
1.089,0.0
1.09,0.0
1.091,0.0
1.092,0.0
1.093,0.0
1.094,0.0
1.095,0.0
1.096,0.0
1.097,0.0
1.098,0.0
1.099,0.0
1.1,0.0
1.101,0.0
1.102,0.0
1.103,0.0
1.104,0.0
1.105,0.0
1.106,0.0
1.107,0.0
1.108,0.0
1.109,0.0
1.11,0.0
1.111,0.0
1.112,0.0
1.113,0.0
1.114,0.0
1.115,0.0
1.116,0.0
1.117,0.0
1.118,0.0
1.119,0.0
1.12,0.0
1.121,0.0
1.122,0.0
1.123,0.0
1.124,0.0
1.125,0.0
1.126,0.0
1.127,0.0
1.128,0.0
1.129,0.0
1.13,0.0
1.131,0.0
1.132,0.0
1.133,0.0
1.134,0.0
1.135,0.0
1.136,0.0
1.137,0.0
1.138,0.0
1.139,0.0
1.14,0.0
1.141,0.0
1.142,0.0
1.143,0.0
1.144,0.0
1.145,0.0
1.146,0.0
1.147,0.0
1.148,0.0
1.149,0.0
1.15,0.0
1.151,0.0
1.152,0.0
1.153,0.0
1.154,0.0
1.155,0.0
1.156,0.0
1.157,0.0
1.158,0.0
1.159,0.0
1.16,0.0
1.161,0.0
1.162,0.0
1.163,0.0
1.164,0.0
1.165,0.0
1.166,0.0
1.167,0.0
1.168,0.0
1.169,0.0
1.17,0.0
1.171,0.0
1.172,0.0
1.173,0.0
1.174,0.0
1.175,0.0
1.176,0.0
1.177,0.0
1.178,0.0
1.179,0.0
1.18,0.0
1.181,0.0
1.182,0.0
1.183,0.0
1.184,0.0
1.185,0.0
1.186,0.0
1.187,0.0
1.188,0.0
1.189,0.0
1.19,0.0
1.191,0.0
1.192,0.0
1.193,0.0
1.194,0.0
1.195,0.0
1.196,0.0
1.197,0.0
1.198,0.0
1.199,0.0
1.2,0.0
1.201,0.0
1.202,0.0
1.203,0.0
1.204,0.0
1.205,0.0
1.206,0.0
1.207,0.0
1.208,0.0
1.209,0.0
1.21,0.0
1.211,0.0
1.212,0.0
1.213,0.0
1.214,0.0
1.215,0.0
1.216,0.0
1.217,0.0
1.218,0.0
1.219,0.0
1.22,0.0
1.221,0.0
1.222,0.0
1.223,0.0
1.224,0.0
1.225,0.0
1.226,0.0
1.227,0.0
1.228,0.0
1.229,0.0
1.23,0.0
1.231,0.0
1.232,0.0
1.233,0.0
1.234,0.0
1.235,0.0
1.236,0.0
1.237,0.0
1.238,0.0
1.239,0.0
1.24,0.0
1.241,0.0
1.242,0.0
1.243,0.0
1.244,0.0
1.245,0.0
1.246,0.0
1.247,0.0
1.248,0.0
1.249,0.0
1.25,0.0
1.251,0.0
1.252,0.0
1.253,0.0
1.254,0.0
1.255,0.0
1.256,0.0
1.257,0.0
1.258,0.0
1.259,0.0
1.26,0.0
1.261,0.0
1.262,0.0
1.263,0.0
1.264,0.0
1.265,0.0
1.266,0.0
1.267,0.0
1.268,0.0
1.269,0.0
1.27,0.0
1.271,0.0
1.272,0.0
1.273,0.0
1.274,0.0
1.275,0.0
1.276,0.0
1.277,0.0
1.278,0.0
1.279,0.0
1.28,0.0
1.281,0.0
1.282,0.0
1.283,0.0
1.284,0.0
1.285,0.0
1.286,0.0
1.287,0.0
1.288,0.0
1.289,0.0
1.29,0.0
1.291,0.0
1.292,0.0
1.293,0.0
1.294,0.0
1.295,0.0
1.296,0.0
1.297,0.0
1.298,0.0
1.299,0.0
1.3,0.0
1.301,0.0
1.302,0.0
1.303,0.0
1.304,0.0
1.305,0.0
1.306,0.0
1.307,0.0
1.308,0.0
1.309,0.0
1.31,0.0
1.311,0.0
1.312,0.0
1.313,0.0
1.314,0.0
1.315,0.0
1.316,0.0
1.317,0.0
1.318,0.0
1.319,0.0
1.32,0.0
1.321,0.0
1.322,0.0
1.323,0.0
1.324,0.0
1.325,0.0
1.326,0.0
1.327,0.0
1.328,0.0
1.329,0.0
1.33,0.0
1.331,0.0
1.332,0.0
1.333,0.0
1.334,0.0
1.335,0.0
1.336,0.0
1.337,0.0
1.338,0.0
1.339,0.0
1.34,0.0
1.341,0.0
1.342,0.0
1.343,0.0
1.344,0.0
1.345,0.0
1.346,0.0
1.347,0.0
1.348,0.0
1.349,0.0
1.35,0.0
1.351,0.0
1.352,0.0
1.353,0.0
1.354,0.0
1.355,0.0
1.356,0.0
1.357,0.0
1.358,0.0
1.359,0.0
1.36,0.0
1.361,0.0
1.362,0.0
1.363,0.0
1.364,0.0
1.365,0.0
1.366,0.0
1.367,0.0
1.368,0.0
1.369,0.0
1.37,0.0
1.371,0.0
1.372,0.0
1.373,0.0
1.374,0.0
1.375,0.0
1.376,0.0
1.377,0.0
1.378,0.0
1.379,0.0
1.38,0.0
1.381,0.0
1.382,0.0
1.383,0.0
1.384,0.0
1.385,0.0
1.386,0.0
1.387,0.0
1.388,0.0
1.389,0.0
1.39,0.0
1.391,0.0
1.392,0.0
1.393,0.0
1.394,0.0
1.395,0.0
1.396,0.0
1.397,0.0
1.398,0.0
1.399,0.0
1.4,0.0
1.401,0.0
1.402,0.0
1.403,0.0
1.404,0.0
1.405,0.0
1.406,0.0
1.407,0.0
1.408,0.0
1.409,0.0
1.41,0.0
1.411,0.0
1.412,0.0
1.413,0.0
1.414,0.0
1.415,0.0
1.416,0.0
1.417,0.0
1.418,0.0
1.419,0.0
1.42,0.0
1.421,0.0
1.422,0.0
1.423,0.0
1.424,0.0
1.425,0.0
1.426,0.0
1.427,0.0
1.428,0.0
1.429,0.0
1.43,0.0
1.431,0.0
1.432,0.0
1.433,0.0
1.434,0.0
1.435,0.0
1.436,0.0
1.437,0.0
1.438,0.0
1.439,0.0
1.44,0.0
1.441,0.0
1.442,0.0
1.443,0.0
1.444,0.0
1.445,0.0
1.446,0.0
1.447,0.0
1.448,0.0
1.449,0.0
1.45,0.0
1.451,0.0
1.452,0.0
1.453,0.0
1.454,0.0
1.455,0.0
1.456,0.0
1.457,0.0
1.458,0.0
1.459,0.0
1.46,0.0
1.461,0.0
1.462,0.0
1.463,0.0
1.464,0.0
1.465,0.0
1.466,0.0
1.467,0.0
1.468,0.0
1.469,0.0
1.47,0.0
1.471,0.0
1.472,0.0
1.473,0.0
1.474,0.0
1.475,0.0
1.476,0.0
1.477,0.0
1.478,0.0
1.479,0.0
1.48,0.0
1.481,0.0
1.482,0.0
1.483,0.0
1.484,0.0
1.485,0.0
1.486,0.0
1.487,0.0
1.488,0.0
1.489,0.0
1.49,0.0
1.491,0.0
1.492,0.0
1.493,0.0
1.494,0.0
1.495,0.0
1.496,0.0
1.497,0.0
1.498,0.0
1.499,0.0
1.5,0.0
1.501,0.0
1.502,0.0
1.503,0.0
1.504,0.0
1.505,0.0
1.506,0.0
1.507,0.0
1.508,0.0
1.509,0.0
1.51,0.0
1.511,0.0
1.512,0.0
1.513,0.0
1.514,0.0
1.515,0.0
1.516,0.0
1.517,0.0
1.518,0.0
1.519,0.0
1.52,0.0
1.521,0.0
1.522,0.0
1.523,0.0
1.524,0.0
1.525,0.0
1.526,0.0
1.527,0.0
1.528,0.0
1.529,0.0
1.53,0.0
1.531,0.0
1.532,0.0
1.533,0.0
1.534,0.0
1.535,0.0
1.536,0.0
1.537,0.0
1.538,0.0
1.539,0.0
1.54,0.0
1.541,0.0
1.542,0.0
1.543,0.0
1.544,0.0
1.545,0.0
1.546,0.0
1.547,0.0
1.548,0.0
1.549,0.0
1.55,0.0
1.551,0.0
1.552,0.0
1.553,0.0
1.554,0.0
1.555,0.0
1.556,0.0
1.557,0.0
1.558,0.0
1.559,0.0
1.56,0.0
1.561,0.0
1.562,0.0
1.563,0.0
1.564,0.0
1.565,0.0
1.566,0.0
1.567,0.0
1.568,0.0
1.569,0.0
1.57,0.0
1.571,0.0
1.572,0.0
1.573,0.0
1.574,0.0
1.575,0.0
1.576,0.0
1.577,0.0
1.578,0.0
1.579,0.0
1.58,0.0
1.581,0.0
1.582,0.0
1.583,0.0
1.584,0.0
1.585,0.0
1.586,0.0
1.587,0.0
1.588,0.0
1.589,0.0
1.59,0.0
1.591,0.0
1.592,0.0
1.593,0.0
1.594,0.0
1.595,0.0
1.596,0.0
1.597,0.0
1.598,0.0
1.599,0.0
1.6,0.0
1.601,0.0
1.602,0.0
1.603,0.0
1.604,0.0
1.605,0.0
1.606,0.0
1.607,0.0
1.608,0.0
1.609,0.0
1.61,0.0
1.611,0.0
1.612,0.0
1.613,0.0
1.614,0.0
1.615,0.0
1.616,0.0
1.617,0.0
1.618,0.0
1.619,0.0
1.62,0.0
1.621,0.0
1.622,0.0
1.623,0.0
1.624,0.0
1.625,0.0
1.626,0.0
1.627,0.0
1.628,0.0
1.629,0.0
1.63,0.0
1.631,0.0
1.632,0.0
1.633,0.0
1.634,0.0
1.635,0.0
1.636,0.0
1.637,0.0
1.638,0.0
1.639,0.0
1.64,0.0
1.641,0.0
1.642,0.0
1.643,0.0
1.644,0.0
1.645,0.0
1.646,0.0
1.647,0.0
1.648,0.0
1.649,0.0
1.65,0.0
1.651,0.0
1.652,0.0
1.653,0.0
1.654,0.0
1.655,0.0
1.656,0.0
1.657,0.0
1.658,0.0
1.659,0.0
1.66,0.0
1.661,0.0
1.662,0.0
1.663,0.0
1.664,0.0
1.665,0.0
1.666,0.0
1.667,0.0
1.668,0.0
1.669,0.0
1.67,0.0
1.671,0.0
1.672,0.0
1.673,0.0
1.674,0.0
1.675,0.0
1.676,0.0
1.677,0.0
1.678,0.0
1.679,0.0
1.68,0.0
1.681,0.0
1.682,0.0
1.683,0.0
1.684,0.0
1.685,0.0
1.686,0.0
1.687,0.0
1.688,0.0
1.689,0.0
1.69,0.0
1.691,0.0
1.692,0.0
1.693,0.0
1.694,0.0
1.695,0.0
1.696,0.0
1.697,0.0
1.698,0.0
1.699,0.0
1.7,0.0
1.701,0.0
1.702,0.0
1.703,0.0
1.704,0.0
1.705,0.0
1.706,0.0
1.707,0.0
1.708,0.0
1.709,0.0
1.71,0.0
1.711,0.0
1.712,0.0
1.713,0.0
1.714,0.0
1.715,0.0
1.716,0.0
1.717,0.0
1.718,0.0
1.719,0.0
1.72,0.0
1.721,0.0
1.722,0.0
1.723,0.0
1.724,0.0
1.725,0.0
1.726,0.0
1.727,0.0
1.728,0.0
1.729,0.0
1.73,0.0
1.731,0.0
1.732,0.0
1.733,0.0
1.734,0.0
1.735,0.0
1.736,0.0
1.737,0.0
1.738,0.0
1.739,0.0
1.74,0.0
1.741,0.0
1.742,0.0
1.743,0.0
1.744,0.0
1.745,0.0
1.746,0.0
1.747,0.0
1.748,0.0
1.749,0.0
1.75,0.0
1.751,0.0
1.752,0.0
1.753,0.0
1.754,0.0
1.755,0.0
1.756,0.0
1.757,0.0
1.758,0.0
1.759,0.0
1.76,0.0
1.761,0.0
1.762,0.0
1.763,0.0
1.764,0.0
1.765,0.0
1.766,0.0
1.767,0.0
1.768,0.0
1.769,0.0
1.77,0.0
1.771,0.0
1.772,0.0
1.773,0.0
1.774,0.0
1.775,0.0
1.776,0.0
1.777,0.0
1.778,0.0
1.779,0.0
1.78,0.0
1.781,0.0
1.782,0.0
1.783,0.0
1.784,0.0
1.785,0.0
1.786,0.0
1.787,0.0
1.788,0.0
1.789,0.0
1.79,0.0
1.791,0.0
1.792,0.0
1.793,0.0
1.794,0.0
1.795,0.0
1.796,0.0
1.797,0.0
1.798,0.0
1.799,0.0
1.8,0.0
1.801,0.0
1.802,0.0
1.803,0.0
1.804,0.0
1.805,0.0
1.806,0.0
1.807,0.0
1.808,0.0
1.809,0.0
1.81,0.0
1.811,0.0
1.812,0.0
1.813,0.0
1.814,0.0
1.815,0.0
1.816,0.0
1.817,0.0
1.818,0.0
1.819,0.0
1.82,0.0
1.821,0.0
1.822,0.0
1.823,0.0
1.824,0.0
1.825,0.0
1.826,0.0
1.827,0.0
1.828,0.0
1.829,0.0
1.83,0.0
1.831,0.0
1.832,0.0
1.833,0.0
1.834,0.0
1.835,0.0
1.836,0.0
1.837,0.0
1.838,0.0
1.839,0.0
1.84,0.0
1.841,0.0
1.842,0.0
1.843,0.0
1.844,0.0
1.845,0.0
1.846,0.0
1.847,0.0
1.848,0.0
1.849,0.0
1.85,0.0
1.851,0.0
1.852,0.0
1.853,0.0
1.854,0.0
1.855,0.0
1.856,0.0
1.857,0.0
1.858,0.0
1.859,0.0
1.86,0.0
1.861,0.0
1.862,0.0
1.863,0.0
1.864,0.0
1.865,0.0
1.866,0.0
1.867,0.0
1.868,0.0
1.869,0.0
1.87,0.0
1.871,0.0
1.872,0.0
1.873,0.0
1.874,0.0
1.875,0.0
1.876,0.0
1.877,0.0
1.878,0.0
1.879,0.0
1.88,0.0
1.881,0.0
1.882,0.0
1.883,0.0
1.884,0.0
1.885,0.0
1.886,0.0
1.887,0.0
1.888,0.0
1.889,0.0
1.89,0.0
1.891,0.0
1.892,0.0
1.893,0.0
1.894,0.0
1.895,0.0
1.896,0.0
1.897,0.0
1.898,0.0
1.899,0.0
1.9,0.0
1.901,0.0
1.902,0.0
1.903,0.0
1.904,0.0
1.905,0.0
1.906,0.0
1.907,0.0
1.908,0.0
1.909,0.0
1.91,0.0
1.911,0.0
1.912,0.0
1.913,0.0
1.914,0.0
1.915,0.0
1.916,0.0
1.917,0.0
1.918,0.0
1.919,0.0
1.92,0.0
1.921,0.0
1.922,0.0
1.923,0.0
1.924,0.0
1.925,0.0
1.926,0.0
1.927,0.0
1.928,0.0
1.929,0.0
1.93,0.0
1.931,0.0
1.932,0.0
1.933,0.0
1.934,0.0
1.935,0.0
1.936,0.0
1.937,0.0
1.938,0.0
1.939,0.0
1.94,0.0
1.941,0.0
1.942,0.0
1.943,0.0
1.944,0.0
1.945,0.0
1.946,0.0
1.947,0.0
1.948,0.0
1.949,0.0
1.95,0.0
1.951,0.0
1.952,0.0
1.953,0.0
1.954,0.0
1.955,0.0
1.956,0.0
1.957,0.0
1.958,0.0
1.959,0.0
1.96,0.0
1.961,0.0
1.962,0.0
1.963,0.0
1.964,0.0
1.965,0.0
1.966,0.0
1.967,0.0
1.968,0.0
1.969,0.0
1.97,0.0
1.971,0.0
1.972,0.0
1.973,0.0
1.974,0.0
1.975,0.0
1.976,0.0
1.977,0.0
1.978,0.0
1.979,0.0
1.98,0.0
1.981,0.0
1.982,0.0
1.983,0.0
1.984,0.0
1.985,0.0
1.986,0.0
1.987,0.0
1.988,0.0
1.989,0.0
1.99,0.0
1.991,0.0
1.992,0.0
1.993,0.0
1.994,0.0
1.995,0.0
1.996,0.0
1.997,0.0
1.998,0.0
1.999,0.0
2.0,0.0
2.001,0.0
2.002,0.0
2.003,0.0
2.004,0.0
2.005,0.0
2.006,0.0
2.007,0.0
2.008,0.0
2.009,0.0
2.01,0.0
2.011,0.0
2.012,0.0
2.013,0.0
2.014,0.0
2.015,0.0
2.016,0.0
2.017,0.0
2.018,0.0
2.019,0.0
2.02,0.0
2.021,0.0
2.022,0.0
2.023,0.0
2.024,0.0
2.025,0.0
2.026,0.0
2.027,0.0
2.028,0.0
2.029,0.0
2.03,0.0
2.031,0.0
2.032,0.0
2.033,0.0
2.034,0.0
2.035,0.0
2.036,0.0
2.037,0.0
2.038,0.0
2.039,0.0
2.04,0.0
2.041,0.0
2.042,0.0
2.043,0.0
2.044,0.0
2.045,0.0
2.046,0.0
2.047,0.0
2.048,0.0
2.049,0.0
2.05,0.0
2.051,0.0
2.052,0.0
2.053,0.0
2.054,0.0
2.055,0.0
2.056,0.0
2.057,0.0
2.058,0.0
2.059,0.0
2.06,0.0
2.061,0.0
2.062,0.0
2.063,0.0
2.064,0.0
2.065,0.0
2.066,0.0
2.067,0.0
2.068,0.0
2.069,0.0
2.07,0.0
2.071,0.0
2.072,0.0
2.073,0.0
2.074,0.0
2.075,0.0
2.076,0.0
2.077,0.0
2.078,0.0
2.079,0.0
2.08,0.0
2.081,0.0
2.082,0.0
2.083,0.0
2.084,0.0
2.085,0.0
2.086,0.0
2.087,0.0
2.088,0.0
2.089,0.0
2.09,0.0
2.091,0.0
2.092,0.0
2.093,0.0
2.094,0.0
2.095,0.0
2.096,0.0
2.097,0.0
2.098,0.0
2.099,0.0
2.1,0.0
2.101,0.0
2.102,0.0
2.103,0.0
2.104,0.0
2.105,0.0
2.106,0.0
2.107,0.0
2.108,0.0
2.109,0.0
2.11,0.0
2.111,0.0
2.112,0.0
2.113,0.0
2.114,0.0
2.115,0.0
2.116,0.0
2.117,0.0
2.118,0.0
2.119,0.0
2.12,0.0
2.121,0.0
2.122,0.0
2.123,0.0
2.124,0.0
2.125,0.0
2.126,0.0
2.127,0.0
2.128,0.0
2.129,0.0
2.13,0.0
2.131,0.0
2.132,0.0
2.133,0.0
2.134,0.0
2.135,0.0
2.136,0.0
2.137,0.0
2.138,0.0
2.139,0.0
2.14,0.0
2.141,0.0
2.142,0.0
2.143,0.0
2.144,0.0
2.145,0.0
2.146,0.0
2.147,0.0
2.148,0.0
2.149,0.0
2.15,0.0
2.151,0.0
2.152,0.0
2.153,0.0
2.154,0.0
2.155,0.0
2.156,0.0
2.157,0.0
2.158,0.0
2.159,0.0
2.16,0.0
2.161,0.0
2.162,0.0
2.163,0.0
2.164,0.0
2.165,0.0
2.166,0.0
2.167,0.0
2.168,0.0
2.169,0.0
2.17,0.0
2.171,0.0
2.172,0.0
2.173,0.0
2.174,0.0
2.175,0.0
2.176,0.0
2.177,0.0
2.178,0.0
2.179,0.0
2.18,0.0
2.181,0.0
2.182,0.0
2.183,0.0
2.184,0.0
2.185,0.0
2.186,0.0
2.187,0.0
2.188,0.0
2.189,0.0
2.19,0.0
2.191,0.0
2.192,0.0
2.193,0.0
2.194,0.0
2.195,0.0
2.196,0.0
2.197,0.0
2.198,0.0
2.199,0.0
2.2,0.0
2.201,0.0
2.202,0.0
2.203,0.0
2.204,0.0
2.205,0.0
2.206,0.0
2.207,0.0
2.208,0.0
2.209,0.0
2.21,0.0
2.211,0.0
2.212,0.0
2.213,0.0
2.214,0.0
2.215,0.0
2.216,0.0
2.217,0.0
2.218,0.0
2.219,0.0
2.22,0.0
2.221,0.0
2.222,0.0
2.223,0.0
2.224,0.0
2.225,0.0
2.226,0.0
2.227,0.0
2.228,0.0
2.229,0.0
2.23,0.0
2.231,0.0
2.232,0.0
2.233,0.0
2.234,0.0
2.235,0.0
2.236,0.0
2.237,0.0
2.238,0.0
2.239,0.0
2.24,0.0
2.241,0.0
2.242,0.0
2.243,0.0
2.244,0.0
2.245,0.0
2.246,0.0
2.247,0.0
2.248,0.0
2.249,0.0
2.25,0.0
2.251,0.0
2.252,0.0
2.253,0.0
2.254,0.0
2.255,0.0
2.256,0.0
2.257,0.0
2.258,0.0
2.259,0.0
2.26,0.0
2.261,0.0
2.262,0.0
2.263,0.0
2.264,0.0
2.265,0.0
2.266,0.0
2.267,0.0
2.268,0.0
2.269,0.0
2.27,0.0
2.271,0.0
2.272,0.0
2.273,0.0
2.274,0.0
2.275,0.0
2.276,0.0
2.277,0.0
2.278,0.0
2.279,0.0
2.28,0.0
2.281,0.0
2.282,0.0
2.283,0.0
2.284,0.0
2.285,0.0
2.286,0.0
2.287,0.0
2.288,0.0
2.289,0.0
2.29,0.0
2.291,0.0
2.292,0.0
2.293,0.0
2.294,0.0
2.295,0.0
2.296,0.0
2.297,0.0
2.298,0.0
2.299,0.0
2.3,0.0
2.301,0.0
2.302,0.0
2.303,0.0
2.304,0.0
2.305,0.0
2.306,0.0
2.307,0.0
2.308,0.0
2.309,0.0
2.31,0.0
2.311,0.0
2.312,0.0
2.313,0.0
2.314,0.0
2.315,0.0
2.316,0.0
2.317,0.0
2.318,0.0
2.319,0.0
2.32,0.0
2.321,0.0
2.322,0.0
2.323,0.0
2.324,0.0
2.325,0.0
2.326,0.0
2.327,0.0
2.328,0.0
2.329,0.0
2.33,0.0
2.331,0.0
2.332,0.0
2.333,0.0
2.334,0.0
2.335,0.0
2.336,0.0
2.337,0.0
2.338,0.0
2.339,0.0
2.34,0.0
2.341,0.0
2.342,0.0
2.343,0.0
2.344,0.0
2.345,0.0
2.346,0.0
2.347,0.0
2.348,0.0
2.349,0.0
2.35,0.0
2.351,0.0
2.352,0.0
2.353,0.0
2.354,0.0
2.355,0.0
2.356,0.0
2.357,0.0
2.358,0.0
2.359,0.0
2.36,0.0
2.361,0.0
2.362,0.0
2.363,0.0
2.364,0.0
2.365,0.0
2.366,0.0
2.367,0.0
2.368,0.0
2.369,0.0
2.37,0.0
2.371,0.0
2.372,0.0
2.373,0.0
2.374,0.0
2.375,0.0
2.376,0.0
2.377,0.0
2.378,0.0
2.379,0.0
2.38,0.0
2.381,0.0
2.382,0.0
2.383,0.0
2.384,0.0
2.385,0.0
2.386,0.0
2.387,0.0
2.388,0.0
2.389,0.0
2.39,0.0
2.391,0.0
2.392,0.0
2.393,0.0
2.394,0.0
2.395,0.0
2.396,0.0
2.397,0.0
2.398,0.0
2.399,0.0
2.4,0.0
2.401,0.0
2.402,0.0
2.403,0.0
2.404,0.0
2.405,0.0
2.406,0.0
2.407,0.0
2.408,0.0
2.409,0.0
2.41,0.0
2.411,0.0
2.412,0.0
2.413,0.0
2.414,0.0
2.415,0.0
2.416,0.0
2.417,0.0
2.418,0.0
2.419,0.0
2.42,0.0
2.421,0.0
2.422,0.0
2.423,0.0
2.424,0.0
2.425,0.0
2.426,0.0
2.427,0.0
2.428,0.0
2.429,0.0
2.43,0.0
2.431,0.0
2.432,0.0
2.433,0.0
2.434,0.0
2.435,0.0
2.436,0.0
2.437,0.0
2.438,0.0
2.439,0.0
2.44,0.0
2.441,0.0
2.442,0.0
2.443,0.0
2.444,0.0
2.445,0.0
2.446,0.0
2.447,0.0
2.448,0.0
2.449,0.0
2.45,0.0
2.451,0.0
2.452,0.0
2.453,0.0
2.454,0.0
2.455,0.0
2.456,0.0
2.457,0.0
2.458,0.0
2.459,0.0
2.46,0.0
2.461,0.0
2.462,0.0
2.463,0.0
2.464,0.0
2.465,0.0
2.466,0.0
2.467,0.0
2.468,0.0
2.469,0.0
2.47,0.0
2.471,0.0
2.472,0.0
2.473,0.0
2.474,0.0
2.475,0.0
2.476,0.0
2.477,0.0
2.478,0.0
2.479,0.0
2.48,0.0
2.481,0.0
2.482,0.0
2.483,0.0
2.484,0.0
2.485,0.0
2.486,0.0
2.487,0.0
2.488,0.0
2.489,0.0
2.49,0.0
2.491,0.0
2.492,0.0
2.493,0.0
2.494,0.0
2.495,0.0
2.496,0.0
2.497,0.0
2.498,0.0
2.499,0.0
2.5,0.0
2.501,0.0
2.502,0.0
2.503,0.0
2.504,0.0
2.505,0.0
2.506,0.0
2.507,0.0
2.508,0.0
2.509,0.0
2.51,0.0
2.511,0.0
2.512,0.0
2.513,0.0
2.514,0.0
2.515,0.0
2.516,0.0
2.517,0.0
2.518,0.0
2.519,0.0
2.52,0.0
2.521,0.0
2.522,0.0
2.523,0.0
2.524,0.0
2.525,0.0
2.526,0.0
2.527,0.0
2.528,0.0
2.529,0.0
2.53,0.0
2.531,0.0
2.532,0.0
2.533,0.0
2.534,0.0
2.535,0.0
2.536,0.0
2.537,0.0
2.538,0.0
2.539,0.0
2.54,0.0
2.541,0.0
2.542,0.0
2.543,0.0
2.544,0.0
2.545,0.0
2.546,0.0
2.547,0.0
2.548,0.0
2.549,0.0
2.55,0.0
2.551,0.0
2.552,0.0
2.553,0.0
2.554,0.0
2.555,0.0
2.556,0.0
2.557,0.0
2.558,0.0
2.559,0.0
2.56,0.0
2.561,0.0
2.562,0.0
2.563,0.0
2.564,0.0
2.565,0.0
2.566,0.0
2.567,0.0
2.568,0.0
2.569,0.0
2.57,0.0
2.571,0.0
2.572,0.0
2.573,0.0
2.574,0.0
2.575,0.0
2.576,0.0
2.577,0.0
2.578,0.0
2.579,0.0
2.58,0.0
2.581,0.0
2.582,0.0
2.583,0.0
2.584,0.0
2.585,0.0
2.586,0.0
2.587,0.0
2.588,0.0
2.589,0.0
2.59,0.0
2.591,0.0
2.592,0.0
2.593,0.0
2.594,0.0
2.595,0.0
2.596,0.0
2.597,0.0
2.598,0.0
2.599,0.0
2.6,0.0
2.601,0.0
2.602,0.0
2.603,0.0
2.604,0.0
2.605,0.0
2.606,0.0
2.607,0.0
2.608,0.0
2.609,0.0
2.61,0.0
2.611,0.0
2.612,0.0
2.613,0.0
2.614,0.0
2.615,0.0
2.616,0.0
2.617,0.0
2.618,0.0
2.619,0.0
2.62,0.0
2.621,0.0
2.622,0.0
2.623,0.0
2.624,0.0
2.625,0.0
2.626,0.0
2.627,0.0
2.628,0.0
2.629,0.0
2.63,0.0
2.631,0.0
2.632,0.0
2.633,0.0
2.634,0.0
2.635,0.0
2.636,0.0
2.637,0.0
2.638,0.0
2.639,0.0
2.64,0.0
2.641,0.0
2.642,0.0
2.643,0.0
2.644,0.0
2.645,0.0
2.646,0.0
2.647,0.0
2.648,0.0
2.649,0.0
2.65,0.0
2.651,0.0
2.652,0.0
2.653,0.0
2.654,0.0
2.655,0.0
2.656,0.0
2.657,0.0
2.658,0.0
2.659,0.0
2.66,0.0
2.661,0.0
2.662,0.0
2.663,0.0
2.664,0.0
2.665,0.0
2.666,0.0
2.667,0.0
2.668,0.0
2.669,0.0
2.67,0.0
2.671,0.0
2.672,0.0
2.673,0.0
2.674,0.0
2.675,0.0
2.676,0.0
2.677,0.0
2.678,0.0
2.679,0.0
2.68,0.0
2.681,0.0
2.682,0.0
2.683,0.0
2.684,0.0
2.685,0.0
2.686,0.0
2.687,0.0
2.688,0.0
2.689,0.0
2.69,0.0
2.691,0.0
2.692,0.0
2.693,0.0
2.694,0.0
2.695,0.0
2.696,0.0
2.697,0.0
2.698,0.0
2.699,0.0
2.7,0.0
2.701,0.0
2.702,0.0
2.703,0.0
2.704,0.0
2.705,0.0
2.706,0.0
2.707,0.0
2.708,0.0
2.709,0.0
2.71,0.0
2.711,0.0
2.712,0.0
2.713,0.0
2.714,0.0
2.715,0.0
2.716,0.0
2.717,0.0
2.718,0.0
2.719,0.0
2.72,0.0
2.721,0.0
2.722,0.0
2.723,0.0
2.724,0.0
2.725,0.0
2.726,0.0
2.727,0.0
2.728,0.0
2.729,0.0
2.73,0.0
2.731,0.0
2.732,0.0
2.733,0.0
2.734,0.0
2.735,0.0
2.736,0.0
2.737,0.0
2.738,0.0
2.739,0.0
2.74,0.0
2.741,0.0
2.742,0.0
2.743,0.0
2.744,0.0
2.745,0.0
2.746,0.0
2.747,0.0
2.748,0.0
2.749,0.0
2.75,0.0
2.751,0.0
2.752,0.0
2.753,0.0
2.754,0.0
2.755,0.0
2.756,0.0
2.757,0.0
2.758,0.0
2.759,0.0
2.76,0.0
2.761,0.0
2.762,0.0
2.763,0.0
2.764,0.0
2.765,0.0
2.766,0.0
2.767,0.0
2.768,0.0
2.769,0.0
2.77,0.0
2.771,0.0
2.772,0.0
2.773,0.0
2.774,0.0
2.775,0.0
2.776,0.0
2.777,0.0
2.778,0.0
2.779,0.0
2.78,0.0
2.781,0.0
2.782,0.0
2.783,0.0
2.784,0.0
2.785,0.0
2.786,0.0
2.787,0.0
2.788,0.0
2.789,0.0
2.79,0.0
2.791,0.0
2.792,0.0
2.793,0.0
2.794,0.0
2.795,0.0
2.796,0.0
2.797,0.0
2.798,0.0
2.799,0.0
2.8,0.0
2.801,0.0
2.802,0.0
2.803,0.0
2.804,0.0
2.805,0.0
2.806,0.0
2.807,0.0
2.808,0.0
2.809,0.0
2.81,0.0
2.811,0.0
2.812,0.0
2.813,0.0
2.814,0.0
2.815,0.0
2.816,0.0
2.817,0.0
2.818,0.0
2.819,0.0
2.82,0.0
2.821,0.0
2.822,0.0
2.823,0.0
2.824,0.0
2.825,0.0
2.826,0.0
2.827,0.0
2.828,0.0
2.829,0.0
2.83,0.0
2.831,0.0
2.832,0.0
2.833,0.0
2.834,0.0
2.835,0.0
2.836,0.0
2.837,0.0
2.838,0.0
2.839,0.0
2.84,0.0
2.841,0.0
2.842,0.0
2.843,0.0
2.844,0.0
2.845,0.0
2.846,0.0
2.847,0.0
2.848,0.0
2.849,0.0
2.85,0.0
2.851,0.0
2.852,0.0
2.853,0.0
2.854,0.0
2.855,0.0
2.856,0.0
2.857,0.0
2.858,0.0
2.859,0.0
2.86,0.0
2.861,0.0
2.862,0.0
2.863,0.0
2.864,0.0
2.865,0.0
2.866,0.0
2.867,0.0
2.868,0.0
2.869,0.0
2.87,0.0
2.871,0.0
2.872,0.0
2.873,0.0
2.874,0.0
2.875,0.0
2.876,0.0
2.877,0.0
2.878,0.0
2.879,0.0
2.88,0.0
2.881,0.0
2.882,0.0
2.883,0.0
2.884,0.0
2.885,0.0
2.886,0.0
2.887,0.0
2.888,0.0
2.889,0.0
2.89,0.0
2.891,0.0
2.892,0.0
2.893,0.0
2.894,0.0
2.895,0.0
2.896,0.0
2.897,0.0
2.898,0.0
2.899,0.0
2.9,0.0
2.901,0.0
2.902,0.0
2.903,0.0
2.904,0.0
2.905,0.0
2.906,0.0
2.907,0.0
2.908,0.0
2.909,0.0
2.91,0.0
2.911,0.0
2.912,0.0
2.913,0.0
2.914,0.0
2.915,0.0
2.916,0.0
2.917,0.0
2.918,0.0
2.919,0.0
2.92,0.0
2.921,0.0
2.922,0.0
2.923,0.0
2.924,0.0
2.925,0.0
2.926,0.0
2.927,0.0
2.928,0.0
2.929,0.0
2.93,0.0
2.931,0.0
2.932,0.0
2.933,0.0
2.934,0.0
2.935,0.0
2.936,0.0
2.937,0.0
2.938,0.0
2.939,0.0
2.94,0.0
2.941,0.0
2.942,0.0
2.943,0.0
2.944,0.0
2.945,0.0
2.946,0.0
2.947,0.0
2.948,0.0
2.949,0.0
2.95,0.0
2.951,0.0
2.952,0.0
2.953,0.0
2.954,0.0
2.955,0.0
2.956,0.0
2.957,0.0
2.958,0.0
2.959,0.0
2.96,0.0
2.961,0.0
2.962,0.0
2.963,0.0
2.964,0.0
2.965,0.0
2.966,0.0
2.967,0.0
2.968,0.0
2.969,0.0
2.97,0.0
2.971,0.0
2.972,0.0
2.973,0.0
2.974,0.0
2.975,0.0
2.976,0.0
2.977,0.0
2.978,0.0
2.979,0.0
2.98,0.0
2.981,0.0
2.982,0.0
2.983,0.0
2.984,0.0
2.985,0.0
2.986,0.0
2.987,0.0
2.988,0.0
2.989,0.0
2.99,0.0
2.991,0.0
2.992,0.0
2.993,0.0
2.994,0.0
2.995,0.0
2.996,0.0
2.997,0.0
2.998,0.0
2.999,0.0
3.0,0.0
3.001,0.0
3.002,0.0
3.003,0.0
3.004,0.0
3.005,0.0
3.006,0.0
3.007,0.0
3.008,0.0
3.009,0.0
3.01,0.0
3.011,0.0
3.012,0.0
3.013,0.0
3.014,0.0
3.015,0.0
3.016,0.0
3.017,0.0
3.018,0.0
3.019,0.0
3.02,0.0
3.021,0.0
3.022,0.0
3.023,0.0
3.024,0.0
3.025,0.0
3.026,0.0
3.027,0.0
3.028,0.0
3.029,0.0
3.03,0.0
3.031,0.0
3.032,0.0
3.033,0.0
3.034,0.0
3.035,0.0
3.036,0.0
3.037,0.0
3.038,0.0
3.039,0.0
3.04,0.0
3.041,0.0
3.042,0.0
3.043,0.0
3.044,0.0
3.045,0.45
3.046,0.45
3.047,0.45
3.048,0.45
3.049,0.45
3.05,0.45
3.051,0.45
3.052,0.45
3.053,0.45
3.054,0.45
3.055,0.45
3.056,0.45
3.057,0.45
3.058,0.45
3.059,0.45
3.06,0.45
3.061,0.45
3.062,0.45
3.063,0.45
3.064,0.45
3.065,0.45
3.066,0.45
3.067,0.45
3.068,0.45
3.069,0.45
3.07,0.45
3.071,0.45
3.072,0.45
3.073,0.45
3.074,0.45
3.075,0.45
3.076,0.45
3.077,0.45
3.078,0.45
3.079,0.45
3.08,0.45
3.081,0.45
3.082,0.45
3.083,0.45
3.084,0.45
3.085,0.45
3.086,0.45
3.087,0.45
3.088,0.45
3.089,0.45
3.09,0.45
3.091,0.45
3.092,0.45
3.093,0.45
3.094,0.45
3.095,0.45
3.096,0.45
3.097,0.45
3.098,0.45
3.099,0.45
3.1,0.45
3.101,0.45
3.102,0.45
3.103,0.45
3.104,0.45
3.105,0.45
3.106,0.45
3.107,0.45
3.108,0.45
3.109,0.45
3.11,0.45
3.111,0.45
3.112,0.45
3.113,0.45
3.114,0.45
3.115,0.45
3.116,0.45
3.117,0.45
3.118,0.45
3.119,0.45
3.12,0.45
3.121,0.45
3.122,0.45
3.123,0.45
3.124,0.45
3.125,0.45
3.126,0.45
3.127,0.45
3.128,0.45
3.129,0.45
3.13,0.45
3.131,0.45
3.132,0.45
3.133,0.45
3.134,0.45
3.135,0.45
3.136,0.45
3.137,0.45
3.138,0.45
3.139,0.45
3.14,0.45
3.141,0.45
3.142,0.45
3.143,0.45
3.144,0.45
3.145,0.45
3.146,0.45
3.147,0.45
3.148,0.45
3.149,0.45
3.15,0.45
3.151,0.45
3.152,0.45
3.153,0.45
3.154,0.45
3.155,0.45
3.156,0.45
3.157,0.45
3.158,0.45
3.159,0.45
3.16,0.45
3.161,0.45
3.162,0.45
3.163,0.45
3.164,0.45
3.165,0.45
3.166,0.45
3.167,0.45
3.168,0.45
3.169,0.45
3.17,0.45
3.171,0.45
3.172,0.45
3.173,0.45
3.174,0.45
3.175,0.45
3.176,0.45
3.177,0.45
3.178,0.45
3.179,0.45
3.18,0.45
3.181,0.45
3.182,0.45
3.183,0.45
3.184,0.45
3.185,0.45
3.186,0.45
3.187,0.45
3.188,0.45
3.189,0.45
3.19,0.45
3.191,0.45
3.192,0.45
3.193,0.45
3.194,0.45
3.195,0.45
3.196,0.45
3.197,0.45
3.198,0.45
3.199,0.45
3.2,0.45
3.201,0.45
3.202,0.45
3.203,0.45
3.204,0.45
3.205,0.45
3.206,0.45
3.207,0.45
3.208,0.45
3.209,0.45
3.21,0.45
3.211,0.45
3.212,0.45
3.213,0.45
3.214,0.45
3.215,0.45
3.216,0.45
3.217,0.45
3.218,0.45
3.219,0.45
3.22,0.45
3.221,0.45
3.222,0.45
3.223,0.45
3.224,0.45
3.225,0.45
3.226,0.45
3.227,0.45
3.228,0.45
3.229,0.45
3.23,0.45
3.231,0.45
3.232,0.45
3.233,0.45
3.234,0.45
3.235,0.45
3.236,0.45
3.237,0.45
3.238,0.45
3.239,0.45
3.24,0.45
3.241,0.45
3.242,0.45
3.243,0.45
3.244,0.45
3.245,0.45
3.246,0.45
3.247,0.45
3.248,0.45
3.249,0.45
3.25,0.45
3.251,0.45
3.252,0.45
3.253,0.45
3.254,0.45
3.255,0.45
3.256,0.45
3.257,0.45
3.258,0.45
3.259,0.45
3.26,0.45
3.261,0.45
3.262,0.45
3.263,0.45
3.264,0.45
3.265,0.45
3.266,0.45
3.267,0.45
3.268,0.45
3.269,0.45
3.27,0.45
3.271,0.45
3.272,0.45
3.273,0.45
3.274,0.45
3.275,0.45
3.276,0.45
3.277,0.45
3.278,0.45
3.279,0.45
3.28,0.45
3.281,0.45
3.282,0.45
3.283,0.45
3.284,0.45
3.285,0.45
3.286,0.45
3.287,0.45
3.288,0.45
3.289,0.45
3.29,0.45
3.291,0.45
3.292,0.45
3.293,0.45
3.294,0.45
3.295,0.45
3.296,0.45
3.297,0.45
3.298,0.45
3.299,0.45
3.3,0.45
3.301,0.45
3.302,0.45
3.303,0.45
3.304,0.45
3.305,0.45
3.306,0.45
3.307,0.45
3.308,0.45
3.309,0.45
3.31,0.45
3.311,0.45
3.312,0.45
3.313,0.45
3.314,0.45
3.315,0.45
3.316,0.45
3.317,0.45
3.318,0.45
3.319,0.45
3.32,0.45
3.321,0.45
3.322,0.45
3.323,0.45
3.324,0.45
3.325,0.45
3.326,0.45
3.327,0.45
3.328,0.45
3.329,0.45
3.33,0.45
3.331,0.45
3.332,0.45
3.333,0.45
3.334,0.45
3.335,0.45
3.336,0.45
3.337,0.45
3.338,0.45
3.339,0.45
3.34,0.45
3.341,0.45
3.342,0.45
3.343,0.45
3.344,0.45
3.345,0.45
3.346,0.45
3.347,0.45
3.348,0.45
3.349,0.45
3.35,0.45
3.351,0.45
3.352,0.45
3.353,0.45
3.354,0.45
3.355,0.45
3.356,0.45
3.357,0.45
3.358,0.45
3.359,0.45
3.36,0.45
3.361,0.45
3.362,0.45
3.363,0.45
3.364,0.45
3.365,0.45
3.366,0.45
3.367,0.45
3.368,0.45
3.369,0.45
3.37,0.45
3.371,0.45
3.372,0.45
3.373,0.45
3.374,0.45
3.375,0.45
3.376,0.45
3.377,0.45
3.378,0.45
3.379,0.45
3.38,0.45
3.381,0.45
3.382,0.45
3.383,0.45
3.384,0.45
3.385,0.45
3.386,0.45
3.387,0.45
3.388,0.45
3.389,0.45
3.39,0.45
3.391,0.45
3.392,0.45
3.393,0.45
3.394,0.45
3.395,0.45
3.396,0.45
3.397,0.45
3.398,0.45
3.399,0.45
3.4,0.45
3.401,0.45
3.402,0.45
3.403,0.45
3.404,0.45
3.405,0.45
3.406,0.45
3.407,0.45
3.408,0.45
3.409,0.45
3.41,0.45
3.411,0.45
3.412,0.45
3.413,0.45
3.414,0.45
3.415,0.45
3.416,0.45
3.417,0.45
3.418,0.45
3.419,0.45
3.42,0.45
3.421,0.45
3.422,0.45
3.423,0.45
3.424,0.45
3.425,0.45
3.426,0.45
3.427,0.45
3.428,0.45
3.429,0.45
3.43,0.45
3.431,0.45
3.432,0.45
3.433,0.45
3.434,0.45
3.435,0.45
3.436,0.45
3.437,0.45
3.438,0.45
3.439,0.45
3.44,0.45
3.441,0.45
3.442,0.45
3.443,0.45
3.444,0.45
3.445,0.45
3.446,0.45
3.447,0.45
3.448,0.45
3.449,0.45
3.45,0.45
3.451,0.45
3.452,0.45
3.453,0.45
3.454,0.45
3.455,0.45
3.456,0.45
3.457,0.45
3.458,0.45
3.459,0.45
3.46,0.45
3.461,0.45
3.462,0.45
3.463,0.45
3.464,0.45
3.465,0.45
3.466,0.45
3.467,0.45
3.468,0.45
3.469,0.45
3.47,0.45
3.471,0.45
3.472,0.45
3.473,0.45
3.474,0.45
3.475,0.45
3.476,0.45
3.477,0.45
3.478,0.45
3.479,0.45
3.48,0.45
3.481,0.45
3.482,0.45
3.483,0.45
3.484,0.45
3.485,0.45
3.486,0.45
3.487,0.45
3.488,0.45
3.489,0.45
3.49,0.45
3.491,0.45
3.492,0.45
3.493,0.45
3.494,0.45
3.495,0.45
3.496,0.45
3.497,0.45
3.498,0.45
3.499,0.45
3.5,0.45
3.501,0.45
3.502,0.45
3.503,0.45
3.504,0.45
3.505,0.45
3.506,0.45
3.507,0.45
3.508,0.45
3.509,0.45
3.51,0.45
3.511,0.45
3.512,0.45
3.513,0.45
3.514,0.45
3.515,0.45
3.516,0.45
3.517,0.45
3.518,0.45
3.519,0.45
3.52,0.45
3.521,0.45
3.522,0.45
3.523,0.45
3.524,0.45
3.525,0.45
3.526,0.45
3.527,0.45
3.528,0.45
3.529,0.45
3.53,0.45
3.531,0.45
3.532,0.45
3.533,0.45
3.534,0.45
3.535,0.45
3.536,0.45
3.537,0.45
3.538,0.45
3.539,0.45
3.54,0.45
3.541,0.45
3.542,0.45
3.543,0.45
3.544,0.45
3.545,0.45
3.546,0.45
3.547,0.45
3.548,0.45
3.549,0.45
3.55,0.45
3.551,0.45
3.552,0.45
3.553,0.45
3.554,0.45
3.555,0.45
3.556,0.45
3.557,0.45
3.558,0.45
3.559,0.45
3.56,0.45
3.561,0.45
3.562,0.45
3.563,0.45
3.564,0.45
3.565,0.45
3.566,0.45
3.567,0.45
3.568,0.45
3.569,0.45
3.57,0.45
3.571,0.45
3.572,0.45
3.573,0.45
3.574,0.45
3.575,0.45
3.576,0.45
3.577,0.45
3.578,0.45
3.579,0.45
3.58,0.45
3.581,0.45
3.582,0.45
3.583,0.45
3.584,0.45
3.585,0.45
3.586,0.45
3.587,0.45
3.588,0.45
3.589,0.45
3.59,0.45
3.591,0.45
3.592,0.45
3.593,0.45
3.594,0.45
3.595,0.45
3.596,0.45
3.597,0.45
3.598,0.45
3.599,0.45
3.6,0.45
3.601,0.45
3.602,0.45
3.603,0.45
3.604,0.45
3.605,0.45
3.606,0.45
3.607,0.45
3.608,0.45
3.609,0.45
3.61,0.45
3.611,0.45
3.612,0.45
3.613,0.45
3.614,0.45
3.615,0.45
3.616,0.45
3.617,0.45
3.618,0.45
3.619,0.45
3.62,0.45
3.621,0.45
3.622,0.45
3.623,0.45
3.624,0.45
3.625,0.45
3.626,0.45
3.627,0.45
3.628,0.45
3.629,0.45
3.63,0.45
3.631,0.45
3.632,0.45
3.633,0.45
3.634,0.45
3.635,0.45
3.636,0.45
3.637,0.45
3.638,0.45
3.639,0.45
3.64,0.45
3.641,0.45
3.642,0.45
3.643,0.45
3.644,0.45
3.645,0.45
3.646,0.45
3.647,0.45
3.648,0.45
3.649,0.45
3.65,0.45
3.651,0.45
3.652,0.45
3.653,0.45
3.654,0.45
3.655,0.45
3.656,0.45
3.657,0.45
3.658,0.45
3.659,0.45
3.66,0.45
3.661,0.45
3.662,0.45
3.663,0.45
3.664,0.45
3.665,0.45
3.666,0.45
3.667,0.45
3.668,0.45
3.669,0.45
3.67,0.45
3.671,0.45
3.672,0.45
3.673,0.45
3.674,0.45
3.675,0.45
3.676,0.45
3.677,0.45
3.678,0.45
3.679,0.45
3.68,0.45
3.681,0.45
3.682,0.45
3.683,0.45
3.684,0.45
3.685,0.45
3.686,0.45
3.687,0.45
3.688,0.45
3.689,0.45
3.69,0.45
3.691,0.45
3.692,0.45
3.693,0.45
3.694,0.45
3.695,0.45
3.696,0.45
3.697,0.45
3.698,0.45
3.699,0.45
3.7,0.45
3.701,0.45
3.702,0.45
3.703,0.45
3.704,0.45
3.705,0.45
3.706,0.45
3.707,0.45
3.708,0.45
3.709,0.45
3.71,0.45
3.711,0.45
3.712,0.45
3.713,0.45
3.714,0.45
3.715,0.45
3.716,0.45
3.717,0.45
3.718,0.45
3.719,0.45
3.72,0.45
3.721,0.45
3.722,0.45
3.723,0.45
3.724,0.45
3.725,0.45
3.726,0.45
3.727,0.45
3.728,0.45
3.729,0.45
3.73,0.45
3.731,0.45
3.732,0.45
3.733,0.45
3.734,0.45
3.735,0.45
3.736,0.45
3.737,0.45
3.738,0.45
3.739,0.45
3.74,0.45
3.741,0.45
3.742,0.45
3.743,0.45
3.744,0.45
3.745,0.45
3.746,0.45
3.747,0.45
3.748,0.45
3.749,0.45
3.75,0.45
3.751,0.45
3.752,0.45
3.753,0.45
3.754,0.45
3.755,0.45
3.756,0.45
3.757,0.45
3.758,0.45
3.759,0.45
3.76,0.45
3.761,0.45
3.762,0.45
3.763,0.45
3.764,0.45
3.765,0.45
3.766,0.45
3.767,0.45
3.768,0.45
3.769,0.45
3.77,0.45
3.771,0.45
3.772,0.45
3.773,0.45
3.774,0.45
3.775,0.45
3.776,0.45
3.777,0.45
3.778,0.45
3.779,0.45
3.78,0.45
3.781,0.45
3.782,0.45
3.783,0.45
3.784,0.45
3.785,0.45
3.786,0.45
3.787,0.45
3.788,0.45
3.789,0.45
3.79,0.45
3.791,0.45
3.792,0.45
3.793,0.45
3.794,0.45
3.795,0.45
3.796,0.45
3.797,0.45
3.798,0.45
3.799,0.45
3.8,0.45
3.801,0.45
3.802,0.45
3.803,0.45
3.804,0.45
3.805,0.45
3.806,0.45
3.807,0.45
3.808,0.45
3.809,0.45
3.81,0.45
3.811,0.45
3.812,0.45
3.813,0.45
3.814,0.45
3.815,0.45
3.816,0.45
3.817,0.45
3.818,0.45
3.819,0.45
3.82,0.45
3.821,0.45
3.822,0.45
3.823,0.45
3.824,0.45
3.825,0.45
3.826,0.45
3.827,0.45
3.828,0.45
3.829,0.45
3.83,0.45
3.831,0.45
3.832,0.45
3.833,0.45
3.834,0.45
3.835,0.45
3.836,0.45
3.837,0.45
3.838,0.45
3.839,0.45
3.84,0.45
3.841,0.45
3.842,0.45
3.843,0.45
3.844,0.45
3.845,0.45
3.846,0.45
3.847,0.45
3.848,0.45
3.849,0.45
3.85,0.45
3.851,0.45
3.852,0.45
3.853,0.45
3.854,0.45
3.855,0.45
3.856,0.45
3.857,0.45
3.858,0.45
3.859,0.45
3.86,0.45
3.861,0.45
3.862,0.45
3.863,0.45
3.864,0.45
3.865,0.45
3.866,0.45
3.867,0.45
3.868,0.45
3.869,0.45
3.87,0.45
3.871,0.45
3.872,0.45
3.873,0.45
3.874,0.45
3.875,0.45
3.876,0.45
3.877,0.45
3.878,0.45
3.879,0.45
3.88,0.45
3.881,0.45
3.882,0.45
3.883,0.45
3.884,0.45
3.885,0.45
3.886,0.45
3.887,0.45
3.888,0.45
3.889,0.45
3.89,0.45
3.891,0.45
3.892,0.45
3.893,0.45
3.894,0.45
3.895,0.45
3.896,0.45
3.897,0.45
3.898,0.45
3.899,0.45
3.9,0.45
3.901,0.45
3.902,0.45
3.903,0.45
3.904,0.45
3.905,0.45
3.906,0.45
3.907,0.45
3.908,0.45
3.909,0.45
3.91,0.45
3.911,0.45
3.912,0.45
3.913,0.45
3.914,0.45
3.915,0.45
3.916,0.45
3.917,0.45
3.918,0.45
3.919,0.45
3.92,0.45
3.921,0.45
3.922,0.45
3.923,0.45
3.924,0.45
3.925,0.45
3.926,0.45
3.927,0.45
3.928,0.45
3.929,0.45
3.93,0.45
3.931,0.45
3.932,0.45
3.933,0.45
3.934,0.45
3.935,0.45
3.936,0.45
3.937,0.45
3.938,0.45
3.939,0.45
3.94,0.45
3.941,0.45
3.942,0.45
3.943,0.45
3.944,0.45
3.945,0.45
3.946,0.45
3.947,0.45
3.948,0.45
3.949,0.45
3.95,0.45
3.951,0.45
3.952,0.45
3.953,0.45
3.954,0.45
3.955,0.45
3.956,0.45
3.957,0.45
3.958,0.45
3.959,0.45
3.96,0.45
3.961,0.45
3.962,0.45
3.963,0.45
3.964,0.45
3.965,0.45
3.966,0.45
3.967,0.45
3.968,0.45
3.969,0.45
3.97,0.45
3.971,0.45
3.972,0.45
3.973,0.45
3.974,0.45
3.975,0.45
3.976,0.45
3.977,0.45
3.978,0.45
3.979,0.45
3.98,0.45
3.981,0.45
3.982,0.45
3.983,0.45
3.984,0.45
3.985,0.45
3.986,0.45
3.987,0.45
3.988,0.45
3.989,0.45
3.99,0.45
3.991,0.45
3.992,0.45
3.993,0.45
3.994,0.45
3.995,0.45
3.996,0.45
3.997,0.45
3.998,0.45
3.999,0.45
4.0,0.45
4.001,0.45
4.002,0.45
4.003,0.45
4.004,0.45
4.005,0.45
4.006,0.45
4.007,0.45
4.008,0.45
4.009,0.45
4.01,0.45
4.011,0.45
4.012,0.45
4.013,0.45
4.014,0.45
4.015,0.45
4.016,0.45
4.017,0.45
4.018,0.45
4.019,0.45
4.02,0.45
4.021,0.45
4.022,0.45
4.023,0.45
4.024,0.45
4.025,0.45
4.026,0.45
4.027,0.45
4.028,0.45
4.029,0.45
4.03,0.45
4.031,0.45
4.032,0.45
4.033,0.45
4.034,0.45
4.035,0.45
4.036,0.45
4.037,0.45
4.038,0.45
4.039,0.45
4.04,0.45
4.041,0.45
4.042,0.45
4.043,0.45
4.044,0.45
4.045,0.45
4.046,0.45
4.047,0.45
4.048,0.45
4.049,0.45
4.05,0.45
4.051,0.45
4.052,0.45
4.053,0.45
4.054,0.45
4.055,0.45
4.056,0.45
4.057,0.45
4.058,0.45
4.059,0.45
4.06,0.45
4.061,0.45
4.062,0.45
4.063,0.45
4.064,0.45
4.065,0.45
4.066,0.45
4.067,0.45
4.068,0.45
4.069,0.45
4.07,0.45
4.071,0.45
4.072,0.45
4.073,0.45
4.074,0.45
4.075,0.45
4.076,0.45
4.077,0.45
4.078,0.45
4.079,0.45
4.08,0.45
4.081,0.45
4.082,0.45
4.083,0.45
4.084,0.45
4.085,0.45
4.086,0.45
4.087,0.45
4.088,0.45
4.089,0.45
4.09,0.45
4.091,0.45
4.092,0.45
4.093,0.45
4.094,0.45
4.095,0.45
4.096,0.45
4.097,0.45
4.098,0.45
4.099,0.45
4.1,0.45
4.101,0.45
4.102,0.45
4.103,0.45
4.104,0.45
4.105,0.45
4.106,0.45
4.107,0.45
4.108,0.45
4.109,0.45
4.11,0.45
4.111,0.45
4.112,0.45
4.113,0.45
4.114,0.45
4.115,0.45
4.116,0.45
4.117,0.45
4.118,0.45
4.119,0.45
4.12,0.45
4.121,0.45
4.122,0.45
4.123,0.45
4.124,0.45
4.125,0.45
4.126,0.45
4.127,0.45
4.128,0.45
4.129,0.45
4.13,0.45
4.131,0.45
4.132,0.45
4.133,0.45
4.134,0.45
4.135,0.45
4.136,0.45
4.137,0.45
4.138,0.45
4.139,0.45
4.14,0.45
4.141,0.45
4.142,0.45
4.143,0.45
4.144,0.45
4.145,0.45
4.146,0.45
4.147,0.45
4.148,0.45
4.149,0.45
4.15,0.45
4.151,0.45
4.152,0.45
4.153,0.45
4.154,0.45
4.155,0.45
4.156,0.45
4.157,0.45
4.158,0.45
4.159,0.45
4.16,0.45
4.161,0.45
4.162,0.45
4.163,0.45
4.164,0.45
4.165,0.45
4.166,0.45
4.167,0.45
4.168,0.45
4.169,0.45
4.17,0.45
4.171,0.45
4.172,0.45
4.173,0.45
4.174,0.45
4.175,0.45
4.176,0.45
4.177,0.45
4.178,0.45
4.179,0.45
4.18,0.45
4.181,0.45
4.182,0.45
4.183,0.45
4.184,0.45
4.185,0.45
4.186,0.45
4.187,0.45
4.188,0.45
4.189,0.45
4.19,0.45
4.191,0.45
4.192,0.45
4.193,0.45
4.194,0.45
4.195,0.45
4.196,0.45
4.197,0.45
4.198,0.45
4.199,0.45
4.2,0.45
4.201,0.45
4.202,0.45
4.203,0.45
4.204,0.45
4.205,0.45
4.206,0.45
4.207,0.45
4.208,0.45
4.209,0.45
4.21,0.45
4.211,0.45
4.212,0.45
4.213,0.45
4.214,0.45
4.215,0.45
4.216,0.45
4.217,0.45
4.218,0.45
4.219,0.45
4.22,0.45
4.221,0.45
4.222,0.45
4.223,0.45
4.224,0.45
4.225,0.45
4.226,0.45
4.227,0.45
4.228,0.45
4.229,0.45
4.23,0.45
4.231,0.45
4.232,0.45
4.233,0.45
4.234,0.45
4.235,0.45
4.236,0.45
4.237,0.45
4.238,0.45
4.239,0.45
4.24,0.45
4.241,0.45
4.242,0.45
4.243,0.45
4.244,0.45
4.245,0.45
4.246,0.45
4.247,0.45
4.248,0.45
4.249,0.45
4.25,0.45
4.251,0.45
4.252,0.45
4.253,0.45
4.254,0.45
4.255,0.45
4.256,0.45
4.257,0.45
4.258,0.45
4.259,0.45
4.26,0.45
4.261,0.45
4.262,0.45
4.263,0.45
4.264,0.45
4.265,0.45
4.266,0.45
4.267,0.45
4.268,0.45
4.269,0.45
4.27,0.45
4.271,0.45
4.272,0.45
4.273,0.45
4.274,0.45
4.275,0.45
4.276,0.45
4.277,0.45
4.278,0.45
4.279,0.45
4.28,0.45
4.281,0.45
4.282,0.45
4.283,0.45
4.284,0.45
4.285,0.45
4.286,0.45
4.287,0.45
4.288,0.45
4.289,0.45
4.29,0.45
4.291,0.45
4.292,0.45
4.293,0.45
4.294,0.45
4.295,0.45
4.296,0.45
4.297,0.45
4.298,0.45
4.299,0.45
4.3,0.45
4.301,0.45
4.302,0.45
4.303,0.45
4.304,0.45
4.305,0.45
4.306,0.45
4.307,0.45
4.308,0.45
4.309,0.45
4.31,0.45
4.311,0.45
4.312,0.45
4.313,0.45
4.314,0.45
4.315,0.45
4.316,0.45
4.317,0.45
4.318,0.45
4.319,0.45
4.32,0.45
4.321,0.45
4.322,0.45
4.323,0.45
4.324,0.45
4.325,0.45
4.326,0.45
4.327,0.45
4.328,0.45
4.329,0.45
4.33,0.45
4.331,0.45
4.332,0.45
4.333,0.45
4.334,0.45
4.335,0.45
4.336,0.45
4.337,0.45
4.338,0.45
4.339,0.45
4.34,0.45
4.341,0.45
4.342,0.45
4.343,0.45
4.344,0.45
4.345,0.45
4.346,0.45
4.347,0.45
4.348,0.45
4.349,0.45
4.35,0.45
4.351,0.45
4.352,0.45
4.353,0.45
4.354,0.45
4.355,0.45
4.356,0.45
4.357,0.45
4.358,0.45
4.359,0.45
4.36,0.45
4.361,0.45
4.362,0.45
4.363,0.45
4.364,0.45
4.365,0.45
4.366,0.45
4.367,0.45
4.368,0.45
4.369,0.45
4.37,0.45
4.371,0.45
4.372,0.45
4.373,0.45
4.374,0.45
4.375,0.45
4.376,0.45
4.377,0.45
4.378,0.45
4.379,0.45
4.38,0.45
4.381,0.45
4.382,0.45
4.383,0.45
4.384,0.45
4.385,0.45
4.386,0.45
4.387,0.45
4.388,0.45
4.389,0.45
4.39,0.45
4.391,0.45
4.392,0.45
4.393,0.45
4.394,0.45
4.395,0.45
4.396,0.45
4.397,0.45
4.398,0.45
4.399,0.45
4.4,0.45
4.401,0.45
4.402,0.45
4.403,0.45
4.404,0.45
4.405,0.45
4.406,0.45
4.407,0.45
4.408,0.45
4.409,0.45
4.41,0.45
4.411,0.45
4.412,0.45
4.413,0.45
4.414,0.45
4.415,0.45
4.416,0.45
4.417,0.45
4.418,0.45
4.419,0.45
4.42,0.45
4.421,0.45
4.422,0.45
4.423,0.45
4.424,0.45
4.425,0.45
4.426,0.45
4.427,0.45
4.428,0.45
4.429,0.45
4.43,0.45
4.431,0.45
4.432,0.45
4.433,0.45
4.434,0.45
4.435,0.45
4.436,0.45
4.437,0.45
4.438,0.45
4.439,0.45
4.44,0.45
4.441,0.45
4.442,0.45
4.443,0.45
4.444,0.45
4.445,0.45
4.446,0.45
4.447,0.45
4.448,0.45
4.449,0.45
4.45,0.45
4.451,0.45
4.452,0.45
4.453,0.45
4.454,0.45
4.455,0.45
4.456,0.45
4.457,0.45
4.458,0.45
4.459,0.45
4.46,0.45
4.461,0.45
4.462,0.45
4.463,0.45
4.464,0.45
4.465,0.45
4.466,0.45
4.467,0.45
4.468,0.45
4.469,0.45
4.47,0.45
4.471,0.45
4.472,0.45
4.473,0.45
4.474,0.45
4.475,0.45
4.476,0.45
4.477,0.45
4.478,0.45
4.479,0.45
4.48,0.45
4.481,0.45
4.482,0.45
4.483,0.45
4.484,0.45
4.485,0.45
4.486,0.45
4.487,0.45
4.488,0.45
4.489,0.45
4.49,0.45
4.491,0.45
4.492,0.45
4.493,0.45
4.494,0.45
4.495,0.45
4.496,0.45
4.497,0.45
4.498,0.45
4.499,0.45
4.5,0.45
4.501,0.45
4.502,0.45
4.503,0.45
4.504,0.45
4.505,0.45
4.506,0.45
4.507,0.45
4.508,0.45
4.509,0.45
4.51,0.45
4.511,0.45
4.512,0.45
4.513,0.45
4.514,0.45
4.515,0.45
4.516,0.45
4.517,0.45
4.518,0.45
4.519,0.45
4.52,0.45
4.521,0.45
4.522,0.45
4.523,0.45
4.524,0.45
4.525,0.45
4.526,0.45
4.527,0.45
4.528,0.45
4.529,0.45
4.53,0.45
4.531,0.45
4.532,0.45
4.533,0.45
4.534,0.45
4.535,0.45
4.536,0.45
4.537,0.45
4.538,0.45
4.539,0.45
4.54,0.45
4.541,0.45
4.542,0.45
4.543,0.45
4.544,0.45
4.545,0.45
4.546,0.45
4.547,0.45
4.548,0.45
4.549,0.45
4.55,0.45
4.551,0.45
4.552,0.45
4.553,0.45
4.554,0.45
4.555,0.45
4.556,0.45
4.557,0.45
4.558,0.45
4.559,0.45
4.56,0.45
4.561,0.45
4.562,0.45
4.563,0.45
4.564,0.45
4.565,0.45
4.566,0.45
4.567,0.45
4.568,0.45
4.569,0.45
4.57,0.45
4.571,0.45
4.572,0.45
4.573,0.45
4.574,0.45
4.575,0.45
4.576,0.45
4.577,0.45
4.578,0.45
4.579,0.45
4.58,0.45
4.581,0.45
4.582,0.45
4.583,0.45
4.584,0.45
4.585,0.45
4.586,0.45
4.587,0.45
4.588,0.45
4.589,0.45
4.59,0.45
4.591,0.45
4.592,0.45
4.593,0.45
4.594,0.45
4.595,0.45
4.596,0.45
4.597,0.45
4.598,0.45
4.599,0.45
4.6,0.45
4.601,0.45
4.602,0.45
4.603,0.45
4.604,0.45
4.605,0.45
4.606,0.45
4.607,0.45
4.608,0.45
4.609,0.45
4.61,0.45
4.611,0.45
4.612,0.45
4.613,0.45
4.614,0.45
4.615,0.45
4.616,0.45
4.617,0.45
4.618,0.45
4.619,0.45
4.62,0.45
4.621,0.45
4.622,0.45
4.623,0.45
4.624,0.45
4.625,0.45
4.626,0.45
4.627,0.45
4.628,0.45
4.629,0.45
4.63,0.45
4.631,0.45
4.632,0.45
4.633,0.45
4.634,0.45
4.635,0.45
4.636,0.45
4.637,0.45
4.638,0.45
4.639,0.45
4.64,0.45
4.641,0.45
4.642,0.45
4.643,0.45
4.644,0.45
4.645,0.45
4.646,0.45
4.647,0.45
4.648,0.45
4.649,0.45
4.65,0.45
4.651,0.45
4.652,0.45
4.653,0.45
4.654,0.45
4.655,0.45
4.656,0.45
4.657,0.45
4.658,0.45
4.659,0.45
4.66,0.45
4.661,0.45
4.662,0.45
4.663,0.45
4.664,0.45
4.665,0.45
4.666,0.45
4.667,0.45
4.668,0.45
4.669,0.45
4.67,0.45
4.671,0.45
4.672,0.45
4.673,0.45
4.674,0.45
4.675,0.45
4.676,0.45
4.677,0.45
4.678,0.45
4.679,0.45
4.68,0.45
4.681,0.45
4.682,0.45
4.683,0.45
4.684,0.45
4.685,0.45
4.686,0.45
4.687,0.45
4.688,0.45
4.689,0.45
4.69,0.45
4.691,0.45
4.692,0.45
4.693,0.45
4.694,0.45
4.695,0.45
4.696,0.45
4.697,0.45
4.698,0.45
4.699,0.45
4.7,0.45
4.701,0.45
4.702,0.45
4.703,0.45
4.704,0.45
4.705,0.45
4.706,0.45
4.707,0.45
4.708,0.45
4.709,0.45
4.71,0.45
4.711,0.45
4.712,0.45
4.713,0.45
4.714,0.45
4.715,0.45
4.716,0.45
4.717,0.45
4.718,0.45
4.719,0.45
4.72,0.45
4.721,0.45
4.722,0.45
4.723,0.45
4.724,0.45
4.725,0.45
4.726,0.45
4.727,0.45
4.728,0.45
4.729,0.45
4.73,0.45
4.731,0.45
4.732,0.45
4.733,0.45
4.734,0.45
4.735,0.45
4.736,0.45
4.737,0.45
4.738,0.45
4.739,0.45
4.74,0.45
4.741,0.45
4.742,0.45
4.743,0.45
4.744,0.45
4.745,0.45
4.746,0.45
4.747,0.45
4.748,0.45
4.749,0.45
4.75,0.45
4.751,0.45
4.752,0.45
4.753,0.45
4.754,0.45
4.755,0.45
4.756,0.45
4.757,0.45
4.758,0.45
4.759,0.45
4.76,0.45
4.761,0.45
4.762,0.45
4.763,0.45
4.764,0.45
4.765,0.45
4.766,0.45
4.767,0.45
4.768,0.45
4.769,0.45
4.77,0.45
4.771,0.45
4.772,0.45
4.773,0.45
4.774,0.45
4.775,0.45
4.776,0.45
4.777,0.45
4.778,0.45
4.779,0.45
4.78,0.45
4.781,0.45
4.782,0.45
4.783,0.45
4.784,0.45
4.785,0.45
4.786,0.45
4.787,0.45
4.788,0.45
4.789,0.45
4.79,0.45
4.791,0.45
4.792,0.45
4.793,0.45
4.794,0.45
4.795,0.45
4.796,0.45
4.797,0.45
4.798,0.45
4.799,0.45
4.8,0.45
4.801,0.45
4.802,0.45
4.803,0.45
4.804,0.45
4.805,0.45
4.806,0.45
4.807,0.45
4.808,0.45
4.809,0.45
4.81,0.45
4.811,0.45
4.812,0.45
4.813,0.45
4.814,0.45
4.815,0.45
4.816,0.45
4.817,0.45
4.818,0.45
4.819,0.45
4.82,0.45
4.821,0.45
4.822,0.45
4.823,0.45
4.824,0.45
4.825,0.45
4.826,0.45
4.827,0.45
4.828,0.45
4.829,0.45
4.83,0.45
4.831,0.45
4.832,0.45
4.833,0.45
4.834,0.45
4.835,0.45
4.836,0.45
4.837,0.45
4.838,0.45
4.839,0.45
4.84,0.45
4.841,0.45
4.842,0.45
4.843,0.45
4.844,0.45
4.845,0.45
4.846,0.45
4.847,0.45
4.848,0.45
4.849,0.45
4.85,0.45
4.851,0.45
4.852,0.45
4.853,0.45
4.854,0.45
4.855,0.45
4.856,0.45
4.857,0.45
4.858,0.45
4.859,0.45
4.86,0.45
4.861,0.45
4.862,0.45
4.863,0.45
4.864,0.45
4.865,0.45
4.866,0.45
4.867,0.45
4.868,0.45
4.869,0.45
4.87,0.45
4.871,0.45
4.872,0.45
4.873,0.45
4.874,0.45
4.875,0.45
4.876,0.45
4.877,0.45
4.878,0.45
4.879,0.45
4.88,0.45
4.881,0.45
4.882,0.45
4.883,0.45
4.884,0.45
4.885,0.45
4.886,0.45
4.887,0.45
4.888,0.45
4.889,0.45
4.89,0.45
4.891,0.45
4.892,0.45
4.893,0.45
4.894,0.45
4.895,0.45
4.896,0.45
4.897,0.45
4.898,0.45
4.899,0.45
4.9,0.45
4.901,0.45
4.902,0.45
4.903,0.45
4.904,0.45
4.905,0.45
4.906,0.45
4.907,0.45
4.908,0.45
4.909,0.45
4.91,0.45
4.911,0.45
4.912,0.45
4.913,0.45
4.914,0.45
4.915,0.45
4.916,0.45
4.917,0.45
4.918,0.45
4.919,0.45
4.92,0.45
4.921,0.45
4.922,0.45
4.923,0.45
4.924,0.45
4.925,0.45
4.926,0.45
4.927,0.45
4.928,0.45
4.929,0.45
4.93,0.45
4.931,0.45
4.932,0.45
4.933,0.45
4.934,0.45
4.935,0.45
4.936,0.45
4.937,0.45
4.938,0.45
4.939,0.45
4.94,0.45
4.941,0.45
4.942,0.45
4.943,0.45
4.944,0.45
4.945,0.45
4.946,0.45
4.947,0.45
4.948,0.45
4.949,0.45
4.95,0.45
4.951,0.45
4.952,0.45
4.953,0.45
4.954,0.45
4.955,0.45
4.956,0.45
4.957,0.45
4.958,0.45
4.959,0.45
4.96,0.45
4.961,0.45
4.962,0.45
4.963,0.45
4.964,0.45
4.965,0.45
4.966,0.45
4.967,0.45
4.968,0.45
4.969,0.45
4.97,0.45
4.971,0.45
4.972,0.45
4.973,0.45
4.974,0.45
4.975,0.45
4.976,0.45
4.977,0.45
4.978,0.45
4.979,0.45
4.98,0.45
4.981,0.45
4.982,0.45
4.983,0.45
4.984,0.45
4.985,0.45
4.986,0.45
4.987,0.45
4.988,0.45
4.989,0.45
4.99,0.45
4.991,0.45
4.992,0.45
4.993,0.45
4.994,0.45
4.995,0.45
4.996,0.45
4.997,0.45
4.998,0.45
4.999,0.45
5.0,0.45
5.001,0.45
5.002,0.45
5.003,0.45
5.004,0.45
5.005,0.45
5.006,0.45
5.007,0.45
5.008,0.45
5.009,0.45
5.01,0.45
5.011,0.45
5.012,0.45
5.013,0.45
5.014,0.45
5.015,0.45
5.016,0.45
5.017,0.45
5.018,0.45
5.019,0.45
5.02,0.45
5.021,0.45
5.022,0.45
5.023,0.45
5.024,0.45
5.025,0.45
5.026,0.45
5.027,0.45
5.028,0.45
5.029,0.45
5.03,0.45
5.031,0.45
5.032,0.45
5.033,0.45
5.034,0.45
5.035,0.45
5.036,0.45
5.037,0.45
5.038,0.45
5.039,0.45
5.04,0.45
5.041,0.45
5.042,0.45
5.043,0.45
5.044,0.45
5.045,0.45
5.046,0.45
5.047,0.45
5.048,0.45
5.049,0.45
5.05,0.45
5.051,0.45
5.052,0.45
5.053,0.45
5.054,0.45
5.055,0.45
5.056,0.45
5.057,0.45
5.058,0.45
5.059,0.45
5.06,0.45
5.061,0.45
5.062,0.45
5.063,0.45
5.064,0.45
5.065,0.45
5.066,0.45
5.067,0.45
5.068,0.45
5.069,0.45
5.07,0.45
5.071,0.45
5.072,0.45
5.073,0.45
5.074,0.45
5.075,0.45
5.076,0.45
5.077,0.45
5.078,0.45
5.079,0.45
5.08,0.45
5.081,0.45
5.082,0.45
5.083,0.45
5.084,0.45
5.085,0.45
5.086,0.45
5.087,0.45
5.088,0.45
5.089,0.45
5.09,0.45
5.091,0.45
5.092,0.45
5.093,0.45
5.094,0.45
5.095,0.45
5.096,0.45
5.097,0.45
5.098,0.45
5.099,0.45
5.1,0.45
5.101,0.45
5.102,0.45
5.103,0.45
5.104,0.45
5.105,0.45
5.106,0.45
5.107,0.45
5.108,0.45
5.109,0.45
5.11,0.45
5.111,0.45
5.112,0.45
5.113,0.45
5.114,0.45
5.115,0.45
5.116,0.45
5.117,0.45
5.118,0.45
5.119,0.45
5.12,0.45
5.121,0.45
5.122,0.45
5.123,0.45
5.124,0.45
5.125,0.45
5.126,0.45
5.127,0.45
5.128,0.45
5.129,0.45
5.13,0.45
5.131,0.45
5.132,0.45
5.133,0.45
5.134,0.45
5.135,0.45
5.136,0.45
5.137,0.45
5.138,0.45
5.139,0.45
5.14,0.45
5.141,0.45
5.142,0.45
5.143,0.45
5.144,0.45
5.145,0.45
5.146,0.45
5.147,0.45
5.148,0.45
5.149,0.45
5.15,0.45
5.151,0.45
5.152,0.45
5.153,0.45
5.154,0.45
5.155,0.45
5.156,0.45
5.157,0.45
5.158,0.45
5.159,0.45
5.16,0.45
5.161,0.45
5.162,0.45
5.163,0.45
5.164,0.45
5.165,0.45
5.166,0.45
5.167,0.45
5.168,0.45
5.169,0.45
5.17,0.45
5.171,0.45
5.172,0.45
5.173,0.45
5.174,0.45
5.175,0.45
5.176,0.45
5.177,0.45
5.178,0.45
5.179,0.45
5.18,0.45
5.181,0.45
5.182,0.45
5.183,0.45
5.184,0.45
5.185,0.45
5.186,0.45
5.187,0.45
5.188,0.45
5.189,0.45
5.19,0.45
5.191,0.45
5.192,0.45
5.193,0.45
5.194,0.45
5.195,0.45
5.196,0.45
5.197,0.45
5.198,0.45
5.199,0.45
5.2,0.45
5.201,0.45
5.202,0.45
5.203,0.45
5.204,0.45
5.205,0.45
5.206,0.45
5.207,0.45
5.208,0.45
5.209,0.45
5.21,0.45
5.211,0.45
5.212,0.45
5.213,0.45
5.214,0.45
5.215,0.45
5.216,0.45
5.217,0.45
5.218,0.45
5.219,0.45
5.22,0.45
5.221,0.45
5.222,0.45
5.223,0.45
5.224,0.45
5.225,0.45
5.226,0.45
5.227,0.45
5.228,0.45
5.229,0.45
5.23,0.45
5.231,0.45
5.232,0.45
5.233,0.45
5.234,0.45
5.235,0.45
5.236,0.45
5.237,0.45
5.238,0.45
5.239,0.45
5.24,0.45
5.241,0.45
5.242,0.45
5.243,0.45
5.244,0.45
5.245,0.45
5.246,0.45
5.247,0.45
5.248,0.45
5.249,0.45
5.25,0.45
5.251,0.45
5.252,0.45
5.253,0.45
5.254,0.45
5.255,0.45
5.256,0.45
5.257,0.45
5.258,0.45
5.259,0.45
5.26,0.45
5.261,0.45
5.262,0.45
5.263,0.45
5.264,0.45
5.265,0.45
5.266,0.45
5.267,0.45
5.268,0.45
5.269,0.45
5.27,0.45
5.271,0.45
5.272,0.45
5.273,0.45
5.274,0.45
5.275,0.45
5.276,0.45
5.277,0.45
5.278,0.45
5.279,0.45
5.28,0.45
5.281,0.45
5.282,0.45
5.283,0.45
5.284,0.45
5.285,0.45
5.286,0.45
5.287,0.45
5.288,0.45
5.289,0.45
5.29,0.45
5.291,0.45
5.292,0.45
5.293,0.45
5.294,0.45
5.295,0.45
5.296,0.45
5.297,0.45
5.298,0.45
5.299,0.45
5.3,0.45
5.301,0.45
5.302,0.45
5.303,0.45
5.304,0.45
5.305,0.45
5.306,0.45
5.307,0.45
5.308,0.45
5.309,0.45
5.31,0.45
5.311,0.45
5.312,0.45
5.313,0.45
5.314,0.45
5.315,0.45
5.316,0.45
5.317,0.45
5.318,0.45
5.319,0.45
5.32,0.45
5.321,0.45
5.322,0.45
5.323,0.45
5.324,0.45
5.325,0.45
5.326,0.45
5.327,0.45
5.328,0.45
5.329,0.45
5.33,0.45
5.331,0.45
5.332,0.45
5.333,0.45
5.334,0.45
5.335,0.45
5.336,0.45
5.337,0.45
5.338,0.45
5.339,0.45
5.34,0.45
5.341,0.45
5.342,0.45
5.343,0.45
5.344,0.45
5.345,0.45
5.346,0.45
5.347,0.45
5.348,0.45
5.349,0.45
5.35,0.45
5.351,0.45
5.352,0.45
5.353,0.45
5.354,0.45
5.355,0.45
5.356,0.45
5.357,0.45
5.358,0.45
5.359,0.45
5.36,0.45
5.361,0.45
5.362,0.45
5.363,0.45
5.364,0.45
5.365,0.45
5.366,0.45
5.367,0.45
5.368,0.45
5.369,0.45
5.37,0.45
5.371,0.45
5.372,0.45
5.373,0.45
5.374,0.45
5.375,0.45
5.376,0.45
5.377,0.45
5.378,0.45
5.379,0.45
5.38,0.45
5.381,0.45
5.382,0.45
5.383,0.45
5.384,0.45
5.385,0.45
5.386,0.45
5.387,0.45
5.388,0.45
5.389,0.45
5.39,0.45
5.391,0.45
5.392,0.45
5.393,0.45
5.394,0.45
5.395,0.45
5.396,0.45
5.397,0.45
5.398,0.45
5.399,0.45
5.4,0.45
5.401,0.45
5.402,0.45
5.403,0.45
5.404,0.45
5.405,0.45
5.406,0.45
5.407,0.45
5.408,0.45
5.409,0.45
5.41,0.45
5.411,0.45
5.412,0.45
5.413,0.45
5.414,0.45
5.415,0.45
5.416,0.45
5.417,0.45
5.418,0.45
5.419,0.45
5.42,0.45
5.421,0.45
5.422,0.45
5.423,0.45
5.424,0.45
5.425,0.45
5.426,0.45
5.427,0.45
5.428,0.45
5.429,0.45
5.43,0.45
5.431,0.45
5.432,0.45
5.433,0.45
5.434,0.45
5.435,0.45
5.436,0.45
5.437,0.45
5.438,0.45
5.439,0.45
5.44,0.45
5.441,0.45
5.442,0.45
5.443,0.45
5.444,0.45
5.445,0.45
5.446,0.45
5.447,0.45
5.448,0.45
5.449,0.45
5.45,0.45
5.451,0.45
5.452,0.45
5.453,0.45
5.454,0.45
5.455,0.45
5.456,0.45
5.457,0.45
5.458,0.45
5.459,0.45
5.46,0.45
5.461,0.45
5.462,0.45
5.463,0.45
5.464,0.45
5.465,0.45
5.466,0.45
5.467,0.45
5.468,0.45
5.469,0.45
5.47,0.45
5.471,0.45
5.472,0.45
5.473,0.45
5.474,0.45
5.475,0.45
5.476,0.45
5.477,0.45
5.478,0.45
5.479,0.45
5.48,0.45
5.481,0.45
5.482,0.45
5.483,0.45
5.484,0.45
5.485,0.45
5.486,0.45
5.487,0.45
5.488,0.45
5.489,0.45
5.49,0.45
5.491,0.45
5.492,0.45
5.493,0.45
5.494,0.45
5.495,0.45
5.496,0.45
5.497,0.45
5.498,0.45
5.499,0.45
5.5,0.45
5.501,0.45
5.502,0.45
5.503,0.45
5.504,0.45
5.505,0.45
5.506,0.45
5.507,0.45
5.508,0.45
5.509,0.45
5.51,0.45
5.511,0.45
5.512,0.45
5.513,0.45
5.514,0.45
5.515,0.45
5.516,0.45
5.517,0.45
5.518,0.45
5.519,0.45
5.52,0.45
5.521,0.45
5.522,0.45
5.523,0.45
5.524,0.45
5.525,0.45
5.526,0.45
5.527,0.45
5.528,0.45
5.529,0.45
5.53,0.45
5.531,0.45
5.532,0.45
5.533,0.45
5.534,0.45
5.535,0.45
5.536,0.45
5.537,0.45
5.538,0.45
5.539,0.45
5.54,0.45
5.541,0.45
5.542,0.45
5.543,0.45
5.544,0.45
5.545,0.45
5.546,0.45
5.547,0.45
5.548,0.45
5.549,0.45
5.55,0.45
5.551,0.45
5.552,0.45
5.553,0.45
5.554,0.45
5.555,0.45
5.556,0.45
5.557,0.45
5.558,0.45
5.559,0.45
5.56,0.45
5.561,0.45
5.562,0.45
5.563,0.45
5.564,0.45
5.565,0.45
5.566,0.45
5.567,0.45
5.568,0.45
5.569,0.45
5.57,0.45
5.571,0.45
5.572,0.45
5.573,0.45
5.574,0.45
5.575,0.45
5.576,0.45
5.577,0.45
5.578,0.45
5.579,0.45
5.58,0.45
5.581,0.45
5.582,0.45
5.583,0.45
5.584,0.45
5.585,0.45
5.586,0.45
5.587,0.45
5.588,0.45
5.589,0.45
5.59,0.45
5.591,0.45
5.592,0.45
5.593,0.45
5.594,0.45
5.595,0.45
5.596,0.45
5.597,0.45
5.598,0.45
5.599,0.45
5.6,0.45
5.601,0.45
5.602,0.45
5.603,0.45
5.604,0.45
5.605,0.45
5.606,0.45
5.607,0.45
5.608,0.45
5.609,0.45
5.61,0.45
5.611,0.45
5.612,0.45
5.613,0.45
5.614,0.45
5.615,0.45
5.616,0.45
5.617,0.45
5.618,0.45
5.619,0.45
5.62,0.45
5.621,0.45
5.622,0.45
5.623,0.45
5.624,0.45
5.625,0.45
5.626,0.45
5.627,0.45
5.628,0.45
5.629,0.45
5.63,0.45
5.631,0.45
5.632,0.45
5.633,0.45
5.634,0.45
5.635,0.45
5.636,0.45
5.637,0.45
5.638,0.45
5.639,0.45
5.64,0.45
5.641,0.45
5.642,0.45
5.643,0.45
5.644,0.45
5.645,0.45
5.646,0.45
5.647,0.45
5.648,0.45
5.649,0.45
5.65,0.45
5.651,0.45
5.652,0.45
5.653,0.45
5.654,0.45
5.655,0.45
5.656,0.45
5.657,0.45
5.658,0.45
5.659,0.45
5.66,0.45
5.661,0.45
5.662,0.45
5.663,0.45
5.664,0.45
5.665,0.45
5.666,0.45
5.667,0.45
5.668,0.45
5.669,0.45
5.67,0.45
5.671,0.45
5.672,0.45
5.673,0.45
5.674,0.45
5.675,0.45
5.676,0.45
5.677,0.45
5.678,0.45
5.679,0.45
5.68,0.45
5.681,0.45
5.682,0.45
5.683,0.45
5.684,0.45
5.685,0.45
5.686,0.45
5.687,0.45
5.688,0.45
5.689,0.45
5.69,0.45
5.691,0.45
5.692,0.45
5.693,0.45
5.694,0.45
5.695,0.45
5.696,0.45
5.697,0.45
5.698,0.45
5.699,0.45
5.7,0.45
5.701,0.45
5.702,0.45
5.703,0.45
5.704,0.45
5.705,0.45
5.706,0.45
5.707,0.45
5.708,0.45
5.709,0.45
5.71,0.45
5.711,0.45
5.712,0.45
5.713,0.45
5.714,0.45
5.715,0.45
5.716,0.45
5.717,0.45
5.718,0.45
5.719,0.45
5.72,0.45
5.721,0.45
5.722,0.45
5.723,0.45
5.724,0.45
5.725,0.45
5.726,0.45
5.727,0.45
5.728,0.45
5.729,0.45
5.73,0.45
5.731,0.45
5.732,0.45
5.733,0.45
5.734,0.45
5.735,0.45
5.736,0.45
5.737,0.45
5.738,0.45
5.739,0.45
5.74,0.45
5.741,0.45
5.742,0.45
5.743,0.45
5.744,0.45
5.745,0.45
5.746,0.45
5.747,0.45
5.748,0.45
5.749,0.45
5.75,0.45
5.751,0.45
5.752,0.45
5.753,0.45
5.754,0.45
5.755,0.45
5.756,0.45
5.757,0.45
5.758,0.45
5.759,0.45
5.76,0.45
5.761,0.45
5.762,0.45
5.763,0.45
5.764,0.45
5.765,0.45
5.766,0.45
5.767,0.45
5.768,0.45
5.769,0.45
5.77,0.45
5.771,0.45
5.772,0.45
5.773,0.45
5.774,0.45
5.775,0.45
5.776,0.45
5.777,0.45
5.778,0.45
5.779,0.45
5.78,0.45
5.781,0.45
5.782,0.45
5.783,0.45
5.784,0.45
5.785,0.45
5.786,0.45
5.787,0.45
5.788,0.45
5.789,0.45
5.79,0.45
5.791,0.45
5.792,0.45
5.793,0.45
5.794,0.45
5.795,0.45
5.796,0.45
5.797,0.45
5.798,0.45
5.799,0.45
5.8,0.45
5.801,0.45
5.802,0.45
5.803,0.45
5.804,0.45
5.805,0.45
5.806,0.45
5.807,0.45
5.808,0.45
5.809,0.45
5.81,0.45
5.811,0.45
5.812,0.45
5.813,0.45
5.814,0.45
5.815,0.45
5.816,0.45
5.817,0.45
5.818,0.45
5.819,0.45
5.82,0.45
5.821,0.45
5.822,0.45
5.823,0.45
5.824,0.45
5.825,0.45
5.826,0.45
5.827,0.45
5.828,0.45
5.829,0.45
5.83,0.45
5.831,0.45
5.832,0.45
5.833,0.45
5.834,0.45
5.835,0.45
5.836,0.45
5.837,0.45
5.838,0.45
5.839,0.45
5.84,0.45
5.841,0.45
5.842,0.45
5.843,0.45
5.844,0.45
5.845,0.45
5.846,0.45
5.847,0.45
5.848,0.45
5.849,0.45
5.85,0.45
5.851,0.45
5.852,0.45
5.853,0.45
5.854,0.45
5.855,0.45
5.856,0.45
5.857,0.45
5.858,0.45
5.859,0.45
5.86,0.45
5.861,0.45
5.862,0.45
5.863,0.45
5.864,0.45
5.865,0.45
5.866,0.45
5.867,0.45
5.868,0.45
5.869,0.45
5.87,0.45
5.871,0.45
5.872,0.45
5.873,0.45
5.874,0.45
5.875,0.45
5.876,0.45
5.877,0.45
5.878,0.45
5.879,0.45
5.88,0.45
5.881,0.45
5.882,0.45
5.883,0.45
5.884,0.45
5.885,0.45
5.886,0.45
5.887,0.45
5.888,0.45
5.889,0.45
5.89,0.45
5.891,0.45
5.892,0.45
5.893,0.45
5.894,0.45
5.895,0.45
5.896,0.45
5.897,0.45
5.898,0.45
5.899,0.45
5.9,0.45
5.901,0.45
5.902,0.45
5.903,0.45
5.904,0.45
5.905,0.45
5.906,0.45
5.907,0.45
5.908,0.45
5.909,0.45
5.91,0.45
5.911,0.45
5.912,0.45
5.913,0.45
5.914,0.45
5.915,0.45
5.916,0.45
5.917,0.45
5.918,0.45
5.919,0.45
5.92,0.45
5.921,0.45
5.922,0.45
5.923,0.45
5.924,0.45
5.925,0.45
5.926,0.45
5.927,0.45
5.928,0.45
5.929,0.45
5.93,0.45
5.931,0.45
5.932,0.45
5.933,0.45
5.934,0.45
5.935,0.45
5.936,0.45
5.937,0.45
5.938,0.45
5.939,0.45
5.94,0.45
5.941,0.45
5.942,0.45
5.943,0.45
5.944,0.45
5.945,0.45
5.946,0.45
5.947,0.45
5.948,0.45
5.949,0.45
5.95,0.45
5.951,0.45
5.952,0.45
5.953,0.45
5.954,0.45
5.955,0.45
5.956,0.45
5.957,0.45
5.958,0.45
5.959,0.45
5.96,0.45
5.961,0.45
5.962,0.45
5.963,0.45
5.964,0.45
5.965,0.45
5.966,0.45
5.967,0.45
5.968,0.45
5.969,0.45
5.97,0.45
5.971,0.45
5.972,0.45
5.973,0.45
5.974,0.45
5.975,0.45
5.976,0.45
5.977,0.45
5.978,0.45
5.979,0.45
5.98,0.45
5.981,0.45
5.982,0.45
5.983,0.45
5.984,0.45
5.985,0.45
5.986,0.45
5.987,0.45
5.988,0.45
5.989,0.45
5.99,0.45
5.991,0.45
5.992,0.45
5.993,0.45
5.994,0.45
5.995,0.45
5.996,0.45
5.997,0.45
5.998,0.45
5.999,0.45
6.0,0.45
6.001,0.45
6.002,0.45
6.003,0.45
6.004,0.45
6.005,0.45
6.006,0.45
6.007,0.45
6.008,0.45
6.009,0.45
6.01,0.45
6.011,0.45
6.012,0.45
6.013,0.45
6.014,0.45
6.015,0.45
6.016,0.45
6.017,0.45
6.018,0.45
6.019,0.45
6.02,0.45
6.021,0.45
6.022,0.45
6.023,0.45
6.024,0.45
6.025,0.45
6.026,0.45
6.027,0.45
6.028,0.45
6.029,0.45
6.03,0.45
6.031,0.45
6.032,0.45
6.033,0.45
6.034,0.45
6.035,0.45
6.036,0.45
6.037,0.45
6.038,0.45
6.039,0.45
6.04,0.45
6.041,0.45
6.042,0.45
6.043,0.45
6.044,0.45
6.045,0.45
6.046,0.45
6.047,0.45
6.048,0.45
6.049,0.45
6.05,0.45
6.051,0.45
6.052,0.45
6.053,0.45
6.054,0.45
6.055,0.45
6.056,0.45
6.057,0.45
6.058,0.45
6.059,0.45
6.06,0.45
6.061,0.45
6.062,0.45
6.063,0.45
6.064,0.45
6.065,0.45
6.066,0.45
6.067,0.45
6.068,0.45
6.069,0.45
6.07,0.45
6.071,0.45
6.072,0.45
6.073,0.45
6.074,0.45
6.075,0.45
6.076,0.45
6.077,0.45
6.078,0.45
6.079,0.45
6.08,0.45
6.081,0.45
6.082,0.45
6.083,0.45
6.084,0.45
6.085,0.45
6.086,0.45
6.087,0.45
6.088,0.45
6.089,0.45
6.09,0.45
6.091,0.45
6.092,0.45
6.093,0.45
6.094,0.45
6.095,0.45
6.096,0.45
6.097,0.45
6.098,0.45
6.099,0.45
6.1,0.45
6.101,0.45
6.102,0.45
6.103,0.45
6.104,0.45
6.105,0.45
6.106,0.45
6.107,0.45
6.108,0.45
6.109,0.45
6.11,0.45
6.111,0.45
6.112,0.45
6.113,0.45
6.114,0.45
6.115,0.45
6.116,0.45
6.117,0.45
6.118,0.45
6.119,0.45
6.12,0.45
6.121,0.45
6.122,0.45
6.123,0.45
6.124,0.45
6.125,0.45
6.126,0.45
6.127,0.45
6.128,0.45
6.129,0.45
6.13,0.45
6.131,0.45
6.132,0.45
6.133,0.45
6.134,0.45
6.135,0.45
6.136,0.45
6.137,0.45
6.138,0.45
6.139,0.45
6.14,0.45
6.141,0.45
6.142,0.45
6.143,0.45
6.144,0.45
6.145,0.45
6.146,0.45
6.147,0.45
6.148,0.45
6.149,0.45
6.15,0.45
6.151,0.45
6.152,0.45
6.153,0.45
6.154,0.45
6.155,0.45
6.156,0.45
6.157,0.45
6.158,0.45
6.159,0.45
6.16,0.45
6.161,0.45
6.162,0.45
6.163,0.45
6.164,0.45
6.165,0.45
6.166,0.45
6.167,0.45
6.168,0.45
6.169,0.45
6.17,0.45
6.171,0.45
6.172,0.45
6.173,0.45
6.174,0.45
6.175,0.45
6.176,0.45
6.177,0.45
6.178,0.45
6.179,0.45
6.18,0.45
6.181,0.45
6.182,0.45
6.183,0.45
6.184,0.45
6.185,0.45
6.186,0.45
6.187,0.45
6.188,0.45
6.189,0.45
6.19,0.45
6.191,0.45
6.192,0.45
6.193,0.45
6.194,0.45
6.195,0.45
6.196,0.45
6.197,0.45
6.198,0.45
6.199,0.45
6.2,0.45
6.201,0.45
6.202,0.45
6.203,0.45
6.204,0.45
6.205,0.45
6.206,0.45
6.207,0.45
6.208,0.45
6.209,0.45
6.21,0.45
6.211,0.45
6.212,0.45
6.213,0.45
6.214,0.45
6.215,0.45
6.216,0.45
6.217,0.45
6.218,0.45
6.219,0.45
6.22,0.45
6.221,0.45
6.222,0.45
6.223,0.45
6.224,0.45
6.225,0.45
6.226,0.45
6.227,0.45
6.228,0.45
6.229,0.45
6.23,0.45
6.231,0.45
6.232,0.45
6.233,0.45
6.234,0.45
6.235,0.45
6.236,0.45
6.237,0.45
6.238,0.45
6.239,0.45
6.24,0.45
6.241,0.45
6.242,0.45
6.243,0.45
6.244,0.45
6.245,0.45
6.246,0.45
6.247,0.45
6.248,0.45
6.249,0.45
6.25,0.45
6.251,0.45
6.252,0.45
6.253,0.45
6.254,0.45
6.255,0.45
6.256,0.45
6.257,0.45
6.258,0.45
6.259,0.45
6.26,0.45
6.261,0.45
6.262,0.45
6.263,0.45
6.264,0.45
6.265,0.45
6.266,0.45
6.267,0.45
6.268,0.45
6.269,0.45
6.27,0.45
6.271,0.45
6.272,0.45
6.273,0.45
6.274,0.45
6.275,0.45
6.276,0.45
6.277,0.45
6.278,0.45
6.279,0.45
6.28,0.45
6.281,0.45
6.282,0.45
6.283,0.45
6.284,0.45
6.285,0.45
6.286,0.45
6.287,0.45
6.288,0.45
6.289,0.45
6.29,0.45
6.291,0.45
6.292,0.45
6.293,0.45
6.294,0.45
6.295,0.45
6.296,0.45
6.297,0.45
6.298,0.45
6.299,0.45
6.3,0.45
6.301,0.45
6.302,0.45
6.303,0.45
6.304,0.45
6.305,0.45
6.306,0.45
6.307,0.45
6.308,0.45
6.309,0.45
6.31,0.45
6.311,0.45
6.312,0.45
6.313,0.45
6.314,0.45
6.315,0.45
6.316,0.45
6.317,0.45
6.318,0.45
6.319,0.45
6.32,0.45
6.321,0.45
6.322,0.45
6.323,0.45
6.324,0.45
6.325,0.45
6.326,0.45
6.327,0.45
6.328,0.45
6.329,0.45
6.33,0.45
6.331,0.45
6.332,0.45
6.333,0.45
6.334,0.45
6.335,0.45
6.336,0.45
6.337,0.45
6.338,0.45
6.339,0.45
6.34,0.45
6.341,0.45
6.342,0.45
6.343,0.45
6.344,0.45
6.345,0.45
6.346,0.45
6.347,0.45
6.348,0.45
6.349,0.45
6.35,0.45
6.351,0.45
6.352,0.45
6.353,0.45
6.354,0.45
6.355,0.45
6.356,0.45
6.357,0.45
6.358,0.45
6.359,0.45
6.36,0.45
6.361,0.45
6.362,0.45
6.363,0.45
6.364,0.45
6.365,0.45
6.366,0.45
6.367,0.45
6.368,0.45
6.369,0.45
6.37,0.45
6.371,0.45
6.372,0.45
6.373,0.45
6.374,0.45
6.375,0.45
6.376,0.45
6.377,0.45
6.378,0.45
6.379,0.45
6.38,0.45
6.381,0.45
6.382,0.45
6.383,0.45
6.384,0.45
6.385,0.45
6.386,0.45
6.387,0.45
6.388,0.45
6.389,0.45
6.39,0.45
6.391,0.45
6.392,0.45
6.393,0.45
6.394,0.45
6.395,0.45
6.396,0.45
6.397,0.45
6.398,0.45
6.399,0.45
6.4,0.45
6.401,0.45
6.402,0.45
6.403,0.45
6.404,0.45
6.405,0.45
6.406,0.45
6.407,0.45
6.408,0.45
6.409,0.45
6.41,0.45
6.411,0.45
6.412,0.45
6.413,0.45
6.414,0.45
6.415,0.45
6.416,0.45
6.417,0.45
6.418,0.45
6.419,0.45
6.42,0.45
6.421,0.45
6.422,0.45
6.423,0.45
6.424,0.45
6.425,0.45
6.426,0.45
6.427,0.45
6.428,0.45
6.429,0.45
6.43,0.45
6.431,0.45
6.432,0.45
6.433,0.45
6.434,0.45
6.435,0.45
6.436,0.45
6.437,0.45
6.438,0.45
6.439,0.45
6.44,0.45
6.441,0.45
6.442,0.45
6.443,0.45
6.444,0.45
6.445,0.45
6.446,0.45
6.447,0.45
6.448,0.45
6.449,0.45
6.45,0.45
6.451,0.45
6.452,0.45
6.453,0.45
6.454,0.45
6.455,0.45
6.456,0.45
6.457,0.45
6.458,0.45
6.459,0.45
6.46,0.45
6.461,0.45
6.462,0.45
6.463,0.45
6.464,0.45
6.465,0.45
6.466,0.45
6.467,0.45
6.468,0.45
6.469,0.45
6.47,0.45
6.471,0.45
6.472,0.45
6.473,0.45
6.474,0.45
6.475,0.45
6.476,0.45
6.477,0.45
6.478,0.45
6.479,0.45
6.48,0.45
6.481,0.45
6.482,0.45
6.483,0.45
6.484,0.45
6.485,0.45
6.486,0.45
6.487,0.45
6.488,0.45
6.489,0.45
6.49,0.45
6.491,0.45
6.492,0.45
6.493,0.45
6.494,0.45
6.495,0.45
6.496,0.45
6.497,0.45
6.498,0.45
6.499,0.45
6.5,0.45
6.501,0.45
6.502,0.45
6.503,0.45
6.504,0.45
6.505,0.45
6.506,0.45
6.507,0.45
6.508,0.45
6.509,0.45
6.51,0.45
6.511,0.45
6.512,0.45
6.513,0.45
6.514,0.45
6.515,0.45
6.516,0.45
6.517,0.45
6.518,0.45
6.519,0.45
6.52,0.45
6.521,0.45
6.522,0.45
6.523,0.45
6.524,0.45
6.525,0.45
6.526,0.45
6.527,0.45
6.528,0.45
6.529,0.45
6.53,0.45
6.531,0.45
6.532,0.45
6.533,0.45
6.534,0.45
6.535,0.45
6.536,0.45
6.537,0.45
6.538,0.45
6.539,0.45
6.54,0.45
6.541,0.45
6.542,0.45
6.543,0.45
6.544,0.45
6.545,0.45
6.546,0.45
6.547,0.45
6.548,0.45
6.549,0.45
6.55,0.45
6.551,0.45
6.552,0.45
6.553,0.45
6.554,0.45
6.555,0.45
6.556,0.45
6.557,0.45
6.558,0.45
6.559,0.45
6.56,0.45
6.561,0.45
6.562,0.45
6.563,0.45
6.564,0.45
6.565,0.45
6.566,0.45
6.567,0.45
6.568,0.45
6.569,0.45
6.57,0.45
6.571,0.45
6.572,0.45
6.573,0.45
6.574,0.45
6.575,0.45
6.576,0.45
6.577,0.45
6.578,0.45
6.579,0.45
6.58,0.45
6.581,0.45
6.582,0.45
6.583,0.45
6.584,0.45
6.585,0.45
6.586,0.45
6.587,0.45
6.588,0.45
6.589,0.45
6.59,0.45
6.591,0.45
6.592,0.45
6.593,0.45
6.594,0.45
6.595,0.45
6.596,0.45
6.597,0.45
6.598,0.45
6.599,0.45
6.6,0.45
6.601,0.45
6.602,0.45
6.603,0.45
6.604,0.45
6.605,0.45
6.606,0.45
6.607,0.45
6.608,0.45
6.609,0.45
6.61,0.45
6.611,0.45
6.612,0.45
6.613,0.45
6.614,0.45
6.615,0.45
6.616,0.45
6.617,0.45
6.618,0.45
6.619,0.45
6.62,0.45
6.621,0.45
6.622,0.45
6.623,0.45
6.624,0.45
6.625,0.45
6.626,0.45
6.627,0.45
6.628,0.45
6.629,0.45
6.63,0.45
6.631,0.45
6.632,0.45
6.633,0.45
6.634,0.45
6.635,0.45
6.636,0.45
6.637,0.45
6.638,0.45
6.639,0.45
6.64,0.45
6.641,0.45
6.642,0.45
6.643,0.45
6.644,0.45
6.645,0.45
6.646,0.45
6.647,0.45
6.648,0.45
6.649,0.45
6.65,0.45
6.651,0.45
6.652,0.45
6.653,0.45
6.654,0.45
6.655,0.45
6.656,0.45
6.657,0.45
6.658,0.45
6.659,0.45
6.66,0.45
6.661,0.45
6.662,0.45
6.663,0.45
6.664,0.45
6.665,0.45
6.666,0.45
6.667,0.45
6.668,0.45
6.669,0.45
6.67,0.45
6.671,0.45
6.672,0.45
6.673,0.45
6.674,0.45
6.675,0.45
6.676,0.45
6.677,0.45
6.678,0.45
6.679,0.45
6.68,0.45
6.681,0.45
6.682,0.45
6.683,0.45
6.684,0.45
6.685,0.45
6.686,0.45
6.687,0.45
6.688,0.45
6.689,0.45
6.69,0.45
6.691,0.45
6.692,0.45
6.693,0.45
6.694,0.45
6.695,0.45
6.696,0.45
6.697,0.45
6.698,0.45
6.699,0.45
6.7,0.45
6.701,0.45
6.702,0.45
6.703,0.45
6.704,0.45
6.705,0.45
6.706,0.45
6.707,0.45
6.708,0.45
6.709,0.45
6.71,0.45
6.711,0.45
6.712,0.45
6.713,0.45
6.714,0.45
6.715,0.45
6.716,0.45
6.717,0.45
6.718,0.45
6.719,0.45
6.72,0.45
6.721,0.45
6.722,0.45
6.723,0.45
6.724,0.45
6.725,0.45
6.726,0.45
6.727,0.45
6.728,0.45
6.729,0.45
6.73,0.45
6.731,0.45
6.732,0.45
6.733,0.45
6.734,0.45
6.735,0.45
6.736,0.45
6.737,0.45
6.738,0.45
6.739,0.45
6.74,0.45
6.741,0.45
6.742,0.45
6.743,0.45
6.744,0.45
6.745,0.45
6.746,0.45
6.747,0.45
6.748,0.45
6.749,0.45
6.75,0.45
6.751,0.45
6.752,0.45
6.753,0.45
6.754,0.45
6.755,0.45
6.756,0.45
6.757,0.45
6.758,0.45
6.759,0.45
6.76,0.45
6.761,0.45
6.762,0.45
6.763,0.45
6.764,0.45
6.765,0.45
6.766,0.45
6.767,0.45
6.768,0.45
6.769,0.45
6.77,0.45
6.771,0.45
6.772,0.45
6.773,0.45
6.774,0.45
6.775,0.45
6.776,0.45
6.777,0.45
6.778,0.45
6.779,0.45
6.78,0.45
6.781,0.45
6.782,0.45
6.783,0.45
6.784,0.45
6.785,0.45
6.786,0.45
6.787,0.45
6.788,0.45
6.789,0.45
6.79,0.45
6.791,0.45
6.792,0.45
6.793,0.45
6.794,0.45
6.795,0.45
6.796,0.45
6.797,0.45
6.798,0.45
6.799,0.45
6.8,0.45
6.801,0.45
6.802,0.45
6.803,0.45
6.804,0.45
6.805,0.45
6.806,0.45
6.807,0.45
6.808,0.45
6.809,0.45
6.81,0.45
6.811,0.45
6.812,0.45
6.813,0.45
6.814,0.45
6.815,0.45
6.816,0.45
6.817,0.45
6.818,0.45
6.819,0.45
6.82,0.45
6.821,0.45
6.822,0.45
6.823,0.45
6.824,0.45
6.825,0.45
6.826,0.45
6.827,0.45
6.828,0.45
6.829,0.45
6.83,0.45
6.831,0.45
6.832,0.45
6.833,0.45
6.834,0.45
6.835,0.45
6.836,0.45
6.837,0.45
6.838,0.45
6.839,0.45
6.84,0.45
6.841,0.45
6.842,0.45
6.843,0.45
6.844,0.45
6.845,0.45
6.846,0.45
6.847,0.45
6.848,0.45
6.849,0.45
6.85,0.45
6.851,0.45
6.852,0.45
6.853,0.45
6.854,0.45
6.855,0.45
6.856,0.45
6.857,0.45
6.858,0.45
6.859,0.45
6.86,0.45
6.861,0.45
6.862,0.45
6.863,0.45
6.864,0.45
6.865,0.45
6.866,0.45
6.867,0.45
6.868,0.45
6.869,0.45
6.87,0.45
6.871,0.45
6.872,0.45
6.873,0.45
6.874,0.45
6.875,0.45
6.876,0.45
6.877,0.45
6.878,0.45
6.879,0.45
6.88,0.45
6.881,0.45
6.882,0.45
6.883,0.45
6.884,0.45
6.885,0.45
6.886,0.45
6.887,0.45
6.888,0.45
6.889,0.45
6.89,0.45
6.891,0.45
6.892,0.45
6.893,0.45
6.894,0.45
6.895,0.45
6.896,0.45
6.897,0.45
6.898,0.45
6.899,0.45
6.9,0.45
6.901,0.45
6.902,0.45
6.903,0.45
6.904,0.45
6.905,0.45
6.906,0.45
6.907,0.45
6.908,0.45
6.909,0.45
6.91,0.45
6.911,0.45
6.912,0.45
6.913,0.45
6.914,0.45
6.915,0.45
6.916,0.45
6.917,0.45
6.918,0.45
6.919,0.45
6.92,0.45
6.921,0.45
6.922,0.45
6.923,0.45
6.924,0.45
6.925,0.45
6.926,0.45
6.927,0.45
6.928,0.45
6.929,0.45
6.93,0.45
6.931,0.45
6.932,0.45
6.933,0.45
6.934,0.45
6.935,0.45
6.936,0.45
6.937,0.45
6.938,0.45
6.939,0.45
6.94,0.45
6.941,0.45
6.942,0.45
6.943,0.45
6.944,0.45
6.945,0.45
6.946,0.45
6.947,0.45
6.948,0.45
6.949,0.45
6.95,0.45
6.951,0.45
6.952,0.45
6.953,0.45
6.954,0.45
6.955,0.45
6.956,0.45
6.957,0.45
6.958,0.45
6.959,0.45
6.96,0.45
6.961,0.45
6.962,0.45
6.963,0.45
6.964,0.45
6.965,0.45
6.966,0.45
6.967,0.45
6.968,0.45
6.969,0.45
6.97,0.45
6.971,0.45
6.972,0.45
6.973,0.45
6.974,0.45
6.975,0.45
6.976,0.45
6.977,0.45
6.978,0.45
6.979,0.45
6.98,0.45
6.981,0.45
6.982,0.45
6.983,0.45
6.984,0.45
6.985,0.45
6.986,0.45
6.987,0.45
6.988,0.45
6.989,0.45
6.99,0.45
6.991,0.45
6.992,0.45
6.993,0.45
6.994,0.45
6.995,0.45
6.996,0.45
6.997,0.45
6.998,0.45
6.999,0.45
7.0,0.45
7.001,0.45
7.002,0.45
7.003,0.45
7.004,0.45
7.005,0.45
7.006,0.45
7.007,0.45
7.008,0.45
7.009,0.45
7.01,0.45
7.011,0.45
7.012,0.45
7.013,0.45
7.014,0.45
7.015,0.45
7.016,0.45
7.017,0.45
7.018,0.45
7.019,0.45
7.02,0.45
7.021,0.45
7.022,0.45
7.023,0.45
7.024,0.45
7.025,0.45
7.026,0.45
7.027,0.45
7.028,0.45
7.029,0.45
7.03,0.45
7.031,0.45
7.032,0.45
7.033,0.45
7.034,0.45
7.035,0.45
7.036,0.45
7.037,0.45
7.038,0.45
7.039,0.45
7.04,0.45
7.041,0.45
7.042,0.45
7.043,0.45
7.044,0.45
7.045,0.45
7.046,0.45
7.047,0.45
7.048,0.45
7.049,0.45
7.05,0.45
7.051,0.45
7.052,0.45
7.053,0.45
7.054,0.45
7.055,0.45
7.056,0.45
7.057,0.45
7.058,0.45
7.059,0.45
7.06,0.45
7.061,0.45
7.062,0.45
7.063,0.45
7.064,0.45
7.065,0.45
7.066,0.45
7.067,0.45
7.068,0.45
7.069,0.45
7.07,0.45
7.071,0.45
7.072,0.45
7.073,0.45
7.074,0.45
7.075,0.45
7.076,0.45
7.077,0.45
7.078,0.45
7.079,0.45
7.08,0.45
7.081,0.45
7.082,0.45
7.083,0.45
7.084,0.45
7.085,0.45
7.086,0.45
7.087,0.45
7.088,0.45
7.089,0.45
7.09,0.45
7.091,0.45
7.092,0.45
7.093,0.45
7.094,0.45
7.095,0.45
7.096,0.45
7.097,0.45
7.098,0.45
7.099,0.45
7.1,0.45
7.101,0.45
7.102,0.45
7.103,0.45
7.104,0.45
7.105,0.45
7.106,0.45
7.107,0.45
7.108,0.45
7.109,0.45
7.11,0.45
7.111,0.45
7.112,0.45
7.113,0.45
7.114,0.45
7.115,0.45
7.116,0.45
7.117,0.45
7.118,0.45
7.119,0.45
7.12,0.45
7.121,0.45
7.122,0.45
7.123,0.45
7.124,0.45
7.125,0.45
7.126,0.45
7.127,0.45
7.128,0.45
7.129,0.45
7.13,0.45
7.131,0.45
7.132,0.45
7.133,0.45
7.134,0.45
7.135,0.45
7.136,0.45
7.137,0.45
7.138,0.45
7.139,0.45
7.14,0.45
7.141,0.45
7.142,0.45
7.143,0.45
7.144,0.45
7.145,0.45
7.146,0.45
7.147,0.45
7.148,0.45
7.149,0.45
7.15,0.45
7.151,0.45
7.152,0.45
7.153,0.45
7.154,0.45
7.155,0.45
7.156,0.45
7.157,0.45
7.158,0.45
7.159,0.45
7.16,0.45
7.161,0.45
7.162,0.45
7.163,0.45
7.164,0.45
7.165,0.45
7.166,0.45
7.167,0.45
7.168,0.45
7.169,0.45
7.17,0.45
7.171,0.45
7.172,0.45
7.173,0.45
7.174,0.45
7.175,0.45
7.176,0.45
7.177,0.45
7.178,0.45
7.179,0.45
7.18,0.45
7.181,0.45
7.182,0.45
7.183,0.45
7.184,0.45
7.185,0.45
7.186,0.45
7.187,0.45
7.188,0.45
7.189,0.45
7.19,0.45
7.191,0.45
7.192,0.45
7.193,0.45
7.194,0.45
7.195,0.45
7.196,0.45
7.197,0.45
7.198,0.45
7.199,0.45
7.2,0.45
7.201,0.45
7.202,0.45
7.203,0.45
7.204,0.45
7.205,0.45
7.206,0.45
7.207,0.45
7.208,0.45
7.209,0.45
7.21,0.45
7.211,0.45
7.212,0.45
7.213,0.45
7.214,0.45
7.215,0.45
7.216,0.45
7.217,0.45
7.218,0.45
7.219,0.45
7.22,0.45
7.221,0.45
7.222,0.45
7.223,0.45
7.224,0.45
7.225,0.45
7.226,0.45
7.227,0.45
7.228,0.45
7.229,0.45
7.23,0.45
7.231,0.45
7.232,0.45
7.233,0.45
7.234,0.45
7.235,0.45
7.236,0.45
7.237,0.45
7.238,0.45
7.239,0.45
7.24,0.45
7.241,0.45
7.242,0.45
7.243,0.45
7.244,0.45
7.245,0.45
7.246,0.45
7.247,0.45
7.248,0.45
7.249,0.45
7.25,0.45
7.251,0.45
7.252,0.45
7.253,0.45
7.254,0.45
7.255,0.45
7.256,0.45
7.257,0.45
7.258,0.45
7.259,0.45
7.26,0.45
7.261,0.45
7.262,0.45
7.263,0.45
7.264,0.45
7.265,0.45
7.266,0.45
7.267,0.45
7.268,0.45
7.269,0.45
7.27,0.45
7.271,0.45
7.272,0.45
7.273,0.45
7.274,0.45
7.275,0.45
7.276,0.45
7.277,0.45
7.278,0.45
7.279,0.45
7.28,0.45
7.281,0.45
7.282,0.45
7.283,0.45
7.284,0.45
7.285,0.45
7.286,0.45
7.287,0.45
7.288,0.45
7.289,0.45
7.29,0.45
7.291,0.45
7.292,0.45
7.293,0.45
7.294,0.45
7.295,0.45
7.296,0.45
7.297,0.45
7.298,0.45
7.299,0.45
7.3,0.45
7.301,0.45
7.302,0.45
7.303,0.45
7.304,0.45
7.305,0.45
7.306,0.45
7.307,0.45
7.308,0.45
7.309,0.45
7.31,0.45
7.311,0.45
7.312,0.45
7.313,0.45
7.314,0.45
7.315,0.45
7.316,0.45
7.317,0.45
7.318,0.45
7.319,0.45
7.32,0.45
7.321,0.45
7.322,0.45
7.323,0.45
7.324,0.45
7.325,0.45
7.326,0.45
7.327,0.45
7.328,0.45
7.329,0.45
7.33,0.45
7.331,0.45
7.332,0.45
7.333,0.45
7.334,0.45
7.335,0.45
7.336,0.45
7.337,0.45
7.338,0.45
7.339,0.45
7.34,0.45
7.341,0.45
7.342,0.45
7.343,0.45
7.344,0.45
7.345,0.45
7.346,0.45
7.347,0.45
7.348,0.45
7.349,0.45
7.35,0.45
7.351,0.45
7.352,0.45
7.353,0.45
7.354,0.45
7.355,0.45
7.356,0.45
7.357,0.45
7.358,0.45
7.359,0.45
7.36,0.45
7.361,0.45
7.362,0.45
7.363,0.45
7.364,0.45
7.365,0.45
7.366,0.45
7.367,0.45
7.368,0.45
7.369,0.45
7.37,0.45
7.371,0.45
7.372,0.45
7.373,0.45
7.374,0.45
7.375,0.45
7.376,0.45
7.377,0.45
7.378,0.45
7.379,0.45
7.38,0.45
7.381,0.45
7.382,0.45
7.383,0.45
7.384,0.45
7.385,0.45
7.386,0.45
7.387,0.45
7.388,0.45
7.389,0.45
7.39,0.45
7.391,0.45
7.392,0.45
7.393,0.45
7.394,0.45
7.395,0.45
7.396,0.45
7.397,0.45
7.398,0.45
7.399,0.45
7.4,0.45
7.401,0.45
7.402,0.45
7.403,0.45
7.404,0.45
7.405,0.45
7.406,0.45
7.407,0.45
7.408,0.45
7.409,0.45
7.41,0.45
7.411,0.45
7.412,0.45
7.413,0.45
7.414,0.45
7.415,0.45
7.416,0.45
7.417,0.45
7.418,0.45
7.419,0.45
7.42,0.45
7.421,0.45
7.422,0.45
7.423,0.45
7.424,0.45
7.425,0.45
7.426,0.45
7.427,0.45
7.428,0.45
7.429,0.45
7.43,0.45
7.431,0.45
7.432,0.45
7.433,0.45
7.434,0.45
7.435,0.45
7.436,0.45
7.437,0.45
7.438,0.45
7.439,0.45
7.44,0.45
7.441,0.45
7.442,0.45
7.443,0.45
7.444,0.45
7.445,0.45
7.446,0.45
7.447,0.45
7.448,0.45
7.449,0.45
7.45,0.45
7.451,0.45
7.452,0.45
7.453,0.45
7.454,0.45
7.455,0.45
7.456,0.45
7.457,0.45
7.458,0.45
7.459,0.45
7.46,0.45
7.461,0.45
7.462,0.45
7.463,0.45
7.464,0.45
7.465,0.45
7.466,0.45
7.467,0.45
7.468,0.45
7.469,0.45
7.47,0.45
7.471,0.45
7.472,0.45
7.473,0.45
7.474,0.45
7.475,0.45
7.476,0.45
7.477,0.45
7.478,0.45
7.479,0.45
7.48,0.45
7.481,0.45
7.482,0.45
7.483,0.45
7.484,0.45
7.485,0.45
7.486,0.45
7.487,0.45
7.488,0.45
7.489,0.45
7.49,0.45
7.491,0.45
7.492,0.45
7.493,0.45
7.494,0.45
7.495,0.45
7.496,0.45
7.497,0.45
7.498,0.45
7.499,0.45
7.5,0.45
7.501,0.45
7.502,0.45
7.503,0.45
7.504,0.45
7.505,0.45
7.506,0.45
7.507,0.45
7.508,0.45
7.509,0.45
7.51,0.45
7.511,0.45
7.512,0.45
7.513,0.45
7.514,0.45
7.515,0.45
7.516,0.45
7.517,0.45
7.518,0.45
7.519,0.45
7.52,0.45
7.521,0.45
7.522,0.45
7.523,0.45
7.524,0.45
7.525,0.45
7.526,0.45
7.527,0.45
7.528,0.45
7.529,0.45
7.53,0.45
7.531,0.45
7.532,0.45
7.533,0.45
7.534,0.45
7.535,0.45
7.536,0.45
7.537,0.45
7.538,0.45
7.539,0.45
7.54,0.45
7.541,0.45
7.542,0.45
7.543,0.45
7.544,0.45
7.545,0.45
7.546,0.45
7.547,0.45
7.548,0.45
7.549,0.45
7.55,0.45
7.551,0.45
7.552,0.45
7.553,0.45
7.554,0.45
7.555,0.45
7.556,0.45
7.557,0.45
7.558,0.45
7.559,0.45
7.56,0.45
7.561,0.45
7.562,0.45
7.563,0.45
7.564,0.45
7.565,0.45
7.566,0.45
7.567,0.45
7.568,0.45
7.569,0.45
7.57,0.45
7.571,0.45
7.572,0.45
7.573,0.45
7.574,0.45
7.575,0.45
7.576,0.45
7.577,0.45
7.578,0.45
7.579,0.45
7.58,0.45
7.581,0.45
7.582,0.45
7.583,0.45
7.584,0.45
7.585,0.45
7.586,0.45
7.587,0.45
7.588,0.45
7.589,0.45
7.59,0.45
7.591,0.45
7.592,0.45
7.593,0.45
7.594,0.45
7.595,0.45
7.596,0.45
7.597,0.45
7.598,0.45
7.599,0.45
7.6,0.45
7.601,0.45
7.602,0.45
7.603,0.45
7.604,0.45
7.605,0.45
7.606,0.45
7.607,0.45
7.608,0.45
7.609,0.45
7.61,0.45
7.611,0.45
7.612,0.45
7.613,0.45
7.614,0.45
7.615,0.45
7.616,0.45
7.617,0.45
7.618,0.45
7.619,0.45
7.62,0.45
7.621,0.45
7.622,0.45
7.623,0.45
7.624,0.45
7.625,0.45
7.626,0.45
7.627,0.45
7.628,0.45
7.629,0.45
7.63,0.45
7.631,0.45
7.632,0.45
7.633,0.45
7.634,0.45
7.635,0.45
7.636,0.45
7.637,0.45
7.638,0.45
7.639,0.45
7.64,0.45
7.641,0.45
7.642,0.45
7.643,0.45
7.644,0.45
7.645,0.45
7.646,0.45
7.647,0.45
7.648,0.45
7.649,0.45
7.65,0.45
7.651,0.45
7.652,0.45
7.653,0.45
7.654,0.45
7.655,0.45
7.656,0.45
7.657,0.45
7.658,0.45
7.659,0.45
7.66,0.45
7.661,0.45
7.662,0.45
7.663,0.45
7.664,0.45
7.665,0.45
7.666,0.45
7.667,0.45
7.668,0.45
7.669,0.45
7.67,0.45
7.671,0.45
7.672,0.45
7.673,0.45
7.674,0.45
7.675,0.45
7.676,0.45
7.677,0.45
7.678,0.45
7.679,0.45
7.68,0.45
7.681,0.45
7.682,0.45
7.683,0.45
7.684,0.45
7.685,0.45
7.686,0.45
7.687,0.45
7.688,0.45
7.689,0.45
7.69,0.45
7.691,0.45
7.692,0.45
7.693,0.45
7.694,0.45
7.695,0.45
7.696,0.45
7.697,0.45
7.698,0.45
7.699,0.45
7.7,0.45
7.701,0.45
7.702,0.45
7.703,0.45
7.704,0.45
7.705,0.45
7.706,0.45
7.707,0.45
7.708,0.45
7.709,0.45
7.71,0.45
7.711,0.45
7.712,0.45
7.713,0.45
7.714,0.45
7.715,0.45
7.716,0.45
7.717,0.45
7.718,0.45
7.719,0.45
7.72,0.45
7.721,0.45
7.722,0.45
7.723,0.45
7.724,0.45
7.725,0.45
7.726,0.45
7.727,0.45
7.728,0.45
7.729,0.45
7.73,0.45
7.731,0.45
7.732,0.45
7.733,0.45
7.734,0.45
7.735,0.45
7.736,0.45
7.737,0.45
7.738,0.45
7.739,0.45
7.74,0.45
7.741,0.45
7.742,0.45
7.743,0.45
7.744,0.45
7.745,0.45
7.746,0.45
7.747,0.45
7.748,0.45
7.749,0.45
7.75,0.45
7.751,0.45
7.752,0.45
7.753,0.45
7.754,0.45
7.755,0.45
7.756,0.45
7.757,0.45
7.758,0.45
7.759,0.45
7.76,0.45
7.761,0.45
7.762,0.45
7.763,0.45
7.764,0.45
7.765,0.45
7.766,0.45
7.767,0.45
7.768,0.45
7.769,0.45
7.77,0.45
7.771,0.45
7.772,0.45
7.773,0.45
7.774,0.45
7.775,0.45
7.776,0.45
7.777,0.45
7.778,0.45
7.779,0.45
7.78,0.45
7.781,0.45
7.782,0.45
7.783,0.45
7.784,0.45
7.785,0.45
7.786,0.45
7.787,0.45
7.788,0.45
7.789,0.45
7.79,0.45
7.791,0.45
7.792,0.45
7.793,0.45
7.794,0.45
7.795,0.45
7.796,0.45
7.797,0.45
7.798,0.45
7.799,0.45
7.8,0.45
7.801,0.45
7.802,0.45
7.803,0.45
7.804,0.45
7.805,0.45
7.806,0.45
7.807,0.45
7.808,0.45
7.809,0.45
7.81,0.45
7.811,0.45
7.812,0.45
7.813,0.45
7.814,0.45
7.815,0.45
7.816,0.45
7.817,0.45
7.818,0.45
7.819,0.45
7.82,0.45
7.821,0.45
7.822,0.45
7.823,0.45
7.824,0.45
7.825,0.45
7.826,0.45
7.827,0.45
7.828,0.45
7.829,0.45
7.83,0.45
7.831,0.45
7.832,0.45
7.833,0.45
7.834,0.45
7.835,0.45
7.836,0.45
7.837,0.45
7.838,0.45
7.839,0.45
7.84,0.45
7.841,0.45
7.842,0.45
7.843,0.45
7.844,0.45
7.845,0.45
7.846,0.45
7.847,0.45
7.848,0.45
7.849,0.45
7.85,0.45
7.851,0.45
7.852,0.45
7.853,0.45
7.854,0.45
7.855,0.45
7.856,0.45
7.857,0.45
7.858,0.45
7.859,0.45
7.86,0.45
7.861,0.45
7.862,0.45
7.863,0.45
7.864,0.45
7.865,0.45
7.866,0.45
7.867,0.45
7.868,0.45
7.869,0.45
7.87,0.45
7.871,0.45
7.872,0.45
7.873,0.45
7.874,0.45
7.875,0.45
7.876,0.45
7.877,0.45
7.878,0.45
7.879,0.45
7.88,0.45
7.881,0.45
7.882,0.45
7.883,0.45
7.884,0.45
7.885,0.45
7.886,0.45
7.887,0.45
7.888,0.45
7.889,0.45
7.89,0.45
7.891,0.45
7.892,0.45
7.893,0.45
7.894,0.45
7.895,0.45
7.896,0.45
7.897,0.45
7.898,0.45
7.899,0.45
7.9,0.45
7.901,0.45
7.902,0.45
7.903,0.45
7.904,0.45
7.905,0.45
7.906,0.45
7.907,0.45
7.908,0.45
7.909,0.45
7.91,0.45
7.911,0.45
7.912,0.45
7.913,0.45
7.914,0.45
7.915,0.45
7.916,0.45
7.917,0.45
7.918,0.45
7.919,0.45
7.92,0.45
7.921,0.45
7.922,0.45
7.923,0.45
7.924,0.45
7.925,0.45
7.926,0.45
7.927,0.45
7.928,0.45
7.929,0.45
7.93,0.45
7.931,0.45
7.932,0.45
7.933,0.45
7.934,0.45
7.935,0.45
7.936,0.45
7.937,0.45
7.938,0.45
7.939,0.45
7.94,0.45
7.941,0.45
7.942,0.45
7.943,0.45
7.944,0.45
7.945,0.45
7.946,0.45
7.947,0.45
7.948,0.45
7.949,0.45
7.95,0.45
7.951,0.45
7.952,0.45
7.953,0.45
7.954,0.45
7.955,0.45
7.956,0.45
7.957,0.45
7.958,0.45
7.959,0.45
7.96,0.45
7.961,0.45
7.962,0.45
7.963,0.45
7.964,0.45
7.965,0.45
7.966,0.45
7.967,0.45
7.968,0.45
7.969,0.45
7.97,0.45
7.971,0.45
7.972,0.45
7.973,0.45
7.974,0.45
7.975,0.45
7.976,0.45
7.977,0.45
7.978,0.45
7.979,0.45
7.98,0.45
7.981,0.45
7.982,0.45
7.983,0.45
7.984,0.45
7.985,0.45
7.986,0.45
7.987,0.45
7.988,0.45
7.989,0.45
7.99,0.45
7.991,0.45
7.992,0.45
7.993,0.45
7.994,0.45
7.995,0.45
7.996,0.45
7.997,0.45
7.998,0.45
7.999,0.45
8.0,0.45
8.001,0.45
8.002,0.45
8.003,0.45
8.004,0.45
8.005,0.45
8.006,0.45
8.007,0.45
8.008,0.45
8.009,0.45
8.01,0.45
8.011,0.45
8.012,0.45
8.013,0.45
8.014,0.45
8.015,0.45
8.016,0.45
8.017,0.45
8.018,0.45
8.019,0.45
8.02,0.45
8.021,0.45
8.022,0.45
8.023,0.45
8.024,0.45
8.025,0.45
8.026,0.45
8.027,0.45
8.028,0.45
8.029,0.45
8.03,0.45
8.031,0.45
8.032,0.45
8.033,0.45
8.034,0.45
8.035,0.45
8.036,0.45
8.037,0.45
8.038,0.45
8.039,0.45
8.04,0.45
8.041,0.45
8.042,0.45
8.043,0.45
8.044,0.45
8.045,0.45
8.046,0.45
8.047,0.45
8.048,0.45
8.049,0.45
8.05,0.45
8.051,0.45
8.052,0.45
8.053,0.45
8.054,0.45
8.055,0.45
8.056,0.45
8.057,0.45
8.058,0.45
8.059,0.45
8.06,0.45
8.061,0.45
8.062,0.45
8.063,0.45
8.064,0.45
8.065,0.45
8.066,0.45
8.067,0.45
8.068,0.45
8.069,0.45
8.07,0.45
8.071,0.45
8.072,0.45
8.073,0.45
8.074,0.45
8.075,0.45
8.076,0.45
8.077,0.45
8.078,0.45
8.079,0.45
8.08,0.45
8.081,0.45
8.082,0.45
8.083,0.45
8.084,0.45
8.085,0.45
8.086,0.45
8.087,0.45
8.088,0.45
8.089,0.45
8.09,0.45
8.091,0.45
8.092,0.45
8.093,0.45
8.094,0.45
8.095,0.45
8.096,0.45
8.097,0.45
8.098,0.45
8.099,0.45
8.1,0.45
8.101,0.45
8.102,0.45
8.103,0.45
8.104,0.45
8.105,0.45
8.106,0.45
8.107,0.45
8.108,0.45
8.109,0.45
8.11,0.45
8.111,0.45
8.112,0.45
8.113,0.45
8.114,0.45
8.115,0.45
8.116,0.45
8.117,0.45
8.118,0.45
8.119,0.45
8.12,0.45
8.121,0.45
8.122,0.45
8.123,0.45
8.124,0.45
8.125,0.45
8.126,0.45
8.127,0.45
8.128,0.45
8.129,0.45
8.13,0.45
8.131,0.45
8.132,0.45
8.133,0.45
8.134,0.45
8.135,0.45
8.136,0.45
8.137,0.45
8.138,0.45
8.139,0.45
8.14,0.45
8.141,0.45
8.142,0.45
8.143,0.45
8.144,0.45
8.145,0.45
8.146,0.45
8.147,0.45
8.148,0.45
8.149,0.45
8.15,0.45
8.151,0.45
8.152,0.45
8.153,0.45
8.154,0.45
8.155,0.45
8.156,0.45
8.157,0.45
8.158,0.45
8.159,0.45
8.16,0.45
8.161,0.45
8.162,0.45
8.163,0.45
8.164,0.45
8.165,0.45
8.166,0.45
8.167,0.45
8.168,0.45
8.169,0.45
8.17,0.45
8.171,0.45
8.172,0.45
8.173,0.45
8.174,0.45
8.175,0.45
8.176,0.45
8.177,0.45
8.178,0.45
8.179,0.45
8.18,0.45
8.181,0.45
8.182,0.45
8.183,0.45
8.184,0.45
8.185,0.45
8.186,0.45
8.187,0.45
8.188,0.45
8.189,0.45
8.19,0.45
8.191,0.45
8.192,0.45
8.193,0.45
8.194,0.45
8.195,0.45
8.196,0.45
8.197,0.45
8.198,0.45
8.199,0.45
8.2,0.45
8.201,0.45
8.202,0.45
8.203,0.45
8.204,0.45
8.205,0.45
8.206,0.45
8.207,0.45
8.208,0.45
8.209,0.45
8.21,0.45
8.211,0.45
8.212,0.45
8.213,0.45
8.214,0.45
8.215,0.45
8.216,0.45
8.217,0.45
8.218,0.45
8.219,0.45
8.22,0.45
8.221,0.45
8.222,0.45
8.223,0.45
8.224,0.45
8.225,0.45
8.226,0.45
8.227,0.45
8.228,0.45
8.229,0.45
8.23,0.45
8.231,0.45
8.232,0.45
8.233,0.45
8.234,0.45
8.235,0.45
8.236,0.45
8.237,0.45
8.238,0.45
8.239,0.45
8.24,0.45
8.241,0.45
8.242,0.45
8.243,0.45
8.244,0.45
8.245,0.45
8.246,0.45
8.247,0.45
8.248,0.45
8.249,0.45
8.25,0.45
8.251,0.45
8.252,0.45
8.253,0.45
8.254,0.45
8.255,0.45
8.256,0.45
8.257,0.45
8.258,0.45
8.259,0.45
8.26,0.45
8.261,0.45
8.262,0.45
8.263,0.45
8.264,0.45
8.265,0.45
8.266,0.45
8.267,0.45
8.268,0.45
8.269,0.45
8.27,0.45
8.271,0.45
8.272,0.45
8.273,0.45
8.274,0.45
8.275,0.45
8.276,0.45
8.277,0.45
8.278,0.45
8.279,0.45
8.28,0.45
8.281,0.45
8.282,0.45
8.283,0.45
8.284,0.45
8.285,0.45
8.286,0.45
8.287,0.45
8.288,0.45
8.289,0.45
8.29,0.45
8.291,0.45
8.292,0.45
8.293,0.45
8.294,0.45
8.295,0.45
8.296,0.45
8.297,0.45
8.298,0.45
8.299,0.45
8.3,0.45
8.301,0.45
8.302,0.45
8.303,0.45
8.304,0.45
8.305,0.45
8.306,0.45
8.307,0.45
8.308,0.45
8.309,0.45
8.31,0.45
8.311,0.45
8.312,0.45
8.313,0.45
8.314,0.45
8.315,0.45
8.316,0.45
8.317,0.45
8.318,0.45
8.319,0.45
8.32,0.45
8.321,0.45
8.322,0.45
8.323,0.0
8.324,0.0
8.325,0.0
8.326,0.0
8.327,0.0
8.328,0.0
8.329,0.0
8.33,0.0
8.331,0.0
8.332,0.0
8.333,0.0
8.334,0.0
8.335,0.0
8.336,0.0
8.337,0.0
8.338,0.0
8.339,0.0
8.34,0.0
8.341,0.0
8.342,0.0
8.343,0.0
8.344,0.0
8.345,0.0
8.346,0.0
8.347,0.0
8.348,0.0
8.349,0.0
8.35,0.0
8.351,0.0
8.352,0.0
8.353,0.0
8.354,0.0
8.355,0.0
8.356,0.0
8.357,0.0
8.358,0.0
8.359,0.0
8.36,0.0
8.361,0.0
8.362,0.0
8.363,0.0
8.364,0.0
8.365,0.0
8.366,0.0
8.367,0.0
8.368,0.0
8.369,0.0
8.37,0.0
8.371,0.0
8.372,0.0
8.373,0.0
8.374,0.0
8.375,0.0
8.376,0.0
8.377,0.0
8.378,0.0
8.379,0.0
8.38,0.0
8.381,0.0
8.382,0.0
8.383,0.0
8.384,0.0
8.385,0.0
8.386,0.0
8.387,0.0
8.388,0.0
8.389,0.0
8.39,0.0
8.391,0.0
8.392,0.0
8.393,0.0
8.394,0.0
8.395,0.0
8.396,0.0
8.397,0.0
8.398,0.0
8.399,0.0
8.4,0.0
8.401,0.0
8.402,0.0
8.403,0.0
8.404,0.0
8.405,0.0
8.406,0.0
8.407,0.0
8.408,0.0
8.409,0.0
8.41,0.0
8.411,0.0
8.412,0.0
8.413,0.0
8.414,0.0
8.415,0.0
8.416,0.0
8.417,0.0
8.418,0.0
8.419,0.0
8.42,0.0
8.421,0.0
8.422,0.0
8.423,0.0
8.424,0.0
8.425,0.0
8.426,0.0
8.427,0.0
8.428,0.0
8.429,0.0
8.43,0.0
8.431,0.0
8.432,0.0
8.433,0.0
8.434,0.0
8.435,0.0
8.436,0.0
8.437,0.0
8.438,0.0
8.439,0.0
8.44,0.0
8.441,0.0
8.442,0.0
8.443,0.0
8.444,0.0
8.445,0.0
8.446,0.0
8.447,0.0
8.448,0.0
8.449,0.0
8.45,0.0
8.451,0.0
8.452,0.0
8.453,0.0
8.454,0.0
8.455,0.0
8.456,0.0
8.457,0.0
8.458,0.0
8.459,0.0
8.46,0.0
8.461,0.0
8.462,0.0
8.463,0.0
8.464,0.0
8.465,0.0
8.466,0.0
8.467,0.0
8.468,0.0
8.469,0.0
8.47,0.0
8.471,0.0
8.472,0.0
8.473,0.0
8.474,0.0
8.475,0.0
8.476,0.0
8.477,0.0
8.478,0.0
8.479,0.0
8.48,0.0
8.481,0.0
8.482,0.0
8.483,0.0
8.484,0.0
8.485,0.0
8.486,0.0
8.487,0.0
8.488,0.0
8.489,0.0
8.49,0.0
8.491,0.0
8.492,0.0
8.493,0.0
8.494,0.0
8.495,0.0
8.496,0.0
8.497,0.0
8.498,0.0
8.499,0.0
8.5,0.0
8.501,0.0
8.502,0.0
8.503,0.0
8.504,0.0
8.505,0.0
8.506,0.0
8.507,0.0
8.508,0.0
8.509,0.0
8.51,0.0
8.511,0.0
8.512,0.0
8.513,0.0
8.514,0.0
8.515,0.0
8.516,0.0
8.517,0.0
8.518,0.0
8.519,0.0
8.52,0.0
8.521,0.0
8.522,0.0
8.523,0.0
8.524,0.0
8.525,0.0
8.526,0.0
8.527,0.0
8.528,0.0
8.529,0.0
8.53,0.0
8.531,0.0
8.532,0.0
8.533,0.0
8.534,0.0
8.535,0.0
8.536,0.0
8.537,0.0
8.538,0.0
8.539,0.0
8.54,0.0
8.541,0.0
8.542,0.0
8.543,0.0
8.544,0.0
8.545,0.0
8.546,0.0
8.547,0.0
8.548,0.0
8.549,0.0
8.55,0.0
8.551,0.0
8.552,0.0
8.553,0.0
8.554,0.0
8.555,0.0
8.556,0.0
8.557,0.0
8.558,0.0
8.559,0.0
8.56,0.0
8.561,0.0
8.562,0.0
8.563,0.0
8.564,0.0
8.565,0.0
8.566,0.0
8.567,0.0
8.568,0.0
8.569,0.0
8.57,0.0
8.571,0.0
8.572,0.0
8.573,0.0
8.574,0.0
8.575,0.0
8.576,0.0
8.577,0.0
8.578,0.0
8.579,0.0
8.58,0.0
8.581,0.0
8.582,0.0
8.583,0.0
8.584,0.0
8.585,0.0
8.586,0.0
8.587,0.0
8.588,0.0
8.589,0.0
8.59,0.0
8.591,0.0
8.592,0.0
8.593,0.0
8.594,0.0
8.595,0.0
8.596,0.0
8.597,0.0
8.598,0.0
8.599,0.0
8.6,0.0
8.601,0.0
8.602,0.0
8.603,0.0
8.604,0.0
8.605,0.0
8.606,0.0
8.607,0.0
8.608,0.0
8.609,0.0
8.61,0.0
8.611,0.0
8.612,0.0
8.613,0.0
8.614,0.0
8.615,0.0
8.616,0.0
8.617,0.0
8.618,0.0
8.619,0.0
8.62,0.0
8.621,0.0
8.622,0.0
8.623,0.0
8.624,0.0
8.625,0.0
8.626,0.0
8.627,0.0
8.628,0.0
8.629,0.0
8.63,0.0
8.631,0.0
8.632,0.0
8.633,0.0
8.634,0.0
8.635,0.0
8.636,0.0
8.637,0.0
8.638,0.0
8.639,0.0
8.64,0.0
8.641,0.0
8.642,0.0
8.643,0.0
8.644,0.0
8.645,0.0
8.646,0.0
8.647,0.0
8.648,0.0
8.649,0.0
8.65,0.0
8.651,0.0
8.652,0.0
8.653,0.0
8.654,0.0
8.655,0.0
8.656,0.0
8.657,0.0
8.658,0.0
8.659,0.0
8.66,0.0
8.661,0.0
8.662,0.0
8.663,0.0
8.664,0.0
8.665,0.0
8.666,0.0
8.667,0.0
8.668,0.0
8.669,0.0
8.67,0.0
8.671,0.0
8.672,0.0
8.673,0.0
8.674,0.0
8.675,0.0
8.676,0.0
8.677,0.0
8.678,0.0
8.679,0.0
8.68,0.0
8.681,0.0
8.682,0.0
8.683,0.0
8.684,0.0
8.685,0.0
8.686,0.0
8.687,0.0
8.688,0.0
8.689,0.0
8.69,0.0
8.691,0.0
8.692,0.0
8.693,0.0
8.694,0.0
8.695,0.0
8.696,0.0
8.697,0.0
8.698,0.0
8.699,0.0
8.7,0.0
8.701,0.0
8.702,0.0
8.703,0.0
8.704,0.0
8.705,0.0
8.706,0.0
8.707,0.0
8.708,0.0
8.709,0.0
8.71,0.0
8.711,0.0
8.712,0.0
8.713,0.0
8.714,0.0
8.715,0.0
8.716,0.0
8.717,0.0
8.718,0.0
8.719,0.0
8.72,0.0
8.721,0.0
8.722,0.0
8.723,0.0
8.724,0.0
8.725,0.0
8.726,0.0
8.727,0.0
8.728,0.0
8.729,0.0
8.73,0.0
8.731,0.0
8.732,0.0
8.733,0.0
8.734,0.0
8.735,0.0
8.736,0.0
8.737,0.0
8.738,0.0
8.739,0.0
8.74,0.0
8.741,0.0
8.742,0.0
8.743,0.0
8.744,0.0
8.745,0.0
8.746,0.0
8.747,0.0
8.748,0.0
8.749,0.0
8.75,0.0
8.751,0.0
8.752,0.0
8.753,0.0
8.754,0.0
8.755,0.0
8.756,0.0
8.757,0.0
8.758,0.0
8.759,0.0
8.76,0.0
8.761,0.0
8.762,0.0
8.763,0.0
8.764,0.0
8.765,0.0
8.766,0.0
8.767,0.0
8.768,0.0
8.769,0.0
8.77,0.0
8.771,0.0
8.772,0.0
8.773,0.0
8.774,0.0
8.775,0.0
8.776,0.0
8.777,0.0
8.778,0.0
8.779,0.0
8.78,0.0
8.781,0.0
8.782,0.0
8.783,0.0
8.784,0.0
8.785,0.0
8.786,0.0
8.787,0.0
8.788,0.0
8.789,0.0
8.79,0.0
8.791,0.0
8.792,0.0
8.793,0.0
8.794,0.0
8.795,0.0
8.796,0.0
8.797,0.0
8.798,0.0
8.799,0.0
8.8,0.0
8.801,0.0
8.802,0.0
8.803,0.0
8.804,0.0
8.805,0.0
8.806,0.0
8.807,0.0
8.808,0.0
8.809,0.0
8.81,0.0
8.811,0.0
8.812,0.0
8.813,0.0
8.814,0.0
8.815,0.0
8.816,0.0
8.817,0.0
8.818,0.0
8.819,0.0
8.82,0.0
8.821,0.0
8.822,0.0
8.823,0.0
8.824,0.0
8.825,0.0
8.826,0.0
8.827,0.0
8.828,0.0
8.829,0.0
8.83,0.0
8.831,0.0
8.832,0.0
8.833,0.0
8.834,0.0
8.835,0.0
8.836,0.0
8.837,0.0
8.838,0.0
8.839,0.0
8.84,0.0
8.841,0.0
8.842,0.0
8.843,0.0
8.844,0.0
8.845,0.0
8.846,0.0
8.847,0.0
8.848,0.0
8.849,0.0
8.85,0.0
8.851,0.0
8.852,0.0
8.853,0.0
8.854,0.0
8.855,0.0
8.856,0.0
8.857,0.0
8.858,0.0
8.859,0.0
8.86,0.0
8.861,0.0
8.862,0.0
8.863,0.0
8.864,0.0
8.865,0.0
8.866,0.0
8.867,0.0
8.868,0.0
8.869,0.0
8.87,0.0
8.871,0.0
8.872,0.0
8.873,0.0
8.874,0.0
8.875,0.0
8.876,0.0
8.877,0.0
8.878,0.0
8.879,0.0
8.88,0.0
8.881,0.0
8.882,0.0
8.883,0.0
8.884,0.0
8.885,0.0
8.886,0.0
8.887,0.0
8.888,0.0
8.889,0.0
8.89,0.0
8.891,0.0
8.892,0.0
8.893,0.0
8.894,0.0
8.895,0.0
8.896,0.0
8.897,0.0
8.898,0.0
8.899,0.0
8.9,0.0
8.901,0.0
8.902,0.0
8.903,0.0
8.904,0.0
8.905,0.0
8.906,0.0
8.907,0.0
8.908,0.0
8.909,0.0
8.91,0.0
8.911,0.0
8.912,0.0
8.913,0.0
8.914,0.0
8.915,0.0
8.916,0.0
8.917,0.0
8.918,0.0
8.919,0.0
8.92,0.0
8.921,0.0
8.922,0.0
8.923,0.0
8.924,0.0
8.925,0.0
8.926,0.0
8.927,0.0
8.928,0.0
8.929,0.0
8.93,0.0
8.931,0.0
8.932,0.0
8.933,0.0
8.934,0.0
8.935,0.0
8.936,0.0
8.937,0.0
8.938,0.0
8.939,0.0
8.94,0.0
8.941,0.0
8.942,0.0
8.943,0.0
8.944,0.0
8.945,0.0
8.946,0.0
8.947,0.0
8.948,0.0
8.949,0.0
8.95,0.0
8.951,0.0
8.952,0.0
8.953,0.0
8.954,0.0
8.955,0.0
8.956,0.0
8.957,0.0
8.958,0.0
8.959,0.0
8.96,0.0
8.961,0.0
8.962,0.0
8.963,0.0
8.964,0.0
8.965,0.0
8.966,0.0
8.967,0.0
8.968,0.0
8.969,0.0
8.97,0.0
8.971,0.0
8.972,0.0
8.973,0.0
8.974,0.0
8.975,0.0
8.976,0.0
8.977,0.0
8.978,0.0
8.979,0.0
8.98,0.0
8.981,0.0
8.982,0.0
8.983,0.0
8.984,0.0
8.985,0.0
8.986,0.0
8.987,0.0
8.988,0.0
8.989,0.0
8.99,0.0
8.991,0.0
8.992,0.0
8.993,0.0
8.994,0.0
8.995,0.0
8.996,0.0
8.997,0.0
8.998,0.0
8.999,0.0
9.0,0.0
9.001,0.0
9.002,0.0
9.003,0.0
9.004,0.0
9.005,0.0
9.006,0.0
9.007,0.0
9.008,0.0
9.009,0.0
9.01,0.0
9.011,0.0
9.012,0.0
9.013,0.0
9.014,0.0
9.015,0.0
9.016,0.0
9.017,0.0
9.018,0.0
9.019,0.0
9.02,0.0
9.021,0.0
9.022,0.0
9.023,0.0
9.024,0.0
9.025,0.0
9.026,0.0
9.027,0.0
9.028,0.0
9.029,0.0
9.03,0.0
9.031,0.0
9.032,0.0
9.033,0.0
9.034,0.0
9.035,0.0
9.036,0.0
9.037,0.0
9.038,0.0
9.039,0.0
9.04,0.0
9.041,0.0
9.042,0.0
9.043,0.0
9.044,0.0
9.045,0.0
9.046,0.0
9.047,0.0
9.048,0.0
9.049,0.0
9.05,0.0
9.051,0.0
9.052,0.0
9.053,0.0
9.054,0.0
9.055,0.0
9.056,0.0
9.057,0.0
9.058,0.0
9.059,0.0
9.06,0.0
9.061,0.0
9.062,0.0
9.063,0.0
9.064,0.0
9.065,0.0
9.066,0.0
9.067,0.0
9.068,0.0
9.069,0.0
9.07,0.0
9.071,0.0
9.072,0.0
9.073,0.0
9.074,0.0
9.075,0.0
9.076,0.0
9.077,0.0
9.078,0.0
9.079,0.0
9.08,0.0
9.081,0.0
9.082,0.0
9.083,0.0
9.084,0.0
9.085,0.0
9.086,0.0
9.087,0.0
9.088,0.0
9.089,0.0
9.09,0.0
9.091,0.0
9.092,0.0
9.093,0.0
9.094,0.0
9.095,0.0
9.096,0.0
9.097,0.0
9.098,0.0
9.099,0.0
9.1,0.0
9.101,0.0
9.102,0.0
9.103,0.0
9.104,0.0
9.105,0.0
9.106,0.0
9.107,0.0
9.108,0.0
9.109,0.0
9.11,0.0
9.111,0.0
9.112,0.0
9.113,0.0
9.114,0.0
9.115,0.0
9.116,0.0
9.117,0.0
9.118,0.0
9.119,0.0
9.12,0.0
9.121,0.0
9.122,0.0
9.123,0.0
9.124,0.0
9.125,0.0
9.126,0.0
9.127,0.0
9.128,0.0
9.129,0.0
9.13,0.0
9.131,0.0
9.132,0.0
9.133,0.0
9.134,0.0
9.135,0.0
9.136,0.0
9.137,0.0
9.138,0.0
9.139,0.0
9.14,0.0
9.141,0.0
9.142,0.0
9.143,0.0
9.144,0.0
9.145,0.0
9.146,0.0
9.147,0.0
9.148,0.0
9.149,0.0
9.15,0.0
9.151,0.0
9.152,0.0
9.153,0.0
9.154,0.0
9.155,0.0
9.156,0.0
9.157,0.0
9.158,0.0
9.159,0.0
9.16,0.0
9.161,0.0
9.162,0.0
9.163,0.0
9.164,0.0
9.165,0.0
9.166,0.0
9.167,0.0
9.168,0.0
9.169,0.0
9.17,0.0
9.171,0.0
9.172,0.0
9.173,0.0
9.174,0.0
9.175,0.0
9.176,0.0
9.177,0.0
9.178,0.0
9.179,0.0
9.18,0.0
9.181,0.0
9.182,0.0
9.183,0.0
9.184,0.0
9.185,0.0
9.186,0.0
9.187,0.0
9.188,0.0
9.189,0.0
9.19,0.0
9.191,0.0
9.192,0.0
9.193,0.0
9.194,0.0
9.195,0.0
9.196,0.0
9.197,0.0
9.198,0.0
9.199,0.0
9.2,0.0
9.201,0.0
9.202,0.0
9.203,0.0
9.204,0.0
9.205,0.0
9.206,0.0
9.207,0.0
9.208,0.0
9.209,0.0
9.21,0.0
9.211,0.0
9.212,0.0
9.213,0.0
9.214,0.0
9.215,0.0
9.216,0.0
9.217,0.0
9.218,0.0
9.219,0.0
9.22,0.0
9.221,0.0
9.222,0.0
9.223,0.0
9.224,0.0
9.225,0.0
9.226,0.0
9.227,0.0
9.228,0.0
9.229,0.0
9.23,0.0
9.231,0.0
9.232,0.0
9.233,0.0
9.234,0.0
9.235,0.0
9.236,0.0
9.237,0.0
9.238,0.0
9.239,0.0
9.24,0.0
9.241,0.0
9.242,0.0
9.243,0.0
9.244,0.0
9.245,0.0
9.246,0.0
9.247,0.0
9.248,0.0
9.249,0.0
9.25,0.0
9.251,0.0
9.252,0.0
9.253,0.0
9.254,0.0
9.255,0.0
9.256,0.0
9.257,0.0
9.258,0.0
9.259,0.0
9.26,0.0
9.261,0.0
9.262,0.0
9.263,0.0
9.264,0.0
9.265,0.0
9.266,0.0
9.267,0.0
9.268,0.0
9.269,0.0
9.27,0.0
9.271,0.0
9.272,0.0
9.273,0.0
9.274,0.0
9.275,0.0
9.276,0.0
9.277,0.0
9.278,0.0
9.279,0.0
9.28,0.0
9.281,0.0
9.282,0.0
9.283,0.0
9.284,0.0
9.285,0.0
9.286,0.0
9.287,0.0
9.288,0.0
9.289,0.0
9.29,0.0
9.291,0.0
9.292,0.0
9.293,0.0
9.294,0.0
9.295,0.0
9.296,0.0
9.297,0.0
9.298,0.0
9.299,0.0
9.3,0.0
9.301,0.0
9.302,0.0
9.303,0.0
9.304,0.0
9.305,0.0
9.306,0.0
9.307,0.0
9.308,0.0
9.309,0.0
9.31,0.0
9.311,0.0
9.312,0.0
9.313,0.0
9.314,0.0
9.315,0.0
9.316,0.0
9.317,0.0
9.318,0.0
9.319,0.0
9.32,0.0
9.321,0.0
9.322,0.0
9.323,0.0
9.324,0.0
9.325,0.0
9.326,0.0
9.327,0.0
9.328,0.0
9.329,0.0
9.33,0.0
9.331,0.0
9.332,0.0
9.333,0.0
9.334,0.0
9.335,0.0
9.336,0.0
9.337,0.0
9.338,0.0
9.339,0.0
9.34,0.0
9.341,0.0
9.342,0.0
9.343,0.0
9.344,0.0
9.345,0.0
9.346,0.0
9.347,0.0
9.348,0.0
9.349,0.0
9.35,0.0
9.351,0.0
9.352,0.0
9.353,0.0
9.354,0.0
9.355,0.0
9.356,0.0
9.357,0.0
9.358,0.0
9.359,0.0
9.36,0.0
9.361,0.0
9.362,0.0
9.363,0.0
9.364,0.0
9.365,0.0
9.366,0.0
9.367,0.0
9.368,0.0
9.369,0.0
9.37,0.0
9.371,0.0
9.372,0.0
9.373,0.0
9.374,0.0
9.375,0.0
9.376,0.0
9.377,0.0
9.378,0.0
9.379,0.0
9.38,0.0
9.381,0.0
9.382,0.0
9.383,0.0
9.384,0.0
9.385,0.0
9.386,0.0
9.387,0.0
9.388,0.0
9.389,0.0
9.39,0.0
9.391,0.0
9.392,0.0
9.393,0.0
9.394,0.0
9.395,0.0
9.396,0.0
9.397,0.0
9.398,0.0
9.399,0.0
9.4,0.0
9.401,0.0
9.402,0.0
9.403,0.0
9.404,0.0
9.405,0.0
9.406,0.0
9.407,0.0
9.408,0.0
9.409,0.0
9.41,0.0
9.411,0.0
9.412,0.0
9.413,0.0
9.414,0.0
9.415,0.0
9.416,0.0
9.417,0.0
9.418,0.0
9.419,0.0
9.42,0.0
9.421,0.0
9.422,0.0
9.423,0.0
9.424,0.0
9.425,0.0
9.426,0.0
9.427,0.0
9.428,0.0
9.429,0.0
9.43,0.0
9.431,0.0
9.432,0.0
9.433,0.0
9.434,0.0
9.435,0.0
9.436,0.0
9.437,0.0
9.438,0.0
9.439,0.0
9.44,0.0
9.441,0.0
9.442,0.0
9.443,0.0
9.444,0.0
9.445,0.0
9.446,0.0
9.447,0.0
9.448,0.0
9.449,0.0
9.45,0.0
9.451,0.0
9.452,0.0
9.453,0.0
9.454,0.0
9.455,0.0
9.456,0.0
9.457,0.0
9.458,0.0
9.459,0.0
9.46,0.0
9.461,0.0
9.462,0.0
9.463,0.0
9.464,0.0
9.465,0.0
9.466,0.0
9.467,0.0
9.468,0.0
9.469,0.0
9.47,0.0
9.471,0.0
9.472,0.0
9.473,0.0
9.474,0.0
9.475,0.0
9.476,0.0
9.477,0.0
9.478,0.0
9.479,0.0
9.48,0.0
9.481,0.0
9.482,0.0
9.483,0.0
9.484,0.0
9.485,0.0
9.486,0.0
9.487,0.0
9.488,0.0
9.489,0.0
9.49,0.0
9.491,0.0
9.492,0.0
9.493,0.0
9.494,0.0
9.495,0.0
9.496,0.0
9.497,0.0
9.498,0.0
9.499,0.0
9.5,0.0
9.501,0.0
9.502,0.0
9.503,0.0
9.504,0.0
9.505,0.0
9.506,0.0
9.507,0.0
9.508,0.0
9.509,0.0
9.51,0.0
9.511,0.0
9.512,0.0
9.513,0.0
9.514,0.0
9.515,0.0
9.516,0.0
9.517,0.0
9.518,0.0
9.519,0.0
9.52,0.0
9.521,0.0
9.522,0.0
9.523,0.0
9.524,0.0
9.525,0.0
9.526,0.0
9.527,0.0
9.528,0.0
9.529,0.0
9.53,0.0
9.531,0.0
9.532,0.0
9.533,0.0
9.534,0.0
9.535,0.0
9.536,0.0
9.537,0.0
9.538,0.0
9.539,0.0
9.54,0.0
9.541,0.0
9.542,0.0
9.543,0.0
9.544,0.0
9.545,0.0
9.546,0.0
9.547,0.0
9.548,0.0
9.549,0.0
9.55,0.0
9.551,0.0
9.552,0.0
9.553,0.0
9.554,0.0
9.555,0.0
9.556,0.0
9.557,0.0
9.558,0.0
9.559,0.0
9.56,0.0
9.561,0.0
9.562,0.0
9.563,0.0
9.564,0.0
9.565,0.0
9.566,0.0
9.567,0.0
9.568,0.0
9.569,0.0
9.57,0.0
9.571,0.0
9.572,0.0
9.573,0.0
9.574,0.0
9.575,0.0
9.576,0.0
9.577,0.0
9.578,0.0
9.579,0.0
9.58,0.0
9.581,0.0
9.582,0.0
9.583,0.0
9.584,0.0
9.585,0.0
9.586,0.0
9.587,0.0
9.588,0.0
9.589,0.0
9.59,0.0
9.591,0.0
9.592,0.0
9.593,0.0
9.594,0.0
9.595,0.0
9.596,0.0
9.597,0.0
9.598,0.0
9.599,0.0
9.6,0.0
9.601,0.0
9.602,0.0
9.603,0.0
9.604,0.0
9.605,0.0
9.606,0.0
9.607,0.0
9.608,0.0
9.609,0.0
9.61,0.0
9.611,0.0
9.612,0.0
9.613,0.0
9.614,0.0
9.615,0.0
9.616,0.0
9.617,0.0
9.618,0.0
9.619,0.0
9.62,0.0
9.621,0.0
9.622,0.0
9.623,0.0
9.624,0.0
9.625,0.0
9.626,0.0
9.627,0.0
9.628,0.0
9.629,0.0
9.63,0.0
9.631,0.0
9.632,0.0
9.633,0.0
9.634,0.0
9.635,0.0
9.636,0.0
9.637,0.0
9.638,0.0
9.639,0.0
9.64,0.0
9.641,0.0
9.642,0.0
9.643,0.0
9.644,0.0
9.645,0.0
9.646,0.0
9.647,0.0
9.648,0.0
9.649,0.0
9.65,0.0
9.651,0.0
9.652,0.0
9.653,0.0
9.654,0.0
9.655,0.0
9.656,0.0
9.657,0.0
9.658,0.0
9.659,0.0
9.66,0.0
9.661,0.0
9.662,0.0
9.663,0.0
9.664,0.0
9.665,0.0
9.666,0.0
9.667,0.0
9.668,0.0
9.669,0.0
9.67,0.0
9.671,0.0
9.672,0.0
9.673,0.0
9.674,0.0
9.675,0.0
9.676,0.0
9.677,0.0
9.678,0.0
9.679,0.0
9.68,0.0
9.681,0.0
9.682,0.0
9.683,0.0
9.684,0.0
9.685,0.0
9.686,0.0
9.687,0.0
9.688,0.0
9.689,0.0
9.69,0.0
9.691,0.0
9.692,0.0
9.693,0.0
9.694,0.0
9.695,0.0
9.696,0.0
9.697,0.0
9.698,0.0
9.699,0.0
9.7,0.0
9.701,0.0
9.702,0.0
9.703,0.0
9.704,0.0
9.705,0.0
9.706,0.0
9.707,0.0
9.708,0.0
9.709,0.0
9.71,0.0
9.711,0.0
9.712,0.0
9.713,0.0
9.714,0.0
9.715,0.0
9.716,0.0
9.717,0.0
9.718,0.0
9.719,0.0
9.72,0.0
9.721,0.0
9.722,0.0
9.723,0.0
9.724,0.0
9.725,0.0
9.726,0.0
9.727,0.0
9.728,0.0
9.729,0.0
9.73,0.0
9.731,0.0
9.732,0.0
9.733,0.0
9.734,0.0
9.735,0.0
9.736,0.0
9.737,0.0
9.738,0.0
9.739,0.0
9.74,0.0
9.741,0.0
9.742,0.0
9.743,0.0
9.744,0.0
9.745,0.0
9.746,0.0
9.747,0.0
9.748,0.0
9.749,0.0
9.75,0.0
9.751,0.0
9.752,0.0
9.753,0.0
9.754,0.0
9.755,0.0
9.756,0.0
9.757,0.0
9.758,0.0
9.759,0.0
9.76,0.0
9.761,0.0
9.762,0.0
9.763,0.0
9.764,0.0
9.765,0.0
9.766,0.0
9.767,0.0
9.768,0.0
9.769,0.0
9.77,0.0
9.771,0.0
9.772,0.0
9.773,0.0
9.774,0.0
9.775,0.0
9.776,0.0
9.777,0.0
9.778,0.0
9.779,0.0
9.78,0.0
9.781,0.0
9.782,0.0
9.783,0.0
9.784,0.0
9.785,0.0
9.786,0.0
9.787,0.0
9.788,0.0
9.789,0.0
9.79,0.0
9.791,0.0
9.792,0.0
9.793,0.0
9.794,0.0
9.795,0.0
9.796,0.0
9.797,0.0
9.798,0.0
9.799,0.0
9.8,0.0
9.801,0.0
9.802,0.0
9.803,0.0
9.804,0.0
9.805,0.0
9.806,0.0
9.807,0.0
9.808,0.0
9.809,0.0
9.81,0.0
9.811,0.0
9.812,0.0
9.813,0.0
9.814,0.0
9.815,0.0
9.816,0.0
9.817,0.0
9.818,0.0
9.819,0.0
9.82,0.0
9.821,0.0
9.822,0.0
9.823,0.0
9.824,0.0
9.825,0.0
9.826,0.0
9.827,0.0
9.828,0.0
9.829,0.0
9.83,0.0
9.831,0.0
9.832,0.0
9.833,0.0
9.834,0.0
9.835,0.0
9.836,0.0
9.837,0.0
9.838,0.0
9.839,0.0
9.84,0.0
9.841,0.0
9.842,0.0
9.843,0.0
9.844,0.0
9.845,0.0
9.846,0.0
9.847,0.0
9.848,0.0
9.849,0.0
9.85,0.0
9.851,0.0
9.852,0.0
9.853,0.0
9.854,0.0
9.855,0.0
9.856,0.0
9.857,0.0
9.858,0.0
9.859,0.0
9.86,0.0
9.861,0.0
9.862,0.0
9.863,0.0
9.864,0.0
9.865,0.0
9.866,0.0
9.867,0.0
9.868,0.0
9.869,0.0
9.87,0.0
9.871,0.0
9.872,0.0
9.873,0.0
9.874,0.0
9.875,0.0
9.876,0.0
9.877,0.0
9.878,0.0
9.879,0.0
9.88,0.0
9.881,0.0
9.882,0.0
9.883,0.0
9.884,0.0
9.885,0.0
9.886,0.0
9.887,0.0
9.888,0.0
9.889,0.0
9.89,0.0
9.891,0.0
9.892,0.0
9.893,0.0
9.894,0.0
9.895,0.0
9.896,0.0
9.897,0.0
9.898,0.0
9.899,0.0
9.9,0.0
9.901,0.0
9.902,0.0
9.903,0.0
9.904,0.0
9.905,0.0
9.906,0.0
9.907,0.0
9.908,0.0
9.909,0.0
9.91,0.0
9.911,0.0
9.912,0.0
9.913,0.0
9.914,0.0
9.915,0.0
9.916,0.0
9.917,0.0
9.918,0.0
9.919,0.0
9.92,0.0
9.921,0.0
9.922,0.0
9.923,0.0
9.924,0.0
9.925,0.0
9.926,0.0
9.927,0.0
9.928,0.0
9.929,0.0
9.93,0.0
9.931,0.0
9.932,0.0
9.933,0.0
9.934,0.0
9.935,0.0
9.936,0.0
9.937,0.0
9.938,0.0
9.939,0.0
9.94,0.0
9.941,0.0
9.942,0.0
9.943,0.0
9.944,0.0
9.945,0.0
9.946,0.0
9.947,0.0
9.948,0.0
9.949,0.0
9.95,0.0
9.951,0.0
9.952,0.0
9.953,0.0
9.954,0.0
9.955,0.0
9.956,0.0
9.957,0.0
9.958,0.0
9.959,0.0
9.96,0.0
9.961,0.0
9.962,0.0
9.963,0.0
9.964,0.0
9.965,0.0
9.966,0.0
9.967,0.0
9.968,0.0
9.969,0.0
9.97,0.0
9.971,0.0
9.972,0.0
9.973,0.0
9.974,0.0
9.975,0.0
9.976,0.0
9.977,0.0
9.978,0.0
9.979,0.0
9.98,0.0
9.981,0.0
9.982,0.0
9.983,0.0
9.984,0.0
9.985,0.0
9.986,0.0
9.987,0.0
9.988,0.0
9.989,0.0
9.99,0.0
9.991,0.0
9.992,0.0
9.993,0.0
9.994,0.0
9.995,0.0
9.996,0.0
9.997,0.0
9.998,0.0
9.999,0.0
10.0,0.0
10.001,0.0
10.002,0.0
10.003,0.0
10.004,0.0
10.005,0.0
10.006,0.0
10.007,0.0
10.008,0.0
10.009,0.0
10.01,0.0
10.011,0.0
10.012,0.0
10.013,0.0
10.014,0.0
10.015,0.0
10.016,0.0
10.017,0.0
10.018,0.0
10.019,0.0
10.02,0.0
10.021,0.0
10.022,0.0
10.023,0.0
10.024,0.0
10.025,0.0
10.026,0.0
10.027,0.0
10.028,0.0
10.029,0.0
10.03,0.0
10.031,0.0
10.032,0.0
10.033,0.0
10.034,0.0
10.035,0.0
10.036,0.0
10.037,0.0
10.038,0.0
10.039,0.0
10.04,0.0
10.041,0.0
10.042,0.0
10.043,0.0
10.044,0.0
10.045,0.0
10.046,0.0
10.047,0.0
10.048,0.0
10.049,0.0
10.05,0.0
10.051,0.0
10.052,0.0
10.053,0.0
10.054,0.0
10.055,0.0
10.056,0.0
10.057,0.0
10.058,0.0
10.059,0.0
10.06,0.0
10.061,0.0
10.062,0.0
10.063,0.0
10.064,0.0
10.065,0.0
10.066,0.0
10.067,0.0
10.068,0.0
10.069,0.0
10.07,0.0
10.071,0.0
10.072,0.0
10.073,0.0
10.074,0.0
10.075,0.0
10.076,0.0
10.077,0.0
10.078,0.0
10.079,0.0
10.08,0.0
10.081,0.0
10.082,0.0
10.083,0.0
10.084,0.0
10.085,0.0
10.086,0.0
10.087,0.0
10.088,0.0
10.089,0.0
10.09,0.0
10.091,0.0
10.092,0.0
10.093,0.0
10.094,0.0
10.095,0.0
10.096,0.0
10.097,0.0
10.098,0.0
10.099,0.0
10.1,0.0
10.101,0.0
10.102,0.0
10.103,0.0
10.104,0.0
10.105,0.0
10.106,0.0
10.107,0.0
10.108,0.0
10.109,0.0
10.11,0.0
10.111,0.0
10.112,0.0
10.113,0.0
10.114,0.0
10.115,0.0
10.116,0.0
10.117,0.0
10.118,0.0
10.119,0.0
10.12,0.0
10.121,0.0
10.122,0.0
10.123,0.0
10.124,0.0
10.125,0.0
10.126,0.0
10.127,0.0
10.128,0.0
10.129,0.0
10.13,0.0
10.131,0.0
10.132,0.0
10.133,0.0
10.134,0.0
10.135,0.0
10.136,0.0
10.137,0.0
10.138,0.0
10.139,0.0
10.14,0.0
10.141,0.0
10.142,0.0
10.143,0.0
10.144,0.0
10.145,0.0
10.146,0.0
10.147,0.0
10.148,0.0
10.149,0.0
10.15,0.0
10.151,0.0
10.152,0.0
10.153,0.0
10.154,0.0
10.155,0.0
10.156,0.0
10.157,0.0
10.158,0.0
10.159,0.0
10.16,0.0
10.161,0.0
10.162,0.0
10.163,0.0
10.164,0.0
10.165,0.0
10.166,0.0
10.167,0.0
10.168,0.0
10.169,0.0
10.17,0.0
10.171,0.0
10.172,0.0
10.173,0.0
10.174,0.0
10.175,0.0
10.176,0.0
10.177,0.0
10.178,0.0
10.179,0.0
10.18,0.0
10.181,0.0
10.182,0.0
10.183,0.0
10.184,0.0
10.185,0.0
10.186,0.0
10.187,0.0
10.188,0.0
10.189,0.0
10.19,0.0
10.191,0.0
10.192,0.0
10.193,0.0
10.194,0.0
10.195,0.0
10.196,0.0
10.197,0.0
10.198,0.0
10.199,0.0
10.2,0.0
10.201,0.0
10.202,0.0
10.203,0.0
10.204,0.0
10.205,0.0
10.206,0.0
10.207,0.0
10.208,0.0
10.209,0.0
10.21,0.0
10.211,0.0
10.212,0.0
10.213,0.0
10.214,0.0
10.215,0.0
10.216,0.0
10.217,0.0
10.218,0.0
10.219,0.0
10.22,0.0
10.221,0.0
10.222,0.0
10.223,0.0
10.224,0.0
10.225,0.0
10.226,0.0
10.227,0.0
10.228,0.0
10.229,0.0
10.23,0.0
10.231,0.0
10.232,0.0
10.233,0.0
10.234,0.0
10.235,0.0
10.236,0.0
10.237,0.0
10.238,0.0
10.239,0.0
10.24,0.0
10.241,0.0
10.242,0.0
10.243,0.0
10.244,0.0
10.245,0.0
10.246,0.0
10.247,0.0
10.248,0.0
10.249,0.0
10.25,0.0
10.251,0.0
10.252,0.0
10.253,0.0
10.254,0.0
10.255,0.0
10.256,0.0
10.257,0.0
10.258,0.0
10.259,0.0
10.26,0.0
10.261,0.0
10.262,0.0
10.263,0.0
10.264,0.0
10.265,0.0
10.266,0.0
10.267,0.0
10.268,0.0
10.269,0.0
10.27,0.0
10.271,0.0
10.272,0.0
10.273,0.0
10.274,0.0
10.275,0.0
10.276,0.0
10.277,0.0
10.278,0.0
10.279,0.0
10.28,0.0
10.281,0.0
10.282,0.0
10.283,0.0
10.284,0.0
10.285,0.0
10.286,0.0
10.287,0.0
10.288,0.0
10.289,0.0
10.29,0.0
10.291,0.0
10.292,0.0
10.293,0.0
10.294,0.0
10.295,0.0
10.296,0.0
10.297,0.0
10.298,0.0
10.299,0.0
10.3,0.0
10.301,0.0
10.302,0.0
10.303,0.0
10.304,0.0
10.305,0.0
10.306,0.0
10.307,0.0
10.308,0.0
10.309,0.0
10.31,0.0
10.311,0.0
10.312,0.0
10.313,0.0
10.314,0.0
10.315,0.0
10.316,0.0
10.317,0.0
10.318,0.0
10.319,0.0
10.32,0.0
10.321,0.0
10.322,0.0
10.323,0.0
10.324,0.0
10.325,0.0
10.326,0.0
10.327,0.0
10.328,0.0
10.329,0.0
10.33,0.0
10.331,0.0
10.332,0.0
10.333,0.0
10.334,0.0
10.335,0.0
10.336,0.0
10.337,0.0
10.338,0.0
10.339,0.0
10.34,0.0
10.341,0.0
10.342,0.0
10.343,0.0
10.344,0.0
10.345,0.0
10.346,0.0
10.347,0.0
10.348,0.0
10.349,0.0
10.35,0.0
10.351,0.0
10.352,0.0
10.353,0.0
10.354,0.0
10.355,0.0
10.356,0.0
10.357,0.0
10.358,0.0
10.359,0.0
10.36,0.0
10.361,0.0
10.362,0.0
10.363,0.0
10.364,0.0
10.365,0.0
10.366,0.0
10.367,0.0
10.368,0.0
10.369,0.0
10.37,0.0
10.371,0.0
10.372,0.0
10.373,0.0
10.374,0.0
10.375,0.0
10.376,0.0
10.377,0.0
10.378,0.0
10.379,0.0
10.38,0.0
10.381,0.0
10.382,0.0
10.383,0.0
10.384,0.0
10.385,0.0
10.386,0.0
10.387,0.0
10.388,0.0
10.389,0.0
10.39,0.0
10.391,0.0
10.392,0.0
10.393,0.0
10.394,0.0
10.395,0.0
10.396,0.0
10.397,0.0
10.398,0.0
10.399,0.0
10.4,0.0
10.401,0.0
10.402,0.0
10.403,0.0
10.404,0.0
10.405,0.0
10.406,0.0
10.407,0.0
10.408,0.0
10.409,0.0
10.41,0.0
10.411,0.0
10.412,0.0
10.413,0.0
10.414,0.0
10.415,0.0
10.416,0.0
10.417,0.0
10.418,0.0
10.419,0.0
10.42,0.0
10.421,0.0
10.422,0.0
10.423,0.0
10.424,0.0
10.425,0.0
10.426,0.0
10.427,0.0
10.428,0.0
10.429,0.0
10.43,0.0
10.431,0.0
10.432,0.0
10.433,0.0
10.434,0.0
10.435,0.0
10.436,0.0
10.437,0.0
10.438,0.0
10.439,0.0
10.44,0.0
10.441,0.0
10.442,0.0
10.443,0.0
10.444,0.0
10.445,0.0
10.446,0.0
10.447,0.0
10.448,0.0
10.449,0.0
10.45,0.0
10.451,0.0
10.452,0.0
10.453,0.0
10.454,0.0
10.455,0.0
10.456,0.0
10.457,0.0
10.458,0.0
10.459,0.0
10.46,0.0
10.461,0.0
10.462,0.0
10.463,0.0
10.464,0.0
10.465,0.0
10.466,0.0
10.467,0.0
10.468,0.0
10.469,0.0
10.47,0.0
10.471,0.0
10.472,0.0
10.473,0.0
10.474,0.0
10.475,0.0
10.476,0.0
10.477,0.0
10.478,0.0
10.479,0.0
10.48,0.0
10.481,0.0
10.482,0.0
10.483,0.0
10.484,0.0
10.485,0.0
10.486,0.0
10.487,0.0
10.488,0.0
10.489,0.0
10.49,0.0
10.491,0.0
10.492,0.0
10.493,0.0
10.494,0.0
10.495,0.0
10.496,0.0
10.497,0.0
10.498,0.0
10.499,0.0
10.5,0.0
10.501,0.0
10.502,0.0
10.503,0.0
10.504,0.0
10.505,0.0
10.506,0.0
10.507,0.0
10.508,0.0
10.509,0.0
10.51,0.0
10.511,0.0
10.512,0.0
10.513,0.0
10.514,0.0
10.515,0.0
10.516,0.0
10.517,0.0
10.518,0.0
10.519,0.0
10.52,0.0
10.521,0.0
10.522,0.0
10.523,0.0
10.524,0.0
10.525,0.0
10.526,0.0
10.527,0.0
10.528,0.0
10.529,0.0
10.53,0.0
10.531,0.0
10.532,0.0
10.533,0.0
10.534,0.0
10.535,0.0
10.536,0.0
10.537,0.0
10.538,0.0
10.539,0.0
10.54,0.0
10.541,0.0
10.542,0.0
10.543,0.0
10.544,0.0
10.545,0.0
10.546,0.0
10.547,0.0
10.548,0.0
10.549,0.0
10.55,0.0
10.551,0.0
10.552,0.0
10.553,0.0
10.554,0.0
10.555,0.0
10.556,0.0
10.557,0.0
10.558,0.0
10.559,0.0
10.56,0.0
10.561,0.0
10.562,0.0
10.563,0.0
10.564,0.0
10.565,0.0
10.566,0.0
10.567,0.0
10.568,0.0
10.569,0.0
10.57,0.0
10.571,0.0
10.572,0.0
10.573,0.0
10.574,0.0
10.575,0.0
10.576,0.0
10.577,0.0
10.578,0.0
10.579,0.0
10.58,0.0
10.581,0.0
10.582,0.0
10.583,0.0
10.584,0.0
10.585,0.0
10.586,0.0
10.587,0.0
10.588,0.0
10.589,0.0
10.59,0.0
10.591,0.0
10.592,0.0
10.593,0.0
10.594,0.0
10.595,0.0
10.596,0.0
10.597,0.0
10.598,0.0
10.599,0.0
10.6,0.0
10.601,0.0
10.602,0.0
10.603,0.0
10.604,0.0
10.605,0.0
10.606,0.0
10.607,0.0
10.608,0.0
10.609,0.0
10.61,0.0
10.611,0.0
10.612,0.0
10.613,0.0
10.614,0.0
10.615,0.0
10.616,0.0
10.617,0.0
10.618,0.0
10.619,0.0
10.62,0.0
10.621,0.0
10.622,0.0
10.623,0.0
10.624,0.0
10.625,0.0
10.626,0.0
10.627,0.0
10.628,0.0
10.629,0.0
10.63,0.0
10.631,0.0
10.632,0.0
10.633,0.0
10.634,0.0
10.635,0.0
10.636,0.0
10.637,0.0
10.638,0.0
10.639,0.0
10.64,0.0
10.641,0.0
10.642,0.0
10.643,0.0
10.644,0.0
10.645,0.0
10.646,0.0
10.647,0.0
10.648,0.0
10.649,0.0
10.65,0.0
10.651,0.0
10.652,0.0
10.653,0.0
10.654,0.0
10.655,0.0
10.656,0.0
10.657,0.0
10.658,0.0
10.659,0.0
10.66,0.0
10.661,0.0
10.662,0.0
10.663,0.0
10.664,0.0
10.665,0.0
10.666,0.0
10.667,0.0
10.668,0.0
10.669,0.0
10.67,0.0
10.671,0.0
10.672,0.0
10.673,0.0
10.674,0.0
10.675,0.0
10.676,0.0
10.677,0.0
10.678,0.0
10.679,0.0
10.68,0.0
10.681,0.0
10.682,0.0
10.683,0.0
10.684,0.0
10.685,0.0
10.686,0.0
10.687,0.0
10.688,0.0
10.689,0.0
10.69,0.0
10.691,0.0
10.692,0.0
10.693,0.0
10.694,0.0
10.695,0.0
10.696,0.0
10.697,0.0
10.698,0.0
10.699,0.0
10.7,0.0
10.701,0.0
10.702,0.0
10.703,0.0
10.704,0.0
10.705,0.0
10.706,0.0
10.707,0.0
10.708,0.0
10.709,0.0
10.71,0.0
10.711,0.0
10.712,0.0
10.713,0.0
10.714,0.0
10.715,0.0
10.716,0.0
10.717,0.0
10.718,0.0
10.719,0.0
10.72,0.0
10.721,0.0
10.722,0.0
10.723,0.0
10.724,0.0
10.725,0.0
10.726,0.0
10.727,0.0
10.728,0.0
10.729,0.0
10.73,0.0
10.731,0.0
10.732,0.0
10.733,0.0
10.734,0.0
10.735,0.0
10.736,0.0
10.737,0.0
10.738,0.0
10.739,0.0
10.74,0.0
10.741,0.0
10.742,0.0
10.743,0.0
10.744,0.0
10.745,0.0
10.746,0.0
10.747,0.0
10.748,0.0
10.749,0.0
10.75,0.0
10.751,0.0
10.752,0.0
10.753,0.0
10.754,0.0
10.755,0.0
10.756,0.0
10.757,0.0
10.758,0.0
10.759,0.0
10.76,0.0
10.761,0.0
10.762,0.0
10.763,0.0
10.764,0.0
10.765,0.0
10.766,0.0
10.767,0.0
10.768,0.0
10.769,0.0
10.77,0.0
10.771,0.0
10.772,0.0
10.773,0.0
10.774,0.0
10.775,0.0
10.776,0.0
10.777,0.0
10.778,0.0
10.779,0.0
10.78,0.0
10.781,0.0
10.782,0.0
10.783,0.0
10.784,0.0
10.785,0.0
10.786,0.0
10.787,0.0
10.788,0.0
10.789,0.0
10.79,0.0
10.791,0.0
10.792,0.0
10.793,0.0
10.794,0.0
10.795,0.0
10.796,0.0
10.797,0.0
10.798,0.0
10.799,0.0
10.8,0.0
10.801,0.0
10.802,0.0
10.803,0.0
10.804,0.0
10.805,0.0
10.806,0.0
10.807,0.0
10.808,0.0
10.809,0.0
10.81,0.0
10.811,0.0
10.812,0.0
10.813,0.0
10.814,0.0
10.815,0.0
10.816,0.0
10.817,0.0
10.818,0.0
10.819,0.0
10.82,0.0
10.821,0.0
10.822,0.0
10.823,0.0
10.824,0.0
10.825,0.0
10.826,0.0
10.827,0.0
10.828,0.0
10.829,0.0
10.83,0.0
10.831,0.0
10.832,0.0
10.833,0.0
10.834,0.0
10.835,0.0
10.836,0.0
10.837,0.0
10.838,0.0
10.839,0.0
10.84,0.0
10.841,0.0
10.842,0.0
10.843,0.0
10.844,0.0
10.845,0.0
10.846,0.0
10.847,0.0
10.848,0.0
10.849,0.0
10.85,0.0
10.851,0.0
10.852,0.0
10.853,0.0
10.854,0.0
10.855,0.0
10.856,0.0
10.857,0.0
10.858,0.0
10.859,0.0
10.86,0.0
10.861,0.0
10.862,0.0
10.863,0.0
10.864,0.0
10.865,0.0
10.866,0.0
10.867,0.0
10.868,0.0
10.869,0.0
10.87,0.0
10.871,0.0
10.872,0.0
10.873,0.0
10.874,0.0
10.875,0.0
10.876,0.0
10.877,0.0
10.878,0.0
10.879,0.0
10.88,0.0
10.881,0.0
10.882,0.0
10.883,0.0
10.884,0.0
10.885,0.0
10.886,0.0
10.887,0.0
10.888,0.0
10.889,0.0
10.89,0.0
10.891,0.0
10.892,0.0
10.893,0.0
10.894,0.0
10.895,0.0
10.896,0.0
10.897,0.0
10.898,0.0
10.899,0.0
10.9,0.0
10.901,0.0
10.902,0.0
10.903,0.0
10.904,0.0
10.905,0.0
10.906,0.0
10.907,0.0
10.908,0.0
10.909,0.0
10.91,0.0
10.911,0.0
10.912,0.0
10.913,0.0
10.914,0.0
10.915,0.0
10.916,0.0
10.917,0.0
10.918,0.0
10.919,0.0
10.92,0.0
10.921,0.0
10.922,0.0
10.923,0.0
10.924,0.0
10.925,0.0
10.926,0.0
10.927,0.0
10.928,0.0
10.929,0.0
10.93,0.0
10.931,0.0
10.932,0.0
10.933,0.0
10.934,0.0
10.935,0.0
10.936,0.0
10.937,0.0
10.938,0.0
10.939,0.0
10.94,0.0
10.941,0.0
10.942,0.0
10.943,0.0
10.944,0.0
10.945,0.0
10.946,0.0
10.947,0.0
10.948,0.0
10.949,0.0
10.95,0.0
10.951,0.0
10.952,0.0
10.953,0.0
10.954,0.0
10.955,0.0
10.956,0.0
10.957,0.0
10.958,0.0
10.959,0.0
10.96,0.0
10.961,0.0
10.962,0.0
10.963,0.0
10.964,0.0
10.965,0.0
10.966,0.0
10.967,0.0
10.968,0.0
10.969,0.0
10.97,0.0
10.971,0.0
10.972,0.0
10.973,0.0
10.974,0.0
10.975,0.0
10.976,0.0
10.977,0.0
10.978,0.0
10.979,0.0
10.98,0.0
10.981,0.0
10.982,0.0
10.983,0.0
10.984,0.0
10.985,0.0
10.986,0.0
10.987,0.0
10.988,0.0
10.989,0.0
10.99,0.0
10.991,0.0
10.992,0.0
10.993,0.0
10.994,0.0
10.995,0.0
10.996,0.0
10.997,0.0
10.998,0.0
10.999,0.0
11.0,0.0
11.001,0.0
11.002,0.0
11.003,0.0
11.004,0.0
11.005,0.0
11.006,0.0
11.007,0.0
11.008,0.0
11.009,0.0
11.01,0.0
11.011,0.0
11.012,0.0
11.013,0.0
11.014,0.0
11.015,0.0
11.016,0.0
11.017,0.0
11.018,0.0
11.019,0.0
11.02,0.0
11.021,0.0
11.022,0.0
11.023,0.0
11.024,0.0
11.025,0.0
11.026,0.0
11.027,0.0
11.028,0.0
11.029,0.0
11.03,0.0
11.031,0.0
11.032,0.0
11.033,0.0
11.034,0.0
11.035,0.0
11.036,0.0
11.037,0.0
11.038,0.0
11.039,0.0
11.04,0.0
11.041,0.0
11.042,0.0
11.043,0.0
11.044,0.0
11.045,0.0
11.046,0.0
11.047,0.0
11.048,0.0
11.049,0.0
11.05,0.0
11.051,0.0
11.052,0.0
11.053,0.0
11.054,0.0
11.055,0.0
11.056,0.0
11.057,0.0
11.058,0.0
11.059,0.0
11.06,0.0
11.061,0.0
11.062,0.0
11.063,0.0
11.064,0.0
11.065,0.0
11.066,0.0
11.067,0.0
11.068,0.0
11.069,0.0
11.07,0.0
11.071,0.0
11.072,0.0
11.073,0.0
11.074,0.0
11.075,0.0
11.076,0.0
11.077,0.0
11.078,0.0
11.079,0.0
11.08,0.0
11.081,0.0
11.082,0.0
11.083,0.0
11.084,0.0
11.085,0.0
11.086,0.0
11.087,0.0
11.088,0.0
11.089,0.0
11.09,0.0
11.091,0.0
11.092,0.0
11.093,0.0
11.094,0.0
11.095,0.0
11.096,0.0
11.097,0.0
11.098,0.0
11.099,0.0
11.1,0.0
11.101,0.0
11.102,0.0
11.103,0.0
11.104,0.0
11.105,0.0
11.106,0.0
11.107,0.0
11.108,0.0
11.109,0.0
11.11,0.0
11.111,0.0
11.112,0.0
11.113,0.0
11.114,0.0
11.115,0.0
11.116,0.0
11.117,0.0
11.118,0.0
11.119,0.0
11.12,0.0
11.121,0.0
11.122,0.0
11.123,0.0
11.124,0.0
11.125,0.0
11.126,0.0
11.127,0.0
11.128,0.0
11.129,0.0
11.13,0.0
11.131,0.0
11.132,0.0
11.133,0.0
11.134,0.0
11.135,0.0
11.136,0.0
11.137,0.0
11.138,0.0
11.139,0.0
11.14,0.0
11.141,0.0
11.142,0.0
11.143,0.0
11.144,0.0
11.145,0.0
11.146,0.0
11.147,0.0
11.148,0.0
11.149,0.0
11.15,0.0
11.151,0.0
11.152,0.0
11.153,0.0
11.154,0.0
11.155,0.0
11.156,0.0
11.157,0.0
11.158,0.0
11.159,0.0
11.16,0.0
11.161,0.0
11.162,0.0
11.163,0.0
11.164,0.0
11.165,0.0
11.166,0.0
11.167,0.0
11.168,0.0
11.169,0.0
11.17,0.0
11.171,0.0
11.172,0.0
11.173,0.0
11.174,0.0
11.175,0.0
11.176,0.0
11.177,0.0
11.178,0.0
11.179,0.0
11.18,0.0
11.181,0.0
11.182,0.0
11.183,0.0
11.184,0.0
11.185,0.0
11.186,0.0
11.187,0.0
11.188,0.0
11.189,0.0
11.19,0.0
11.191,0.0
11.192,0.0
11.193,0.0
11.194,0.0
11.195,0.0
11.196,0.0
11.197,0.0
11.198,0.0
11.199,0.0
11.2,0.0
11.201,0.0
11.202,0.0
11.203,0.0
11.204,0.0
11.205,0.0
11.206,0.0
11.207,0.0
11.208,0.0
11.209,0.0
11.21,0.0
11.211,0.0
11.212,0.0
11.213,0.0
11.214,0.0
11.215,0.0
11.216,0.0
11.217,0.0
11.218,0.0
11.219,0.0
11.22,0.0
11.221,0.0
11.222,0.0
11.223,0.0
11.224,0.0
11.225,0.0
11.226,0.0
11.227,0.0
11.228,0.0
11.229,0.0
11.23,0.0
11.231,0.0
11.232,0.0
11.233,0.0
11.234,0.0
11.235,0.0
11.236,0.0
11.237,0.0
11.238,0.0
11.239,0.0
11.24,0.0
11.241,0.0
11.242,0.0
11.243,0.0
11.244,0.0
11.245,0.0
11.246,0.0
11.247,0.0
11.248,0.0
11.249,0.0
11.25,0.0
11.251,0.0
11.252,0.0
11.253,0.0
11.254,0.0
11.255,0.0
11.256,0.0
11.257,0.0
11.258,0.0
11.259,0.0
11.26,0.0
11.261,0.0
11.262,0.0
11.263,0.0
11.264,0.0
11.265,0.0
11.266,0.0
11.267,0.0
11.268,0.0
11.269,0.0
11.27,0.0
11.271,0.0
11.272,0.0
11.273,0.0
11.274,0.0
11.275,0.0
11.276,0.0
11.277,0.0
11.278,0.0
11.279,0.0
11.28,0.0
11.281,0.0
11.282,0.0
11.283,0.0
11.284,0.0
11.285,0.0
11.286,0.0
11.287,0.0
11.288,0.0
11.289,0.0
11.29,0.0
11.291,0.0
11.292,0.0
11.293,0.0
11.294,0.0
11.295,0.0
11.296,0.0
11.297,0.0
11.298,0.0
11.299,0.0
11.3,0.0
11.301,0.0
11.302,0.0
11.303,0.0
11.304,0.0
11.305,0.0
11.306,0.0
11.307,0.0
11.308,0.0
11.309,0.0
11.31,0.0
11.311,0.0
11.312,0.0
11.313,0.0
11.314,0.0
11.315,0.0
11.316,0.0
11.317,0.0
11.318,0.0
11.319,0.0
11.32,0.0
11.321,0.0
11.322,0.0
11.323,0.0
11.324,0.0
11.325,0.0
11.326,0.0
11.327,0.0
11.328,0.0
11.329,0.0
11.33,0.0
11.331,0.0
11.332,0.0
11.333,0.0
11.334,0.0
11.335,0.0
11.336,0.0
11.337,0.0
11.338,0.0
11.339,0.0
11.34,0.0
11.341,0.0
11.342,0.0
11.343,0.0
11.344,0.0
11.345,0.0
11.346,0.0
11.347,0.0
11.348,0.0
11.349,0.0
11.35,0.0
11.351,0.0
11.352,0.0
11.353,0.0
11.354,0.0
11.355,0.0
11.356,0.0
11.357,0.0
11.358,0.0
11.359,0.0
11.36,0.0
11.361,0.0
11.362,0.0
11.363,0.0
11.364,0.0
11.365,0.0
11.366,0.0
11.367,0.0
11.368,0.0
11.369,0.0
11.37,0.0
11.371,0.0
11.372,0.0
11.373,0.0
11.374,0.0
11.375,0.0
11.376,0.0
11.377,0.0
11.378,0.0
11.379,0.0
11.38,0.0
11.381,0.0
11.382,0.0
11.383,0.0
11.384,0.0
11.385,0.0
11.386,0.0
11.387,0.0
11.388,0.0
11.389,0.0
11.39,0.0
11.391,0.0
11.392,0.0
11.393,0.0
11.394,0.0
11.395,0.0
11.396,0.0
11.397,0.0
11.398,0.0
11.399,0.0
11.4,0.0
11.401,0.0
11.402,0.0
11.403,0.0
11.404,0.0
11.405,0.0
11.406,0.0
11.407,0.0
11.408,0.0
11.409,0.0
11.41,0.0
11.411,0.0
11.412,0.0
11.413,0.0
11.414,0.0
11.415,0.0
11.416,0.0
11.417,0.0
11.418,0.0
11.419,0.0
11.42,0.0
11.421,0.0
11.422,0.0
11.423,0.0
11.424,0.0
11.425,0.0
11.426,0.0
11.427,0.0
11.428,0.0
11.429,0.0
11.43,0.0
11.431,0.0
11.432,0.0
11.433,0.0
11.434,0.0
11.435,0.0
11.436,0.0
11.437,0.0
11.438,0.0
11.439,0.0
11.44,0.0
11.441,0.0
11.442,0.0
11.443,0.0
11.444,0.0
11.445,0.0
11.446,0.0
11.447,0.0
11.448,0.0
11.449,0.0
11.45,0.0
11.451,0.0
11.452,0.0
11.453,0.0
11.454,0.0
11.455,0.0
11.456,0.0
11.457,0.0
11.458,0.0
11.459,0.0
11.46,0.0
11.461,0.0
11.462,0.0
11.463,0.0
11.464,0.0
11.465,0.0
11.466,0.0
11.467,0.0
11.468,0.0
11.469,0.0
11.47,0.0
11.471,0.0
11.472,0.0
11.473,0.0
11.474,0.0
11.475,0.0
11.476,0.0
11.477,0.0
11.478,0.0
11.479,0.0
11.48,0.0
11.481,0.0
11.482,0.0
11.483,0.0
11.484,0.0
11.485,0.0
11.486,0.0
11.487,0.0
11.488,0.0
11.489,0.0
11.49,0.0
11.491,0.0
11.492,0.0
11.493,0.0
11.494,0.0
11.495,0.0
11.496,0.0
11.497,0.0
11.498,0.0
11.499,0.0
11.5,0.0
11.501,0.0
11.502,0.0
11.503,0.0
11.504,0.0
11.505,0.0
11.506,0.0
11.507,0.0
11.508,0.0
11.509,0.0
11.51,0.0
11.511,0.0
11.512,0.0
11.513,0.0
11.514,0.0
11.515,0.0
11.516,0.0
11.517,0.0
11.518,0.0
11.519,0.0
11.52,0.0
11.521,0.0
11.522,0.0
11.523,0.0
11.524,0.0
11.525,0.0
11.526,0.0
11.527,0.0
11.528,0.0
11.529,0.0
11.53,0.0
11.531,0.0
11.532,0.0
11.533,0.0
11.534,0.0
11.535,0.0
11.536,0.0
11.537,0.0
11.538,0.0
11.539,0.0
11.54,0.0
11.541,0.0
11.542,0.0
11.543,0.0
11.544,0.0
11.545,0.0
11.546,0.0
11.547,0.0
11.548,0.0
11.549,0.0
11.55,0.0
11.551,0.0
11.552,0.0
11.553,0.0
11.554,0.0
11.555,0.0
11.556,0.0
11.557,0.0
11.558,0.0
11.559,0.0
11.56,0.0
11.561,0.0
11.562,0.0
11.563,0.0
11.564,0.0
11.565,0.0
11.566,0.0
11.567,0.0
11.568,0.0
11.569,0.0
11.57,0.0
11.571,0.0
11.572,0.0
11.573,0.0
11.574,0.0
11.575,0.0
11.576,0.0
11.577,0.0
11.578,0.0
11.579,0.0
11.58,0.0
11.581,0.0
11.582,0.0
11.583,0.0
11.584,0.0
11.585,0.0
11.586,0.0
11.587,0.0
11.588,0.0
11.589,0.0
11.59,0.0
11.591,0.0
11.592,0.0
11.593,0.0
11.594,0.0
11.595,0.0
11.596,0.0
11.597,0.0
11.598,0.0
11.599,0.0
11.6,0.0
11.601,0.0
11.602,0.0
11.603,0.0
11.604,0.0
11.605,0.0
11.606,0.0
11.607,0.0
11.608,0.0
11.609,0.0
11.61,0.0
11.611,0.0
11.612,0.0
11.613,0.0
11.614,0.0
11.615,0.0
11.616,0.0
11.617,0.0
11.618,0.0
11.619,0.0
11.62,0.0
11.621,0.0
11.622,0.0
11.623,0.0
11.624,0.0
11.625,0.0
11.626,0.0
11.627,0.0
11.628,0.0
11.629,0.0
11.63,0.0
11.631,0.0
11.632,0.0
11.633,0.0
11.634,0.0
11.635,0.0
11.636,0.0
11.637,0.0
11.638,0.0
11.639,0.0
11.64,0.0
11.641,0.0
11.642,0.0
11.643,0.0
11.644,0.0
11.645,0.0
11.646,0.0
11.647,0.0
11.648,0.0
11.649,0.0
11.65,0.0
11.651,0.0
11.652,0.0
11.653,0.0
11.654,0.0
11.655,0.0
11.656,0.0
11.657,0.0
11.658,0.0
11.659,0.0
11.66,0.0
11.661,0.0
11.662,0.0
11.663,0.0
11.664,0.0
11.665,0.0
11.666,0.0
11.667,0.0
11.668,0.0
11.669,0.0
11.67,0.0
11.671,0.0
11.672,0.0
11.673,0.0
11.674,0.0
11.675,0.0
11.676,0.0
11.677,0.0
11.678,0.0
11.679,0.0
11.68,0.0
11.681,0.0
11.682,0.0
11.683,0.0
11.684,0.0
11.685,0.0
11.686,0.0
11.687,0.0
11.688,0.0
11.689,0.0
11.69,0.0
11.691,0.0
11.692,0.0
11.693,0.0
11.694,0.0
11.695,0.0
11.696,0.0
11.697,0.0
11.698,0.0
11.699,0.0
11.7,0.0
11.701,0.0
11.702,0.0
11.703,0.0
11.704,0.0
11.705,0.0
11.706,0.0
11.707,0.0
11.708,0.0
11.709,0.0
11.71,0.0
11.711,0.0
11.712,0.0
11.713,0.0
11.714,0.0
11.715,0.0
11.716,0.0
11.717,0.0
11.718,0.0
11.719,0.0
11.72,0.0
11.721,0.0
11.722,0.0
11.723,0.0
11.724,0.0
11.725,0.0
11.726,0.0
11.727,0.0
11.728,0.0
11.729,0.0
11.73,0.0
11.731,0.0
11.732,0.0
11.733,0.0
11.734,0.0
11.735,0.0
11.736,0.0
11.737,0.0
11.738,0.0
11.739,0.0
11.74,0.0
11.741,0.0
11.742,0.0
11.743,0.0
11.744,0.0
11.745,0.0
11.746,0.0
11.747,0.0
11.748,0.0
11.749,0.0
11.75,0.0
11.751,0.0
11.752,0.0
11.753,0.0
11.754,0.0
11.755,0.0
11.756,0.0
11.757,0.0
11.758,0.0
11.759,0.0
11.76,0.0
11.761,0.0
11.762,0.0
11.763,0.0
11.764,0.0
11.765,0.0
11.766,0.0
11.767,0.0
11.768,0.0
11.769,0.0
11.77,0.0
11.771,0.0
11.772,0.0
11.773,0.0
11.774,0.0
11.775,0.0
11.776,0.0
11.777,0.0
11.778,0.0
11.779,0.0
11.78,0.0
11.781,0.0
11.782,0.0
11.783,0.0
11.784,0.0
11.785,0.0
11.786,0.0
11.787,0.0
11.788,0.0
11.789,0.0
11.79,0.0
11.791,0.0
11.792,0.0
11.793,0.0
11.794,0.0
11.795,0.0
11.796,0.0
11.797,0.0
11.798,0.0
11.799,0.0
11.8,0.0
11.801,0.0
11.802,0.0
11.803,0.0
11.804,0.0
11.805,0.0
11.806,0.0
11.807,0.0
11.808,0.0
11.809,0.0
11.81,0.0
11.811,0.0
11.812,0.0
11.813,0.0
11.814,0.0
11.815,0.0
11.816,0.0
11.817,0.0
11.818,0.0
11.819,0.0
11.82,0.0
11.821,0.0
11.822,0.0
11.823,0.0
11.824,0.0
11.825,0.0
11.826,0.0
11.827,0.0
11.828,0.0
11.829,0.0
11.83,0.0
11.831,0.0
11.832,0.0
11.833,0.0
11.834,0.0
11.835,0.0
11.836,0.0
11.837,0.0
11.838,0.0
11.839,0.0
11.84,0.0
11.841,0.0
11.842,0.0
11.843,0.0
11.844,0.0
11.845,0.0
11.846,0.0
11.847,0.0
11.848,0.0
11.849,0.0
11.85,0.0
11.851,0.0
11.852,0.0
11.853,0.0
11.854,0.0
11.855,0.0
11.856,0.0
11.857,0.0
11.858,0.0
11.859,0.0
11.86,0.0
11.861,0.0
11.862,0.0
11.863,0.0
11.864,0.0
11.865,0.0
11.866,0.0
11.867,0.0
11.868,0.0
11.869,0.0
11.87,0.0
11.871,0.0
11.872,0.0
11.873,0.0
11.874,0.0
11.875,0.0
11.876,0.0
11.877,0.0
11.878,0.0
11.879,0.0
11.88,0.0
11.881,0.0
11.882,0.0
11.883,0.0
11.884,0.0
11.885,0.0
11.886,0.0
11.887,0.0
11.888,0.0
11.889,0.0
11.89,0.0
11.891,0.0
11.892,0.0
11.893,0.0
11.894,0.0
11.895,0.0
11.896,0.0
11.897,0.0
11.898,0.0
11.899,0.0
11.9,0.0
11.901,0.0
11.902,0.0
11.903,0.0
11.904,0.0
11.905,0.0
11.906,0.0
11.907,0.0
11.908,0.0
11.909,0.0
11.91,0.0
11.911,0.0
11.912,0.0
11.913,0.0
11.914,0.0
11.915,0.0
11.916,0.0
11.917,0.0
11.918,0.0
11.919,0.0
11.92,0.0
11.921,0.0
11.922,0.0
11.923,0.0
11.924,0.0
11.925,0.0
11.926,0.0
11.927,0.0
11.928,0.0
11.929,0.0
11.93,0.0
11.931,0.0
11.932,0.0
11.933,0.0
11.934,0.0
11.935,0.0
11.936,0.0
11.937,0.0
11.938,0.0
11.939,0.0
11.94,0.0
11.941,0.0
11.942,0.0
11.943,0.0
11.944,0.0
11.945,0.0
11.946,0.0
11.947,0.0
11.948,0.0
11.949,0.0
11.95,0.0
11.951,0.0
11.952,0.0
11.953,0.0
11.954,0.0
11.955,0.0
11.956,0.0
11.957,0.0
11.958,0.0
11.959,0.0
11.96,0.0
11.961,0.0
11.962,0.0
11.963,0.0
11.964,0.0
11.965,0.0
11.966,0.0
11.967,0.0
11.968,0.0
11.969,0.0
11.97,0.0
11.971,0.0
11.972,0.0
11.973,0.0
11.974,0.0
11.975,0.0
11.976,0.0
11.977,0.0
11.978,0.0
11.979,0.0
11.98,0.0
11.981,0.0
11.982,0.0
11.983,0.0
11.984,0.0
11.985,0.0
11.986,0.0
11.987,0.0
11.988,0.0
11.989,0.0
11.99,0.0
11.991,0.0
11.992,0.0
11.993,0.0
11.994,0.0
11.995,0.0
11.996,0.0
11.997,0.0
11.998,0.0
11.999,0.0
12.0,0.0
12.001,0.0
12.002,0.0
12.003,0.0
12.004,0.0
12.005,0.0
12.006,0.0
12.007,0.0
12.008,0.0
12.009,0.0
12.01,0.0
12.011,0.0
12.012,0.0
12.013,0.0
12.014,0.0
12.015,0.0
12.016,0.0
12.017,0.0
12.018,0.0
12.019,0.0
12.02,0.0
12.021,0.0
12.022,0.0
12.023,0.0
12.024,0.0
12.025,0.0
12.026,0.0
12.027,0.0
12.028,0.0
12.029,0.0
12.03,0.0
12.031,0.0
12.032,0.0
12.033,0.0
12.034,0.0
12.035,0.0
12.036,0.0
12.037,0.0
12.038,0.0
12.039,0.0
12.04,0.0
12.041,0.0
12.042,0.0
12.043,0.0
12.044,0.0
12.045,0.0
12.046,0.0
12.047,0.0
12.048,0.0
12.049,0.0
12.05,0.0
12.051,0.0
12.052,0.0
12.053,0.0
12.054,0.0
12.055,0.0
12.056,0.0
12.057,0.0
12.058,0.0
12.059,0.0
12.06,0.0
12.061,0.0
12.062,0.0
12.063,0.0
12.064,0.0
12.065,0.0
12.066,0.0
12.067,0.0
12.068,0.0
12.069,0.0
12.07,0.0
12.071,0.0
12.072,0.0
12.073,0.0
12.074,0.0
12.075,0.0
12.076,0.0
12.077,0.0
12.078,0.0
12.079,0.0
12.08,0.0
12.081,0.0
12.082,0.0
12.083,0.0
12.084,0.0
12.085,0.0
12.086,0.0
12.087,0.0
12.088,0.0
12.089,0.0
12.09,0.0
12.091,0.0
12.092,0.0
12.093,0.0
12.094,0.0
12.095,0.0
12.096,0.0
12.097,0.0
12.098,0.0
12.099,0.0
12.1,0.0
12.101,0.0
12.102,0.0
12.103,0.0
12.104,0.0
12.105,0.0
12.106,0.0
12.107,0.0
12.108,0.0
12.109,0.0
12.11,0.0
12.111,0.0
12.112,0.0
12.113,0.0
12.114,0.0
12.115,0.0
12.116,0.0
12.117,0.0
12.118,0.0
12.119,0.0
12.12,0.0
12.121,0.0
12.122,0.0
12.123,0.0
12.124,0.0
12.125,0.0
12.126,0.0
12.127,0.0
12.128,0.0
12.129,0.0
12.13,0.0
12.131,0.0
12.132,0.0
12.133,0.0
12.134,0.0
12.135,0.0
12.136,0.0
12.137,0.0
12.138,0.0
12.139,0.0
12.14,0.0
12.141,0.0
12.142,0.0
12.143,0.0
12.144,0.0
12.145,0.0
12.146,0.0
12.147,0.0
12.148,0.0
12.149,0.0
12.15,0.0
12.151,0.0
12.152,0.0
12.153,0.0
12.154,0.0
12.155,0.0
12.156,0.0
12.157,0.0
12.158,0.0
12.159,0.0
12.16,0.0
12.161,0.0
12.162,0.0
12.163,0.0
12.164,0.0
12.165,0.0
12.166,0.0
12.167,0.0
12.168,0.0
12.169,0.0
12.17,0.0
12.171,0.0
12.172,0.0
12.173,0.0
12.174,0.0
12.175,0.0
12.176,0.0
12.177,0.0
12.178,0.0
12.179,0.0
12.18,0.0
12.181,0.0
12.182,0.0
12.183,0.0
12.184,0.0
12.185,0.0
12.186,0.0
12.187,0.0
12.188,0.0
12.189,0.0
12.19,0.0
12.191,0.0
12.192,0.0
12.193,0.0
12.194,0.0
12.195,0.0
12.196,0.0
12.197,0.0
12.198,0.0
12.199,0.0
12.2,0.0
12.201,0.0
12.202,0.0
12.203,0.0
12.204,0.0
12.205,0.0
12.206,0.0
12.207,0.0
12.208,0.0
12.209,0.0
12.21,0.0
12.211,0.0
12.212,0.0
12.213,0.0
12.214,0.0
12.215,0.0
12.216,0.0
12.217,0.0
12.218,0.0
12.219,0.0
12.22,0.0
12.221,0.0
12.222,0.0
12.223,0.0
12.224,0.0
12.225,0.0
12.226,0.0
12.227,0.0
12.228,0.0
12.229,0.0
12.23,0.0
12.231,0.0
12.232,0.0
12.233,0.0
12.234,0.0
12.235,0.0
12.236,0.0
12.237,0.0
12.238,0.0
12.239,0.0
12.24,0.0
12.241,0.0
12.242,0.0
12.243,0.0
12.244,0.0
12.245,0.0
12.246,0.0
12.247,0.0
12.248,0.0
12.249,0.0
12.25,0.0
12.251,0.0
12.252,0.0
12.253,0.0
12.254,0.0
12.255,0.0
12.256,0.0
12.257,0.0
12.258,0.0
12.259,0.0
12.26,0.0
12.261,0.0
12.262,0.0
12.263,0.0
12.264,0.0
12.265,0.0
12.266,0.0
12.267,0.0
12.268,0.0
12.269,0.0
12.27,0.0
12.271,0.0
12.272,0.0
12.273,0.0
12.274,0.0
12.275,0.0
12.276,0.0
12.277,0.0
12.278,0.0
12.279,0.0
12.28,0.0
12.281,0.0
12.282,0.0
12.283,0.0
12.284,0.0
12.285,0.0
12.286,0.0
12.287,0.0
12.288,0.0
12.289,0.0
12.29,0.0
12.291,0.0
12.292,0.0
12.293,0.0
12.294,0.0
12.295,0.0
12.296,0.0
12.297,0.0
12.298,0.0
12.299,0.0
12.3,0.0
12.301,0.0
12.302,0.0
12.303,0.0
12.304,0.0
12.305,0.0
12.306,0.0
12.307,0.0
12.308,0.0
12.309,0.0
12.31,0.0
12.311,0.0
12.312,0.0
12.313,0.0
12.314,0.0
12.315,0.0
12.316,0.0
12.317,0.0
12.318,0.0
12.319,0.0
12.32,0.0
12.321,0.0
12.322,0.0
12.323,0.0
12.324,0.0
12.325,0.0
12.326,0.0
12.327,0.0
12.328,0.0
12.329,0.0
12.33,0.0
12.331,0.0
12.332,0.0
12.333,0.0
12.334,0.0
12.335,0.0
12.336,0.0
12.337,0.0
12.338,0.0
12.339,0.0
12.34,0.0
12.341,0.0
12.342,0.0
12.343,0.0
12.344,0.0
12.345,0.0
12.346,0.0
12.347,0.0
12.348,0.0
12.349,0.0
12.35,0.0
12.351,0.0
12.352,0.0
12.353,0.0
12.354,0.0
12.355,0.0
12.356,0.0
12.357,0.0
12.358,0.0
12.359,0.0
12.36,0.0
12.361,0.0
12.362,0.0
12.363,0.0
12.364,0.0
12.365,0.0
12.366,0.0
12.367,0.0
12.368,0.0
12.369,0.0
12.37,0.0
12.371,0.0
12.372,0.0
12.373,0.0
12.374,0.0
12.375,0.0
12.376,0.0
12.377,0.0
12.378,0.0
12.379,0.0
12.38,0.0
12.381,0.0
12.382,0.0
12.383,0.0
12.384,0.0
12.385,0.0
12.386,0.0
12.387,0.0
12.388,0.0
12.389,0.0
12.39,0.0
12.391,0.0
12.392,0.0
12.393,0.0
12.394,0.0
12.395,0.0
12.396,0.0
12.397,0.0
12.398,0.0
12.399,0.0
12.4,0.0
12.401,0.0
12.402,0.0
12.403,0.0
12.404,0.0
12.405,0.0
12.406,0.0
12.407,0.0
12.408,0.0
12.409,0.0
12.41,0.0
12.411,0.0
12.412,0.0
12.413,0.0
12.414,0.0
12.415,0.0
12.416,0.0
12.417,0.0
12.418,0.0
12.419,0.0
12.42,0.0
12.421,0.0
12.422,0.0
12.423,0.0
12.424,0.0
12.425,0.0
12.426,0.0
12.427,0.0
12.428,0.0
12.429,0.0
12.43,0.0
12.431,0.0
12.432,0.0
12.433,0.0
12.434,0.0
12.435,0.0
12.436,0.0
12.437,0.0
12.438,0.0
12.439,0.0
12.44,0.0
12.441,0.0
12.442,0.0
12.443,0.0
12.444,0.0
12.445,0.0
12.446,0.0
12.447,0.0
12.448,0.0
12.449,0.0
12.45,0.0
12.451,0.0
12.452,0.0
12.453,0.0
12.454,0.0
12.455,0.0
12.456,0.0
12.457,0.0
12.458,0.0
12.459,0.0
12.46,0.0
12.461,0.0
12.462,0.0
12.463,0.0
12.464,0.0
12.465,0.0
12.466,0.0
12.467,0.0
12.468,0.0
12.469,0.0
12.47,0.0
12.471,0.0
12.472,0.0
12.473,0.0
12.474,0.0
12.475,0.0
12.476,0.0
12.477,0.0
12.478,0.0
12.479,0.0
12.48,0.0
12.481,0.0
12.482,0.0
12.483,0.0
12.484,0.0
12.485,0.0
12.486,0.0
12.487,0.0
12.488,0.0
12.489,0.0
12.49,0.0
12.491,0.0
12.492,0.0
12.493,0.0
12.494,0.0
12.495,0.0
12.496,0.0
12.497,0.0
12.498,0.0
12.499,0.0
12.5,0.0
12.501,0.0
12.502,0.0
12.503,0.0
12.504,0.0
12.505,0.0
12.506,0.0
12.507,0.0
12.508,0.0
12.509,0.0
12.51,0.0
12.511,0.0
12.512,0.0
12.513,0.0
12.514,0.0
12.515,0.0
12.516,0.0
12.517,0.0
12.518,0.0
12.519,0.0
12.52,0.0
12.521,0.0
12.522,0.0
12.523,0.0
12.524,0.0
12.525,0.0
12.526,0.0
12.527,0.0
12.528,0.0
12.529,0.0
12.53,0.0
12.531,0.0
12.532,0.0
12.533,0.0
12.534,0.0
12.535,0.0
12.536,0.0
12.537,0.0
12.538,0.0
12.539,0.0
12.54,0.0
12.541,0.0
12.542,0.0
12.543,0.0
12.544,0.0
12.545,0.0
12.546,0.0
12.547,0.0
12.548,0.0
12.549,0.0
12.55,0.0
12.551,0.0
12.552,0.0
12.553,0.0
12.554,0.0
12.555,0.0
12.556,0.0
12.557,0.0
12.558,0.0
12.559,0.0
12.56,0.0
12.561,0.0
12.562,0.0
12.563,0.0
12.564,0.0
12.565,0.0
12.566,0.0
12.567,0.0
12.568,0.0
12.569,0.0
12.57,0.0
12.571,0.0
12.572,0.0
12.573,0.0
12.574,0.0
12.575,0.0
12.576,0.0
12.577,0.0
12.578,0.0
12.579,0.0
12.58,0.0
12.581,0.0
12.582,0.0
12.583,0.0
12.584,0.0
12.585,0.0
12.586,0.0
12.587,0.0
12.588,0.0
12.589,0.0
12.59,0.0
12.591,0.0
12.592,0.0
12.593,0.0
12.594,0.0
12.595,0.0
12.596,0.0
12.597,0.0
12.598,0.0
12.599,0.0
12.6,0.0
12.601,0.0
12.602,0.0
12.603,0.0
12.604,0.0
12.605,0.0
12.606,0.0
12.607,0.0
12.608,0.0
12.609,0.0
12.61,0.0
12.611,0.0
12.612,0.0
12.613,0.0
12.614,0.0
12.615,0.0
12.616,0.0
12.617,0.0
12.618,0.0
12.619,0.0
12.62,0.0
12.621,0.0
12.622,0.0
12.623,0.0
12.624,0.0
12.625,0.0
12.626,0.0
12.627,0.0
12.628,0.0
12.629,0.0
12.63,0.0
12.631,0.0
12.632,0.0
12.633,0.0
12.634,0.0
12.635,0.0
12.636,0.0
12.637,0.0
12.638,0.0
12.639,0.0
12.64,0.0
12.641,0.0
12.642,0.0
12.643,0.0
12.644,0.0
12.645,0.0
12.646,0.0
12.647,0.0
12.648,0.0
12.649,0.0
12.65,0.0
12.651,0.0
12.652,0.0
12.653,0.0
12.654,0.0
12.655,0.0
12.656,0.0
12.657,0.0
12.658,0.0
12.659,0.0
12.66,0.0
12.661,0.0
12.662,0.0
12.663,0.0
12.664,0.0
12.665,0.0
12.666,0.0
12.667,0.0
12.668,0.0
12.669,0.0
12.67,0.0
12.671,0.0
12.672,0.0
12.673,0.0
12.674,0.0
12.675,0.0
12.676,0.0
12.677,0.0
12.678,0.0
12.679,0.0
12.68,0.0
12.681,0.0
12.682,0.0
12.683,0.0
12.684,0.0
12.685,0.0
12.686,0.0
12.687,0.0
12.688,0.0
12.689,0.0
12.69,0.0
12.691,0.0
12.692,0.0
12.693,0.0
12.694,0.0
12.695,0.0
12.696,0.0
12.697,0.0
12.698,0.0
12.699,0.0
12.7,0.0
12.701,0.0
12.702,0.0
12.703,0.0
12.704,0.0
12.705,0.0
12.706,0.0
12.707,0.0
12.708,0.0
12.709,0.0
12.71,0.0
12.711,0.0
12.712,0.0
12.713,0.0
12.714,0.0
12.715,0.0
12.716,0.0
12.717,0.0
12.718,0.0
12.719,0.0
12.72,0.0
12.721,0.0
12.722,0.0
12.723,0.0
12.724,0.0
12.725,0.0
12.726,0.0
12.727,0.0
12.728,0.0
12.729,0.0
12.73,0.0
12.731,0.0
12.732,0.0
12.733,0.0
12.734,0.0
12.735,0.0
12.736,0.0
12.737,0.0
12.738,0.0
12.739,0.0
12.74,0.0
12.741,0.0
12.742,0.0
12.743,0.0
12.744,0.0
12.745,0.0
12.746,0.0
12.747,0.0
12.748,0.0
12.749,0.0
12.75,0.0
12.751,0.0
12.752,0.0
12.753,0.0
12.754,0.0
12.755,0.0
12.756,0.0
12.757,0.0
12.758,0.0
12.759,0.0
12.76,0.0
12.761,0.0
12.762,0.0
12.763,0.0
12.764,0.0
12.765,0.0
12.766,0.0
12.767,0.0
12.768,0.0
12.769,0.0
12.77,0.0
12.771,0.0
12.772,0.0
12.773,0.0
12.774,0.0
12.775,0.0
12.776,0.0
12.777,0.0
12.778,0.0
12.779,0.0
12.78,0.0
12.781,0.0
12.782,0.0
12.783,0.0
12.784,0.0
12.785,0.0
12.786,0.0
12.787,0.0
12.788,0.0
12.789,0.0
12.79,0.0
12.791,0.0
12.792,0.0
12.793,0.0
12.794,0.0
12.795,0.0
12.796,0.0
12.797,0.0
12.798,0.0
12.799,0.0
12.8,0.0
12.801,0.0
12.802,0.0
12.803,0.0
12.804,0.0
12.805,0.0
12.806,0.0
12.807,0.0
12.808,0.0
12.809,0.0
12.81,0.0
12.811,0.0
12.812,0.0
12.813,0.0
12.814,0.0
12.815,0.0
12.816,0.0
12.817,0.0
12.818,0.0
12.819,0.0
12.82,0.0
12.821,0.0
12.822,0.0
12.823,0.0
12.824,0.0
12.825,0.0
12.826,0.0
12.827,0.0
12.828,0.0
12.829,0.0
12.83,0.0
12.831,0.0
12.832,0.0
12.833,0.0
12.834,0.0
12.835,0.0
12.836,0.0
12.837,0.0
12.838,0.0
12.839,0.0
12.84,0.0
12.841,0.0
12.842,0.0
12.843,0.0
12.844,0.0
12.845,0.0
12.846,0.0
12.847,0.0
12.848,0.0
12.849,0.0
12.85,0.0
12.851,0.0
12.852,0.0
12.853,0.0
12.854,0.0
12.855,0.0
12.856,0.0
12.857,0.0
12.858,0.0
12.859,0.0
12.86,0.0
12.861,0.0
12.862,0.0
12.863,0.0
12.864,0.0
12.865,0.0
12.866,0.0
12.867,0.0
12.868,0.0
12.869,0.0
12.87,0.0
12.871,0.0
12.872,0.0
12.873,0.0
12.874,0.0
12.875,0.0
12.876,0.0
12.877,0.0
12.878,0.0
12.879,0.0
12.88,0.0
12.881,0.0
12.882,0.0
12.883,0.0
12.884,0.0
12.885,0.0
12.886,0.0
12.887,0.0
12.888,0.0
12.889,0.0
12.89,0.0
12.891,0.0
12.892,0.0
12.893,0.0
12.894,0.0
12.895,0.0
12.896,0.0
12.897,0.0
12.898,0.0
12.899,0.0
12.9,0.0
12.901,0.0
12.902,0.0
12.903,0.0
12.904,0.0
12.905,0.0
12.906,0.0
12.907,0.0
12.908,0.0
12.909,0.0
12.91,0.0
12.911,0.0
12.912,0.0
12.913,0.0
12.914,0.0
12.915,0.0
12.916,0.0
12.917,0.0
12.918,0.0
12.919,0.0
12.92,0.0
12.921,0.0
12.922,0.0
12.923,0.0
12.924,0.0
12.925,0.0
12.926,0.0
12.927,0.0
12.928,0.0
12.929,0.0
12.93,0.0
12.931,0.0
12.932,0.0
12.933,0.0
12.934,0.0
12.935,0.0
12.936,0.0
12.937,0.0
12.938,0.0
12.939,0.0
12.94,0.0
12.941,0.0
12.942,0.0
12.943,0.0
12.944,0.0
12.945,0.0
12.946,0.0
12.947,0.0
12.948,0.0
12.949,0.0
12.95,0.0
12.951,0.0
12.952,0.0
12.953,0.0
12.954,0.0
12.955,0.0
12.956,0.0
12.957,0.0
12.958,0.0
12.959,0.0
12.96,0.0
12.961,0.0
12.962,0.0
12.963,0.0
12.964,0.0
12.965,0.0
12.966,0.0
12.967,0.0
12.968,0.0
12.969,0.0
12.97,0.0
12.971,0.0
12.972,0.0
12.973,0.0
12.974,0.0
12.975,0.0
12.976,0.0
12.977,0.0
12.978,0.0
12.979,0.0
12.98,0.0
12.981,0.0
12.982,0.0
12.983,0.0
12.984,0.0
12.985,0.0
12.986,0.0
12.987,0.0
12.988,0.0
12.989,0.0
12.99,0.0
12.991,0.0
12.992,0.0
12.993,0.0
12.994,0.0
12.995,0.0
12.996,0.0
12.997,0.0
12.998,0.0
12.999,0.0
13.0,0.0
13.001,0.0
13.002,0.0
13.003,0.0
13.004,0.0
13.005,0.0
13.006,0.0
13.007,0.0
13.008,0.0
13.009,0.0
13.01,0.0
13.011,0.0
13.012,0.0
13.013,0.0
13.014,0.0
13.015,0.0
13.016,0.0
13.017,0.0
13.018,0.0
13.019,0.0
13.02,0.0
13.021,0.0
13.022,0.0
13.023,0.0
13.024,0.0
13.025,0.0
13.026,0.0
13.027,0.0
13.028,0.0
13.029,0.0
13.03,0.0
13.031,0.0
13.032,0.0
13.033,0.0
13.034,0.0
13.035,0.0
13.036,0.0
13.037,0.0
13.038,0.0
13.039,0.0
13.04,0.0
13.041,0.0
13.042,0.0
13.043,0.0
13.044,0.0
13.045,0.0
13.046,0.0
13.047,0.0
13.048,0.0
13.049,0.0
13.05,0.0
13.051,0.0
13.052,0.0
13.053,0.0
13.054,0.0
13.055,0.0
13.056,0.0
13.057,0.0
13.058,0.0
13.059,0.0
13.06,0.0
13.061,0.0
13.062,0.0
13.063,0.0
13.064,0.0
13.065,0.0
13.066,0.0
13.067,0.0
13.068,0.0
13.069,0.0
13.07,0.0
13.071,0.0
13.072,0.0
13.073,0.0
13.074,0.0
13.075,0.0
13.076,0.0
13.077,0.0
13.078,0.0
13.079,0.0
13.08,0.0
13.081,0.0
13.082,0.0
13.083,0.0
13.084,0.0
13.085,0.0
13.086,0.0
13.087,0.0
13.088,0.0
13.089,0.0
13.09,0.0
13.091,0.0
13.092,0.0
13.093,0.0
13.094,0.0
13.095,0.0
13.096,0.0
13.097,0.0
13.098,0.0
13.099,0.0
13.1,0.0
13.101,0.0
13.102,0.0
13.103,0.0
13.104,0.0
13.105,0.0
13.106,0.0
13.107,0.0
13.108,0.0
13.109,0.0
13.11,0.0
13.111,0.0
13.112,0.0
13.113,0.0
13.114,0.0
13.115,0.0
13.116,0.0
13.117,0.0
13.118,0.0
13.119,0.0
13.12,0.0
13.121,0.0
13.122,0.0
13.123,0.0
13.124,0.0
13.125,0.0
13.126,0.0
13.127,0.0
13.128,0.0
13.129,0.0
13.13,0.0
13.131,0.0
13.132,0.0
13.133,0.0
13.134,0.0
13.135,0.0
13.136,0.0
13.137,0.0
13.138,0.0
13.139,0.0
13.14,0.0
13.141,0.0
13.142,0.0
13.143,0.0
13.144,0.0
13.145,0.0
13.146,0.0
13.147,0.0
13.148,0.0
13.149,0.0
13.15,0.0
13.151,0.0
13.152,0.0
13.153,0.0
13.154,0.0
13.155,0.0
13.156,0.0
13.157,0.0
13.158,0.0
13.159,0.0
13.16,0.0
13.161,0.0
13.162,0.0
13.163,0.0
13.164,0.0
13.165,0.0
13.166,0.0
13.167,0.0
13.168,0.0
13.169,0.0
13.17,0.0
13.171,0.0
13.172,0.0
13.173,0.0
13.174,0.0
13.175,0.0
13.176,0.0
13.177,0.0
13.178,0.0
13.179,0.0
13.18,0.0
13.181,0.0
13.182,0.0
13.183,0.0
13.184,0.0
13.185,0.0
13.186,0.0
13.187,0.0
13.188,0.0
13.189,0.0
13.19,0.0
13.191,0.0
13.192,0.0
13.193,0.0
13.194,0.0
13.195,0.0
13.196,0.0
13.197,0.0
13.198,0.0
13.199,0.0
13.2,0.0
13.201,0.0
13.202,0.0
13.203,0.0
13.204,0.0
13.205,0.0
13.206,0.0
13.207,0.0
13.208,0.0
13.209,0.0
13.21,0.0
13.211,0.0
13.212,0.0
13.213,0.0
13.214,0.0
13.215,0.0
13.216,0.0
13.217,0.0
13.218,0.0
13.219,0.0
13.22,0.0
13.221,0.0
13.222,0.0
13.223,0.0
13.224,0.0
13.225,0.0
13.226,0.0
13.227,0.0
13.228,0.0
13.229,0.0
13.23,0.0
13.231,0.0
13.232,0.0
13.233,0.0
13.234,0.0
13.235,0.0
13.236,0.0
13.237,0.0
13.238,0.0
13.239,0.0
13.24,0.0
13.241,0.0
13.242,0.0
13.243,0.0
13.244,0.0
13.245,0.0
13.246,0.0
13.247,0.0
13.248,0.0
13.249,0.0
13.25,0.0
13.251,0.0
13.252,0.0
13.253,0.0
13.254,0.0
13.255,0.0
13.256,0.0
13.257,0.0
13.258,0.0
13.259,0.0
13.26,0.0
13.261,0.0
13.262,0.0
13.263,0.0
13.264,0.0
13.265,0.0
13.266,0.0
13.267,0.0
13.268,0.0
13.269,0.0
13.27,0.0
13.271,0.0
13.272,0.0
13.273,0.0
13.274,0.0
13.275,0.0
13.276,0.0
13.277,0.0
13.278,0.0
13.279,0.0
13.28,0.0
13.281,0.0
13.282,0.0
13.283,0.0
13.284,0.0
13.285,0.0
13.286,0.0
13.287,0.0
13.288,0.0
13.289,0.0
13.29,0.0
13.291,0.0
13.292,0.0
13.293,0.0
13.294,0.0
13.295,0.0
13.296,0.0
13.297,0.0
13.298,0.0
13.299,0.0
13.3,0.0
13.301,0.0
13.302,0.0
13.303,0.0
13.304,0.0
13.305,0.0
13.306,0.0
13.307,0.0
13.308,0.0
13.309,0.0
13.31,0.0
13.311,0.0
13.312,0.0
13.313,0.0
13.314,0.0
13.315,0.0
13.316,0.0
13.317,0.0
13.318,0.0
13.319,0.0
13.32,0.0
13.321,0.0
13.322,0.0
13.323,0.0
13.324,0.0
13.325,0.0
13.326,0.0
13.327,0.0
13.328,0.0
13.329,0.0
13.33,0.0
13.331,0.0
13.332,0.0
13.333,0.0
13.334,0.0
13.335,0.0
13.336,0.0
13.337,0.0
13.338,0.0
13.339,0.0
13.34,0.0
13.341,0.0
13.342,0.0
13.343,0.0
13.344,0.0
13.345,0.0
13.346,0.0
13.347,0.0
13.348,0.0
13.349,0.0
13.35,0.0
13.351,0.0
13.352,0.0
13.353,0.0
13.354,0.0
13.355,0.0
13.356,0.0
13.357,0.0
13.358,0.0
13.359,0.0
13.36,0.0
13.361,0.0
13.362,0.0
13.363,0.0
13.364,0.0
13.365,0.0
13.366,0.0
13.367,0.0
13.368,0.0
13.369,0.0
13.37,0.0
13.371,0.0
13.372,0.0
13.373,0.0
13.374,0.0
13.375,0.0
13.376,0.0
13.377,0.0
13.378,0.0
13.379,0.0
13.38,0.0
13.381,0.0
13.382,0.0
13.383,0.0
13.384,0.0
13.385,0.0
13.386,0.0
13.387,0.0
13.388,0.0
13.389,0.0
13.39,0.0
13.391,0.0
13.392,0.0
13.393,0.0
13.394,0.0
13.395,0.0
13.396,0.0
13.397,0.0
13.398,0.0
13.399,0.0
13.4,0.0
13.401,0.0
13.402,0.0
13.403,0.0
13.404,0.0
13.405,0.0
13.406,0.0
13.407,0.0
13.408,0.0
13.409,0.0
13.41,0.0
13.411,0.0
13.412,0.0
13.413,0.0
13.414,0.0
13.415,0.0
13.416,0.0
13.417,0.0
13.418,0.0
13.419,0.0
13.42,0.0
13.421,0.0
13.422,0.0
13.423,0.0
13.424,0.0
13.425,0.0
13.426,0.0
13.427,0.0
13.428,0.0
13.429,0.0
13.43,0.0
13.431,0.0
13.432,0.0
13.433,0.0
13.434,0.0
13.435,0.0
13.436,0.0
13.437,0.0
13.438,0.0
13.439,0.0
13.44,0.0
13.441,0.0
13.442,0.0
13.443,0.0
13.444,0.0
13.445,0.0
13.446,0.0
13.447,0.0
13.448,0.0
13.449,0.0
13.45,0.0
13.451,0.0
13.452,0.0
13.453,0.0
13.454,0.0
13.455,0.0
13.456,0.0
13.457,0.0
13.458,0.0
13.459,0.0
13.46,0.0
13.461,0.0
13.462,0.0
13.463,0.0
13.464,0.0
13.465,0.0
13.466,0.0
13.467,0.0
13.468,0.0
13.469,0.0
13.47,0.0
13.471,0.0
13.472,0.0
13.473,0.0
13.474,0.0
13.475,0.0
13.476,0.0
13.477,0.0
13.478,0.0
13.479,0.0
13.48,0.0
13.481,0.0
13.482,0.0
13.483,0.0
13.484,0.0
13.485,0.0
13.486,0.0
13.487,0.0
13.488,0.0
13.489,0.0
13.49,0.0
13.491,0.0
13.492,0.0
13.493,0.0
13.494,0.0
13.495,0.0
13.496,0.0
13.497,0.0
13.498,0.0
13.499,0.0
13.5,0.0
13.501,0.0
13.502,0.0
13.503,0.0
13.504,0.0
13.505,0.0
13.506,0.0
13.507,0.0
13.508,0.0
13.509,0.0
13.51,0.0
13.511,0.0
13.512,0.0
13.513,0.0
13.514,0.0
13.515,0.0
13.516,0.0
13.517,0.0
13.518,0.0
13.519,0.0
13.52,0.0
13.521,0.0
13.522,0.0
13.523,0.0
13.524,0.0
13.525,0.0
13.526,0.0
13.527,0.0
13.528,0.0
13.529,0.0
13.53,0.0
13.531,0.0
13.532,0.0
13.533,0.0
13.534,0.0
13.535,0.0
13.536,0.0
13.537,0.0
13.538,0.0
13.539,0.0
13.54,0.0
13.541,0.0
13.542,0.0
13.543,0.0
13.544,0.0
13.545,0.0
13.546,0.0
13.547,0.0
13.548,0.0
13.549,0.0
13.55,0.0
13.551,0.0
13.552,0.0
13.553,0.0
13.554,0.0
13.555,0.0
13.556,0.0
13.557,0.0
13.558,0.0
13.559,0.0
13.56,0.0
13.561,0.0
13.562,0.0
13.563,0.0
13.564,0.0
13.565,0.0
13.566,0.0
13.567,0.0
13.568,0.0
13.569,0.0
13.57,0.0
13.571,0.0
13.572,0.0
13.573,0.0
13.574,0.0
13.575,0.0
13.576,0.0
13.577,0.0
13.578,0.0
13.579,0.0
13.58,0.0
13.581,0.0
13.582,0.0
13.583,0.0
13.584,0.0
13.585,0.0
13.586,0.0
13.587,0.0
13.588,0.0
13.589,0.0
13.59,0.0
13.591,0.0
13.592,0.0
13.593,0.0
13.594,0.0
13.595,0.0
13.596,0.0
13.597,0.0
13.598,0.0
13.599,0.0
13.6,0.0
13.601,0.0
13.602,0.0
13.603,0.0
13.604,0.0
13.605,0.0
13.606,0.0
13.607,0.0
13.608,0.0
13.609,0.0
13.61,0.0
13.611,0.0
13.612,0.0
13.613,0.0
13.614,0.0
13.615,0.0
13.616,0.0
13.617,0.0
13.618,0.0
13.619,0.0
13.62,0.0
13.621,0.0
13.622,0.0
13.623,0.0
13.624,0.0
13.625,0.0
13.626,0.0
13.627,0.0
13.628,0.0
13.629,0.0
13.63,0.0
13.631,0.0
13.632,0.0
13.633,0.0
13.634,0.0
13.635,0.0
13.636,0.0
13.637,0.0
13.638,0.0
13.639,0.0
13.64,0.0
13.641,0.0
13.642,0.0
13.643,0.0
13.644,0.0
13.645,0.0
13.646,0.0
13.647,0.0
13.648,0.0
13.649,0.0
13.65,0.0
13.651,0.0
13.652,0.0
13.653,0.0
13.654,0.0
13.655,0.0
13.656,0.0
13.657,0.0
13.658,0.0
13.659,0.0
13.66,0.0
13.661,0.0
13.662,0.0
13.663,0.0
13.664,0.0
13.665,0.0
13.666,0.0
13.667,0.0
13.668,0.0
13.669,0.0
13.67,0.0
13.671,0.0
13.672,0.0
13.673,0.0
13.674,0.0
13.675,0.0
13.676,0.0
13.677,0.0
13.678,0.0
13.679,0.0
13.68,0.0
13.681,0.0
13.682,0.0
13.683,0.0
13.684,0.0
13.685,0.0
13.686,0.0
13.687,0.0
13.688,0.0
13.689,0.0
13.69,0.0
13.691,0.0
13.692,0.0
13.693,0.0
13.694,0.0
13.695,0.0
13.696,0.0
13.697,0.0
13.698,0.0
13.699,0.0
13.7,0.0
13.701,0.0
13.702,0.0
13.703,0.0
13.704,0.0
13.705,0.0
13.706,0.0
13.707,0.0
13.708,0.0
13.709,0.0
13.71,0.0
13.711,0.0
13.712,0.0
13.713,0.0
13.714,0.0
13.715,0.0
13.716,0.0
13.717,0.0
13.718,0.0
13.719,0.0
13.72,0.0
13.721,0.0
13.722,0.0
13.723,0.0
13.724,0.0
13.725,0.0
13.726,0.0
13.727,0.0
13.728,0.0
13.729,0.0
13.73,0.0
13.731,0.0
13.732,0.0
13.733,0.0
13.734,0.0
13.735,0.0
13.736,0.0
13.737,0.0
13.738,0.0
13.739,0.0
13.74,0.0
13.741,0.0
13.742,0.0
13.743,0.0
13.744,0.0
13.745,0.0
13.746,0.0
13.747,0.0
13.748,0.0
13.749,0.0
13.75,0.0
13.751,0.0
13.752,0.0
13.753,0.0
13.754,0.0
13.755,0.0
13.756,0.0
13.757,0.0
13.758,0.0
13.759,0.0
13.76,0.0
13.761,0.0
13.762,0.0
13.763,0.0
13.764,0.0
13.765,0.0
13.766,0.0
13.767,0.0
13.768,0.0
13.769,0.0
13.77,0.0
13.771,0.0
13.772,0.0
13.773,0.0
13.774,0.0
13.775,0.0
13.776,0.0
13.777,0.0
13.778,0.0
13.779,0.0
13.78,0.0
13.781,0.0
13.782,0.0
13.783,0.0
13.784,0.0
13.785,0.0
13.786,0.0
13.787,0.0
13.788,0.0
13.789,0.0
13.79,0.0
13.791,0.0
13.792,0.0
13.793,0.0
13.794,0.0
13.795,0.0
13.796,0.0
13.797,0.0
13.798,0.0
13.799,0.0
13.8,0.0
13.801,0.0
13.802,0.0
13.803,0.0
13.804,0.0
13.805,0.0
13.806,0.0
13.807,0.0
13.808,0.0
13.809,0.0
13.81,0.0
13.811,0.0
13.812,0.0
13.813,0.0
13.814,0.0
13.815,0.0
13.816,0.0
13.817,0.0
13.818,0.0
13.819,0.0
13.82,0.0
13.821,0.0
13.822,0.0
13.823,0.0
13.824,0.0
13.825,0.0
13.826,0.0
13.827,0.0
13.828,0.0
13.829,0.0
13.83,0.0
13.831,0.0
13.832,0.0
13.833,0.0
13.834,0.0
13.835,0.0
13.836,0.0
13.837,0.0
13.838,0.0
13.839,0.0
13.84,0.0
13.841,0.0
13.842,0.0
13.843,0.0
13.844,0.0
13.845,0.0
13.846,0.0
13.847,0.0
13.848,0.0
13.849,0.0
13.85,0.0
13.851,0.0
13.852,0.0
13.853,0.0
13.854,0.0
13.855,0.0
13.856,0.0
13.857,0.0
13.858,0.0
13.859,0.0
13.86,0.0
13.861,0.0
13.862,0.0
13.863,0.0
13.864,0.0
13.865,0.0
13.866,0.0
13.867,0.0
13.868,0.0
13.869,0.0
13.87,0.0
13.871,0.0
13.872,0.0
13.873,0.0
13.874,0.0
13.875,0.0
13.876,0.0
13.877,0.0
13.878,0.0
13.879,0.0
13.88,0.0
13.881,0.0
13.882,0.0
13.883,0.0
13.884,0.0
13.885,0.0
13.886,0.0
13.887,0.0
13.888,0.0
13.889,0.0
13.89,0.0
13.891,0.0
13.892,0.0
13.893,0.0
13.894,0.0
13.895,0.0
13.896,0.0
13.897,0.0
13.898,0.0
13.899,0.0
13.9,0.0
13.901,0.0
13.902,0.0
13.903,0.0
13.904,0.0
13.905,0.0
13.906,0.0
13.907,0.0
13.908,0.0
13.909,0.0
13.91,0.0
13.911,0.0
13.912,0.0
13.913,0.0
13.914,0.0
13.915,0.0
13.916,0.0
13.917,0.0
13.918,0.0
13.919,0.0
13.92,0.0
13.921,0.0
13.922,0.0
13.923,0.0
13.924,0.0
13.925,0.0
13.926,0.0
13.927,0.0
13.928,0.0
13.929,0.0
13.93,0.0
13.931,0.0
13.932,0.0
13.933,0.0
13.934,0.0
13.935,0.0
13.936,0.0
13.937,0.0
13.938,0.0
13.939,0.0
13.94,0.0
13.941,0.0
13.942,0.0
13.943,0.0
13.944,0.0
13.945,0.0
13.946,0.0
13.947,0.0
13.948,0.0
13.949,0.0
13.95,0.0
13.951,0.0
13.952,0.0
13.953,0.0
13.954,0.0
13.955,0.0
13.956,0.0
13.957,0.0
13.958,0.0
13.959,0.0
13.96,0.0
13.961,0.0
13.962,0.0
13.963,0.0
13.964,0.0
13.965,0.0
13.966,0.0
13.967,0.0
13.968,0.0
13.969,0.0
13.97,0.0
13.971,0.0
13.972,0.0
13.973,0.0
13.974,0.0
13.975,0.0
13.976,0.0
13.977,0.0
13.978,0.0
13.979,0.0
13.98,0.0
13.981,0.0
13.982,0.0
13.983,0.0
13.984,0.0
13.985,0.0
13.986,0.0
13.987,0.0
13.988,0.0
13.989,0.0
13.99,0.0
13.991,0.0
13.992,0.0
13.993,0.0
13.994,0.0
13.995,0.0
13.996,0.0
13.997,0.0
13.998,0.0
13.999,0.0
14.0,0.0
14.001,0.0
14.002,0.0
14.003,0.0
14.004,0.0
14.005,0.0
14.006,0.0
14.007,0.0
14.008,0.0
14.009,0.0
14.01,0.0
14.011,0.0
14.012,0.0
14.013,0.0
14.014,0.0
14.015,0.0
14.016,0.0
14.017,0.0
14.018,0.0
14.019,0.0
14.02,0.0
14.021,0.0
14.022,0.0
14.023,0.0
14.024,0.0
14.025,0.0
14.026,0.0
14.027,0.0
14.028,0.0
14.029,0.0
14.03,0.0
14.031,0.0
14.032,0.0
14.033,0.0
14.034,0.0
14.035,0.0
14.036,0.0
14.037,0.0
14.038,0.0
14.039,0.0
14.04,0.0
14.041,0.0
14.042,0.0
14.043,0.0
14.044,0.0
14.045,0.0
14.046,0.0
14.047,0.0
14.048,0.0
14.049,0.0
14.05,0.0
14.051,0.0
14.052,0.0
14.053,0.0
14.054,0.0
14.055,0.0
14.056,0.0
14.057,0.0
14.058,0.0
14.059,0.0
14.06,0.0
14.061,0.0
14.062,0.0
14.063,0.0
14.064,0.0
14.065,0.0
14.066,0.0
14.067,0.0
14.068,0.0
14.069,0.0
14.07,0.0
14.071,0.0
14.072,0.0
14.073,0.0
14.074,0.0
14.075,0.0
14.076,0.0
14.077,0.0
14.078,0.0
14.079,0.0
14.08,0.0
14.081,0.0
14.082,0.0
14.083,0.0
14.084,0.0
14.085,0.0
14.086,0.0
14.087,0.0
14.088,0.0
14.089,0.0
14.09,0.0
14.091,0.0
14.092,0.0
14.093,0.0
14.094,0.0
14.095,0.0
14.096,0.0
14.097,0.0
14.098,0.0
14.099,0.0
14.1,0.0
14.101,0.0
14.102,0.0
14.103,0.0
14.104,0.0
14.105,0.0
14.106,0.0
14.107,0.0
14.108,0.0
14.109,0.0
14.11,0.0
14.111,0.0
14.112,0.0
14.113,0.0
14.114,0.0
14.115,0.0
14.116,0.0
14.117,0.0
14.118,0.0
14.119,0.0
14.12,0.0
14.121,0.0
14.122,0.0
14.123,0.0
14.124,0.0
14.125,0.0
14.126,0.0
14.127,0.0
14.128,0.0
14.129,0.0
14.13,0.0
14.131,0.0
14.132,0.0
14.133,0.0
14.134,0.0
14.135,0.0
14.136,0.0
14.137,0.0
14.138,0.0
14.139,0.0
14.14,0.0
14.141,0.0
14.142,0.0
14.143,0.0
14.144,0.0
14.145,0.0
14.146,0.0
14.147,0.0
14.148,0.0
14.149,0.0
14.15,0.0
14.151,0.0
14.152,0.0
14.153,0.0
14.154,0.0
14.155,0.0
14.156,0.0
14.157,0.0
14.158,0.0
14.159,0.0
14.16,0.0
14.161,0.0
14.162,0.0
14.163,0.0
14.164,0.0
14.165,0.0
14.166,0.0
14.167,0.0
14.168,0.0
14.169,0.0
14.17,0.0
14.171,0.0
14.172,0.0
14.173,0.0
14.174,0.0
14.175,0.0
14.176,0.0
14.177,0.0
14.178,0.0
14.179,0.0
14.18,0.0
14.181,0.0
14.182,0.0
14.183,0.0
14.184,0.0
14.185,0.0
14.186,0.0
14.187,0.0
14.188,0.0
14.189,0.0
14.19,0.0
14.191,0.0
14.192,0.0
14.193,0.0
14.194,0.0
14.195,0.0
14.196,0.0
14.197,0.0
14.198,0.0
14.199,0.0
14.2,0.0
14.201,0.0
14.202,0.0
14.203,0.0
14.204,0.0
14.205,0.0
14.206,0.0
14.207,0.0
14.208,0.0
14.209,0.0
14.21,0.45
14.211,0.45
14.212,0.45
14.213,0.45
14.214,0.45
14.215,0.45
14.216,0.45
14.217,0.45
14.218,0.45
14.219,0.45
14.22,0.45
14.221,0.45
14.222,0.45
14.223,0.45
14.224,0.45
14.225,0.45
14.226,0.45
14.227,0.45
14.228,0.45
14.229,0.45
14.23,0.45
14.231,0.45
14.232,0.45
14.233,0.45
14.234,0.45
14.235,0.45
14.236,0.45
14.237,0.45
14.238,0.45
14.239,0.45
14.24,0.45
14.241,0.45
14.242,0.45
14.243,0.45
14.244,0.45
14.245,0.45
14.246,0.45
14.247,0.45
14.248,0.45
14.249,0.45
14.25,0.45
14.251,0.45
14.252,0.45
14.253,0.45
14.254,0.45
14.255,0.45
14.256,0.45
14.257,0.45
14.258,0.45
14.259,0.45
14.26,0.45
14.261,0.45
14.262,0.45
14.263,0.45
14.264,0.45
14.265,0.45
14.266,0.45
14.267,0.45
14.268,0.45
14.269,0.45
14.27,0.45
14.271,0.45
14.272,0.45
14.273,0.45
14.274,0.45
14.275,0.45
14.276,0.45
14.277,0.45
14.278,0.45
14.279,0.45
14.28,0.45
14.281,0.45
14.282,0.45
14.283,0.45
14.284,0.45
14.285,0.45
14.286,0.45
14.287,0.45
14.288,0.45
14.289,0.45
14.29,0.45
14.291,0.45
14.292,0.45
14.293,0.45
14.294,0.45
14.295,0.45
14.296,0.45
14.297,0.45
14.298,0.45
14.299,0.45
14.3,0.45
14.301,0.45
14.302,0.45
14.303,0.45
14.304,0.45
14.305,0.45
14.306,0.45
14.307,0.45
14.308,0.45
14.309,0.45
14.31,0.45
14.311,0.45
14.312,0.45
14.313,0.45
14.314,0.45
14.315,0.45
14.316,0.45
14.317,0.45
14.318,0.45
14.319,0.45
14.32,0.45
14.321,0.45
14.322,0.45
14.323,0.45
14.324,0.45
14.325,0.45
14.326,0.45
14.327,0.45
14.328,0.45
14.329,0.45
14.33,0.45
14.331,0.45
14.332,0.45
14.333,0.45
14.334,0.45
14.335,0.45
14.336,0.45
14.337,0.45
14.338,0.45
14.339,0.45
14.34,0.45
14.341,0.45
14.342,0.45
14.343,0.45
14.344,0.45
14.345,0.45
14.346,0.45
14.347,0.45
14.348,0.45
14.349,0.45
14.35,0.45
14.351,0.45
14.352,0.45
14.353,0.45
14.354,0.45
14.355,0.45
14.356,0.45
14.357,0.45
14.358,0.45
14.359,0.45
14.36,0.45
14.361,0.45
14.362,0.45
14.363,0.45
14.364,0.45
14.365,0.45
14.366,0.45
14.367,0.45
14.368,0.45
14.369,0.45
14.37,0.45
14.371,0.45
14.372,0.45
14.373,0.45
14.374,0.45
14.375,0.45
14.376,0.45
14.377,0.45
14.378,0.45
14.379,0.45
14.38,0.45
14.381,0.45
14.382,0.45
14.383,0.45
14.384,0.45
14.385,0.45
14.386,0.45
14.387,0.45
14.388,0.45
14.389,0.45
14.39,0.45
14.391,0.45
14.392,0.45
14.393,0.45
14.394,0.45
14.395,0.45
14.396,0.45
14.397,0.45
14.398,0.45
14.399,0.45
14.4,0.45
14.401,0.45
14.402,0.45
14.403,0.45
14.404,0.45
14.405,0.45
14.406,0.45
14.407,0.45
14.408,0.45
14.409,0.45
14.41,0.45
14.411,0.45
14.412,0.45
14.413,0.45
14.414,0.45
14.415,0.45
14.416,0.45
14.417,0.45
14.418,0.45
14.419,0.45
14.42,0.45
14.421,0.45
14.422,0.45
14.423,0.45
14.424,0.45
14.425,0.45
14.426,0.45
14.427,0.45
14.428,0.45
14.429,0.45
14.43,0.45
14.431,0.45
14.432,0.45
14.433,0.45
14.434,0.45
14.435,0.45
14.436,0.45
14.437,0.45
14.438,0.45
14.439,0.45
14.44,0.45
14.441,0.45
14.442,0.45
14.443,0.45
14.444,0.45
14.445,0.45
14.446,0.45
14.447,0.45
14.448,0.45
14.449,0.45
14.45,0.45
14.451,0.45
14.452,0.45
14.453,0.45
14.454,0.45
14.455,0.45
14.456,0.45
14.457,0.45
14.458,0.45
14.459,0.45
14.46,0.45
14.461,0.45
14.462,0.45
14.463,0.45
14.464,0.45
14.465,0.45
14.466,0.45
14.467,0.45
14.468,0.45
14.469,0.45
14.47,0.45
14.471,0.45
14.472,0.45
14.473,0.45
14.474,0.45
14.475,0.45
14.476,0.45
14.477,0.45
14.478,0.45
14.479,0.45
14.48,0.45
14.481,0.45
14.482,0.45
14.483,0.45
14.484,0.45
14.485,0.45
14.486,0.45
14.487,0.45
14.488,0.45
14.489,0.45
14.49,0.45
14.491,0.45
14.492,0.45
14.493,0.45
14.494,0.45
14.495,0.45
14.496,0.45
14.497,0.45
14.498,0.45
14.499,0.45
14.5,0.45
14.501,0.45
14.502,0.45
14.503,0.45
14.504,0.45
14.505,0.45
14.506,0.45
14.507,0.45
14.508,0.45
14.509,0.45
14.51,0.45
14.511,0.45
14.512,0.45
14.513,0.45
14.514,0.45
14.515,0.45
14.516,0.45
14.517,0.45
14.518,0.45
14.519,0.45
14.52,0.45
14.521,0.45
14.522,0.45
14.523,0.45
14.524,0.45
14.525,0.45
14.526,0.45
14.527,0.45
14.528,0.45
14.529,0.45
14.53,0.45
14.531,0.45
14.532,0.45
14.533,0.45
14.534,0.45
14.535,0.45
14.536,0.45
14.537,0.45
14.538,0.45
14.539,0.45
14.54,0.45
14.541,0.45
14.542,0.45
14.543,0.45
14.544,0.45
14.545,0.45
14.546,0.45
14.547,0.45
14.548,0.45
14.549,0.45
14.55,0.45
14.551,0.45
14.552,0.45
14.553,0.45
14.554,0.45
14.555,0.45
14.556,0.45
14.557,0.45
14.558,0.45
14.559,0.45
14.56,0.45
14.561,0.45
14.562,0.45
14.563,0.45
14.564,0.45
14.565,0.45
14.566,0.45
14.567,0.45
14.568,0.45
14.569,0.45
14.57,0.45
14.571,0.45
14.572,0.45
14.573,0.45
14.574,0.45
14.575,0.45
14.576,0.45
14.577,0.45
14.578,0.45
14.579,0.45
14.58,0.45
14.581,0.45
14.582,0.45
14.583,0.45
14.584,0.45
14.585,0.45
14.586,0.45
14.587,0.45
14.588,0.45
14.589,0.45
14.59,0.45
14.591,0.45
14.592,0.45
14.593,0.45
14.594,0.45
14.595,0.45
14.596,0.45
14.597,0.45
14.598,0.45
14.599,0.45
14.6,0.45
14.601,0.45
14.602,0.45
14.603,0.45
14.604,0.45
14.605,0.45
14.606,0.45
14.607,0.45
14.608,0.45
14.609,0.45
14.61,0.45
14.611,0.45
14.612,0.45
14.613,0.45
14.614,0.45
14.615,0.45
14.616,0.45
14.617,0.45
14.618,0.45
14.619,0.45
14.62,0.45
14.621,0.45
14.622,0.45
14.623,0.45
14.624,0.45
14.625,0.45
14.626,0.45
14.627,0.45
14.628,0.45
14.629,0.45
14.63,0.45
14.631,0.45
14.632,0.45
14.633,0.45
14.634,0.45
14.635,0.45
14.636,0.45
14.637,0.45
14.638,0.45
14.639,0.45
14.64,0.45
14.641,0.45
14.642,0.45
14.643,0.45
14.644,0.45
14.645,0.45
14.646,0.45
14.647,0.45
14.648,0.45
14.649,0.45
14.65,0.45
14.651,0.45
14.652,0.45
14.653,0.45
14.654,0.45
14.655,0.45
14.656,0.45
14.657,0.45
14.658,0.45
14.659,0.45
14.66,0.45
14.661,0.45
14.662,0.45
14.663,0.45
14.664,0.45
14.665,0.45
14.666,0.45
14.667,0.45
14.668,0.45
14.669,0.45
14.67,0.45
14.671,0.45
14.672,0.45
14.673,0.45
14.674,0.45
14.675,0.45
14.676,0.45
14.677,0.45
14.678,0.45
14.679,0.45
14.68,0.45
14.681,0.45
14.682,0.45
14.683,0.45
14.684,0.45
14.685,0.45
14.686,0.45
14.687,0.45
14.688,0.45
14.689,0.45
14.69,0.45
14.691,0.45
14.692,0.45
14.693,0.45
14.694,0.45
14.695,0.45
14.696,0.45
14.697,0.45
14.698,0.45
14.699,0.45
14.7,0.45
14.701,0.45
14.702,0.45
14.703,0.45
14.704,0.45
14.705,0.45
14.706,0.45
14.707,0.45
14.708,0.45
14.709,0.45
14.71,0.45
14.711,0.45
14.712,0.45
14.713,0.45
14.714,0.45
14.715,0.45
14.716,0.45
14.717,0.45
14.718,0.45
14.719,0.45
14.72,0.45
14.721,0.45
14.722,0.45
14.723,0.45
14.724,0.45
14.725,0.45
14.726,0.45
14.727,0.45
14.728,0.45
14.729,0.45
14.73,0.45
14.731,0.45
14.732,0.45
14.733,0.45
14.734,0.45
14.735,0.45
14.736,0.45
14.737,0.45
14.738,0.45
14.739,0.45
14.74,0.45
14.741,0.45
14.742,0.45
14.743,0.45
14.744,0.45
14.745,0.45
14.746,0.45
14.747,0.45
14.748,0.45
14.749,0.45
14.75,0.45
14.751,0.45
14.752,0.45
14.753,0.45
14.754,0.45
14.755,0.45
14.756,0.45
14.757,0.45
14.758,0.45
14.759,0.45
14.76,0.45
14.761,0.45
14.762,0.45
14.763,0.45
14.764,0.45
14.765,0.45
14.766,0.45
14.767,0.45
14.768,0.45
14.769,0.45
14.77,0.45
14.771,0.45
14.772,0.45
14.773,0.45
14.774,0.45
14.775,0.45
14.776,0.45
14.777,0.45
14.778,0.45
14.779,0.45
14.78,0.45
14.781,0.45
14.782,0.45
14.783,0.45
14.784,0.45
14.785,0.45
14.786,0.45
14.787,0.45
14.788,0.45
14.789,0.45
14.79,0.45
14.791,0.45
14.792,0.45
14.793,0.45
14.794,0.45
14.795,0.45
14.796,0.45
14.797,0.45
14.798,0.45
14.799,0.45
14.8,0.45
14.801,0.45
14.802,0.45
14.803,0.45
14.804,0.45
14.805,0.45
14.806,0.45
14.807,0.45
14.808,0.45
14.809,0.45
14.81,0.45
14.811,0.45
14.812,0.45
14.813,0.45
14.814,0.45
14.815,0.45
14.816,0.45
14.817,0.45
14.818,0.45
14.819,0.45
14.82,0.45
14.821,0.45
14.822,0.45
14.823,0.45
14.824,0.45
14.825,0.45
14.826,0.45
14.827,0.45
14.828,0.45
14.829,0.45
14.83,0.45
14.831,0.45
14.832,0.45
14.833,0.45
14.834,0.45
14.835,0.45
14.836,0.45
14.837,0.45
14.838,0.45
14.839,0.45
14.84,0.45
14.841,0.45
14.842,0.45
14.843,0.45
14.844,0.45
14.845,0.45
14.846,0.45
14.847,0.45
14.848,0.45
14.849,0.45
14.85,0.45
14.851,0.45
14.852,0.45
14.853,0.45
14.854,0.45
14.855,0.45
14.856,0.45
14.857,0.45
14.858,0.45
14.859,0.45
14.86,0.45
14.861,0.45
14.862,0.45
14.863,0.45
14.864,0.45
14.865,0.45
14.866,0.45
14.867,0.45
14.868,0.45
14.869,0.45
14.87,0.45
14.871,0.45
14.872,0.45
14.873,0.45
14.874,0.45
14.875,0.45
14.876,0.45
14.877,0.45
14.878,0.45
14.879,0.45
14.88,0.45
14.881,0.45
14.882,0.45
14.883,0.45
14.884,0.45
14.885,0.45
14.886,0.45
14.887,0.45
14.888,0.45
14.889,0.45
14.89,0.45
14.891,0.45
14.892,0.45
14.893,0.45
14.894,0.45
14.895,0.45
14.896,0.45
14.897,0.45
14.898,0.45
14.899,0.45
14.9,0.45
14.901,0.45
14.902,0.45
14.903,0.45
14.904,0.45
14.905,0.45
14.906,0.45
14.907,0.45
14.908,0.45
14.909,0.45
14.91,0.45
14.911,0.45
14.912,0.45
14.913,0.45
14.914,0.45
14.915,0.45
14.916,0.45
14.917,0.45
14.918,0.45
14.919,0.45
14.92,0.45
14.921,0.45
14.922,0.45
14.923,0.45
14.924,0.45
14.925,0.45
14.926,0.45
14.927,0.45
14.928,0.45
14.929,0.45
14.93,0.45
14.931,0.45
14.932,0.45
14.933,0.45
14.934,0.45
14.935,0.45
14.936,0.45
14.937,0.45
14.938,0.45
14.939,0.45
14.94,0.45
14.941,0.45
14.942,0.45
14.943,0.45
14.944,0.45
14.945,0.45
14.946,0.45
14.947,0.45
14.948,0.45
14.949,0.45
14.95,0.45
14.951,0.45
14.952,0.45
14.953,0.45
14.954,0.45
14.955,0.45
14.956,0.45
14.957,0.45
14.958,0.45
14.959,0.45
14.96,0.45
14.961,0.45
14.962,0.45
14.963,0.45
14.964,0.45
14.965,0.45
14.966,0.45
14.967,0.45
14.968,0.45
14.969,0.45
14.97,0.45
14.971,0.45
14.972,0.45
14.973,0.45
14.974,0.45
14.975,0.45
14.976,0.45
14.977,0.45
14.978,0.45
14.979,0.45
14.98,0.45
14.981,0.45
14.982,0.45
14.983,0.45
14.984,0.45
14.985,0.45
14.986,0.45
14.987,0.45
14.988,0.45
14.989,0.45
14.99,0.45
14.991,0.45
14.992,0.45
14.993,0.45
14.994,0.45
14.995,0.45
14.996,0.45
14.997,0.45
14.998,0.45
14.999,0.45
15.0,0.45
15.001,0.45
15.002,0.45
15.003,0.45
15.004,0.45
15.005,0.45
15.006,0.45
15.007,0.45
15.008,0.45
15.009,0.45
15.01,0.45
15.011,0.45
15.012,0.45
15.013,0.45
15.014,0.45
15.015,0.45
15.016,0.45
15.017,0.45
15.018,0.45
15.019,0.45
15.02,0.45
15.021,0.45
15.022,0.45
15.023,0.45
15.024,0.45
15.025,0.45
15.026,0.45
15.027,0.45
15.028,0.45
15.029,0.45
15.03,0.45
15.031,0.45
15.032,0.45
15.033,0.45
15.034,0.45
15.035,0.45
15.036,0.45
15.037,0.45
15.038,0.45
15.039,0.45
15.04,0.45
15.041,0.45
15.042,0.45
15.043,0.45
15.044,0.45
15.045,0.45
15.046,0.45
15.047,0.45
15.048,0.45
15.049,0.45
15.05,0.45
15.051,0.45
15.052,0.45
15.053,0.45
15.054,0.45
15.055,0.45
15.056,0.45
15.057,0.45
15.058,0.45
15.059,0.45
15.06,0.45
15.061,0.45
15.062,0.45
15.063,0.45
15.064,0.45
15.065,0.45
15.066,0.45
15.067,0.45
15.068,0.45
15.069,0.45
15.07,0.45
15.071,0.45
15.072,0.45
15.073,0.45
15.074,0.45
15.075,0.45
15.076,0.45
15.077,0.45
15.078,0.45
15.079,0.45
15.08,0.45
15.081,0.45
15.082,0.45
15.083,0.45
15.084,0.45
15.085,0.45
15.086,0.45
15.087,0.45
15.088,0.45
15.089,0.45
15.09,0.45
15.091,0.45
15.092,0.45
15.093,0.45
15.094,0.45
15.095,0.45
15.096,0.45
15.097,0.45
15.098,0.45
15.099,0.45
15.1,0.45
15.101,0.45
15.102,0.45
15.103,0.45
15.104,0.45
15.105,0.45
15.106,0.45
15.107,0.45
15.108,0.45
15.109,0.45
15.11,0.45
15.111,0.45
15.112,0.45
15.113,0.45
15.114,0.45
15.115,0.45
15.116,0.45
15.117,0.45
15.118,0.45
15.119,0.45
15.12,0.45
15.121,0.45
15.122,0.45
15.123,0.45
15.124,0.45
15.125,0.45
15.126,0.45
15.127,0.45
15.128,0.45
15.129,0.45
15.13,0.45
15.131,0.45
15.132,0.45
15.133,0.45
15.134,0.45
15.135,0.45
15.136,0.45
15.137,0.45
15.138,0.45
15.139,0.45
15.14,0.45
15.141,0.45
15.142,0.45
15.143,0.45
15.144,0.45
15.145,0.45
15.146,0.45
15.147,0.45
15.148,0.45
15.149,0.45
15.15,0.45
15.151,0.45
15.152,0.45
15.153,0.45
15.154,0.45
15.155,0.45
15.156,0.45
15.157,0.45
15.158,0.45
15.159,0.45
15.16,0.45
15.161,0.45
15.162,0.45
15.163,0.45
15.164,0.45
15.165,0.45
15.166,0.45
15.167,0.45
15.168,0.45
15.169,0.45
15.17,0.45
15.171,0.45
15.172,0.45
15.173,0.45
15.174,0.45
15.175,0.45
15.176,0.45
15.177,0.45
15.178,0.45
15.179,0.45
15.18,0.45
15.181,0.45
15.182,0.45
15.183,0.45
15.184,0.45
15.185,0.45
15.186,0.45
15.187,0.45
15.188,0.45
15.189,0.45
15.19,0.45
15.191,0.45
15.192,0.45
15.193,0.45
15.194,0.45
15.195,0.45
15.196,0.45
15.197,0.45
15.198,0.45
15.199,0.45
15.2,0.45
15.201,0.45
15.202,0.45
15.203,0.45
15.204,0.45
15.205,0.45
15.206,0.45
15.207,0.45
15.208,0.45
15.209,0.45
15.21,0.45
15.211,0.45
15.212,0.45
15.213,0.45
15.214,0.45
15.215,0.45
15.216,0.45
15.217,0.45
15.218,0.45
15.219,0.45
15.22,0.45
15.221,0.45
15.222,0.45
15.223,0.45
15.224,0.45
15.225,0.45
15.226,0.45
15.227,0.45
15.228,0.45
15.229,0.45
15.23,0.45
15.231,0.45
15.232,0.45
15.233,0.45
15.234,0.45
15.235,0.45
15.236,0.45
15.237,0.45
15.238,0.45
15.239,0.45
15.24,0.45
15.241,0.45
15.242,0.45
15.243,0.45
15.244,0.45
15.245,0.45
15.246,0.45
15.247,0.45
15.248,0.45
15.249,0.45
15.25,0.45
15.251,0.45
15.252,0.45
15.253,0.45
15.254,0.45
15.255,0.45
15.256,0.45
15.257,0.45
15.258,0.45
15.259,0.45
15.26,0.45
15.261,0.45
15.262,0.45
15.263,0.45
15.264,0.45
15.265,0.45
15.266,0.45
15.267,0.45
15.268,0.45
15.269,0.45
15.27,0.45
15.271,0.45
15.272,0.45
15.273,0.45
15.274,0.45
15.275,0.45
15.276,0.45
15.277,0.45
15.278,0.45
15.279,0.45
15.28,0.45
15.281,0.45
15.282,0.45
15.283,0.45
15.284,0.45
15.285,0.45
15.286,0.45
15.287,0.45
15.288,0.45
15.289,0.45
15.29,0.45
15.291,0.45
15.292,0.45
15.293,0.45
15.294,0.45
15.295,0.45
15.296,0.45
15.297,0.45
15.298,0.45
15.299,0.45
15.3,0.45
15.301,0.45
15.302,0.45
15.303,0.45
15.304,0.45
15.305,0.45
15.306,0.45
15.307,0.45
15.308,0.45
15.309,0.45
15.31,0.45
15.311,0.45
15.312,0.45
15.313,0.45
15.314,0.45
15.315,0.45
15.316,0.45
15.317,0.45
15.318,0.45
15.319,0.45
15.32,0.45
15.321,0.45
15.322,0.45
15.323,0.45
15.324,0.45
15.325,0.45
15.326,0.45
15.327,0.45
15.328,0.45
15.329,0.45
15.33,0.45
15.331,0.45
15.332,0.45
15.333,0.45
15.334,0.45
15.335,0.45
15.336,0.45
15.337,0.45
15.338,0.45
15.339,0.45
15.34,0.45
15.341,0.45
15.342,0.45
15.343,0.45
15.344,0.45
15.345,0.45
15.346,0.45
15.347,0.45
15.348,0.45
15.349,0.45
15.35,0.45
15.351,0.45
15.352,0.45
15.353,0.45
15.354,0.45
15.355,0.45
15.356,0.45
15.357,0.45
15.358,0.45
15.359,0.45
15.36,0.45
15.361,0.45
15.362,0.45
15.363,0.45
15.364,0.45
15.365,0.45
15.366,0.45
15.367,0.45
15.368,0.45
15.369,0.45
15.37,0.45
15.371,0.45
15.372,0.45
15.373,0.45
15.374,0.45
15.375,0.45
15.376,0.45
15.377,0.45
15.378,0.45
15.379,0.45
15.38,0.45
15.381,0.45
15.382,0.45
15.383,0.45
15.384,0.45
15.385,0.45
15.386,0.45
15.387,0.45
15.388,0.45
15.389,0.45
15.39,0.45
15.391,0.45
15.392,0.45
15.393,0.45
15.394,0.45
15.395,0.45
15.396,0.45
15.397,0.45
15.398,0.45
15.399,0.45
15.4,0.45
15.401,0.45
15.402,0.45
15.403,0.45
15.404,0.45
15.405,0.45
15.406,0.45
15.407,0.45
15.408,0.45
15.409,0.45
15.41,0.45
15.411,0.45
15.412,0.45
15.413,0.45
15.414,0.45
15.415,0.45
15.416,0.45
15.417,0.45
15.418,0.45
15.419,0.45
15.42,0.45
15.421,0.45
15.422,0.45
15.423,0.45
15.424,0.45
15.425,0.45
15.426,0.45
15.427,0.45
15.428,0.45
15.429,0.45
15.43,0.45
15.431,0.45
15.432,0.45
15.433,0.45
15.434,0.45
15.435,0.45
15.436,0.45
15.437,0.45
15.438,0.45
15.439,0.45
15.44,0.45
15.441,0.45
15.442,0.45
15.443,0.45
15.444,0.45
15.445,0.45
15.446,0.45
15.447,0.45
15.448,0.45
15.449,0.45
15.45,0.45
15.451,0.45
15.452,0.45
15.453,0.45
15.454,0.45
15.455,0.45
15.456,0.45
15.457,0.45
15.458,0.45
15.459,0.45
15.46,0.45
15.461,0.45
15.462,0.45
15.463,0.45
15.464,0.45
15.465,0.45
15.466,0.45
15.467,0.45
15.468,0.45
15.469,0.45
15.47,0.45
15.471,0.45
15.472,0.45
15.473,0.45
15.474,0.45
15.475,0.45
15.476,0.45
15.477,0.45
15.478,0.45
15.479,0.45
15.48,0.45
15.481,0.45
15.482,0.45
15.483,0.45
15.484,0.45
15.485,0.45
15.486,0.45
15.487,0.45
15.488,0.45
15.489,0.45
15.49,0.45
15.491,0.45
15.492,0.45
15.493,0.45
15.494,0.45
15.495,0.45
15.496,0.45
15.497,0.45
15.498,0.45
15.499,0.45
15.5,0.45
15.501,0.45
15.502,0.45
15.503,0.45
15.504,0.45
15.505,0.45
15.506,0.45
15.507,0.45
15.508,0.45
15.509,0.45
15.51,0.45
15.511,0.45
15.512,0.45
15.513,0.45
15.514,0.45
15.515,0.45
15.516,0.45
15.517,0.45
15.518,0.45
15.519,0.45
15.52,0.45
15.521,0.45
15.522,0.45
15.523,0.45
15.524,0.45
15.525,0.45
15.526,0.45
15.527,0.45
15.528,0.45
15.529,0.45
15.53,0.45
15.531,0.45
15.532,0.45
15.533,0.45
15.534,0.45
15.535,0.45
15.536,0.45
15.537,0.45
15.538,0.45
15.539,0.45
15.54,0.45
15.541,0.45
15.542,0.45
15.543,0.45
15.544,0.45
15.545,0.45
15.546,0.45
15.547,0.45
15.548,0.45
15.549,0.45
15.55,0.45
15.551,0.45
15.552,0.45
15.553,0.45
15.554,0.45
15.555,0.45
15.556,0.45
15.557,0.45
15.558,0.45
15.559,0.45
15.56,0.45
15.561,0.45
15.562,0.45
15.563,0.45
15.564,0.45
15.565,0.45
15.566,0.45
15.567,0.45
15.568,0.45
15.569,0.45
15.57,0.45
15.571,0.45
15.572,0.45
15.573,0.45
15.574,0.45
15.575,0.45
15.576,0.45
15.577,0.45
15.578,0.45
15.579,0.45
15.58,0.45
15.581,0.45
15.582,0.45
15.583,0.45
15.584,0.45
15.585,0.45
15.586,0.45
15.587,0.45
15.588,0.45
15.589,0.45
15.59,0.45
15.591,0.45
15.592,0.45
15.593,0.45
15.594,0.45
15.595,0.45
15.596,0.45
15.597,0.45
15.598,0.45
15.599,0.45
15.6,0.45
15.601,0.45
15.602,0.45
15.603,0.45
15.604,0.45
15.605,0.45
15.606,0.45
15.607,0.45
15.608,0.45
15.609,0.45
15.61,0.45
15.611,0.45
15.612,0.45
15.613,0.45
15.614,0.45
15.615,0.45
15.616,0.45
15.617,0.45
15.618,0.45
15.619,0.45
15.62,0.45
15.621,0.45
15.622,0.45
15.623,0.45
15.624,0.45
15.625,0.45
15.626,0.45
15.627,0.45
15.628,0.45
15.629,0.45
15.63,0.45
15.631,0.45
15.632,0.45
15.633,0.45
15.634,0.45
15.635,0.45
15.636,0.45
15.637,0.45
15.638,0.45
15.639,0.45
15.64,0.45
15.641,0.45
15.642,0.45
15.643,0.45
15.644,0.45
15.645,0.45
15.646,0.45
15.647,0.45
15.648,0.45
15.649,0.45
15.65,0.45
15.651,0.45
15.652,0.45
15.653,0.45
15.654,0.45
15.655,0.45
15.656,0.45
15.657,0.45
15.658,0.45
15.659,0.45
15.66,0.45
15.661,0.45
15.662,0.45
15.663,0.45
15.664,0.45
15.665,0.45
15.666,0.45
15.667,0.45
15.668,0.45
15.669,0.45
15.67,0.45
15.671,0.45
15.672,0.45
15.673,0.45
15.674,0.45
15.675,0.45
15.676,0.45
15.677,0.45
15.678,0.45
15.679,0.45
15.68,0.45
15.681,0.45
15.682,0.45
15.683,0.45
15.684,0.45
15.685,0.45
15.686,0.45
15.687,0.45
15.688,0.45
15.689,0.45
15.69,0.45
15.691,0.45
15.692,0.45
15.693,0.45
15.694,0.45
15.695,0.45
15.696,0.45
15.697,0.45
15.698,0.45
15.699,0.45
15.7,0.45
15.701,0.45
15.702,0.45
15.703,0.45
15.704,0.45
15.705,0.45
15.706,0.45
15.707,0.45
15.708,0.45
15.709,0.45
15.71,0.45
15.711,0.45
15.712,0.45
15.713,0.45
15.714,0.45
15.715,0.45
15.716,0.45
15.717,0.45
15.718,0.45
15.719,0.45
15.72,0.45
15.721,0.45
15.722,0.45
15.723,0.45
15.724,0.45
15.725,0.45
15.726,0.45
15.727,0.45
15.728,0.45
15.729,0.45
15.73,0.45
15.731,0.45
15.732,0.45
15.733,0.45
15.734,0.45
15.735,0.45
15.736,0.45
15.737,0.45
15.738,0.45
15.739,0.45
15.74,0.45
15.741,0.45
15.742,0.45
15.743,0.45
15.744,0.45
15.745,0.45
15.746,0.45
15.747,0.45
15.748,0.45
15.749,0.45
15.75,0.45
15.751,0.45
15.752,0.45
15.753,0.45
15.754,0.45
15.755,0.45
15.756,0.45
15.757,0.45
15.758,0.45
15.759,0.45
15.76,0.45
15.761,0.45
15.762,0.45
15.763,0.45
15.764,0.45
15.765,0.45
15.766,0.45
15.767,0.45
15.768,0.45
15.769,0.45
15.77,0.45
15.771,0.45
15.772,0.45
15.773,0.45
15.774,0.45
15.775,0.45
15.776,0.45
15.777,0.45
15.778,0.45
15.779,0.45
15.78,0.45
15.781,0.45
15.782,0.45
15.783,0.45
15.784,0.45
15.785,0.45
15.786,0.45
15.787,0.45
15.788,0.45
15.789,0.45
15.79,0.45
15.791,0.45
15.792,0.45
15.793,0.45
15.794,0.45
15.795,0.45
15.796,0.45
15.797,0.45
15.798,0.45
15.799,0.45
15.8,0.45
15.801,0.45
15.802,0.45
15.803,0.45
15.804,0.45
15.805,0.45
15.806,0.45
15.807,0.45
15.808,0.45
15.809,0.45
15.81,0.45
15.811,0.45
15.812,0.45
15.813,0.45
15.814,0.45
15.815,0.45
15.816,0.45
15.817,0.45
15.818,0.45
15.819,0.45
15.82,0.45
15.821,0.45
15.822,0.45
15.823,0.45
15.824,0.45
15.825,0.45
15.826,0.45
15.827,0.45
15.828,0.45
15.829,0.45
15.83,0.45
15.831,0.45
15.832,0.45
15.833,0.45
15.834,0.45
15.835,0.45
15.836,0.45
15.837,0.45
15.838,0.45
15.839,0.45
15.84,0.45
15.841,0.45
15.842,0.45
15.843,0.45
15.844,0.45
15.845,0.45
15.846,0.45
15.847,0.45
15.848,0.45
15.849,0.45
15.85,0.45
15.851,0.45
15.852,0.45
15.853,0.45
15.854,0.45
15.855,0.45
15.856,0.45
15.857,0.45
15.858,0.45
15.859,0.45
15.86,0.45
15.861,0.45
15.862,0.45
15.863,0.45
15.864,0.45
15.865,0.45
15.866,0.45
15.867,0.45
15.868,0.45
15.869,0.45
15.87,0.45
15.871,0.45
15.872,0.45
15.873,0.45
15.874,0.45
15.875,0.45
15.876,0.45
15.877,0.45
15.878,0.45
15.879,0.45
15.88,0.45
15.881,0.45
15.882,0.45
15.883,0.45
15.884,0.45
15.885,0.45
15.886,0.45
15.887,0.45
15.888,0.45
15.889,0.45
15.89,0.45
15.891,0.45
15.892,0.45
15.893,0.45
15.894,0.45
15.895,0.45
15.896,0.45
15.897,0.45
15.898,0.45
15.899,0.45
15.9,0.45
15.901,0.45
15.902,0.45
15.903,0.45
15.904,0.45
15.905,0.45
15.906,0.45
15.907,0.45
15.908,0.45
15.909,0.45
15.91,0.45
15.911,0.45
15.912,0.45
15.913,0.45
15.914,0.45
15.915,0.45
15.916,0.45
15.917,0.45
15.918,0.45
15.919,0.45
15.92,0.45
15.921,0.45
15.922,0.45
15.923,0.45
15.924,0.45
15.925,0.45
15.926,0.45
15.927,0.45
15.928,0.45
15.929,0.45
15.93,0.45
15.931,0.45
15.932,0.45
15.933,0.45
15.934,0.45
15.935,0.45
15.936,0.45
15.937,0.45
15.938,0.45
15.939,0.45
15.94,0.45
15.941,0.45
15.942,0.45
15.943,0.45
15.944,0.45
15.945,0.45
15.946,0.45
15.947,0.45
15.948,0.45
15.949,0.45
15.95,0.45
15.951,0.45
15.952,0.45
15.953,0.45
15.954,0.45
15.955,0.45
15.956,0.45
15.957,0.45
15.958,0.45
15.959,0.45
15.96,0.45
15.961,0.45
15.962,0.45
15.963,0.45
15.964,0.45
15.965,0.45
15.966,0.45
15.967,0.45
15.968,0.45
15.969,0.45
15.97,0.45
15.971,0.45
15.972,0.45
15.973,0.45
15.974,0.45
15.975,0.45
15.976,0.45
15.977,0.45
15.978,0.45
15.979,0.45
15.98,0.45
15.981,0.45
15.982,0.45
15.983,0.45
15.984,0.45
15.985,0.45
15.986,0.45
15.987,0.45
15.988,0.45
15.989,0.45
15.99,0.45
15.991,0.45
15.992,0.45
15.993,0.45
15.994,0.45
15.995,0.45
15.996,0.45
15.997,0.45
15.998,0.45
15.999,0.45
16.0,0.45
16.001,0.45
16.002,0.45
16.003,0.45
16.004,0.45
16.005,0.45
16.006,0.45
16.007,0.45
16.008,0.45
16.009,0.45
16.01,0.45
16.011,0.45
16.012,0.45
16.013,0.45
16.014,0.45
16.015,0.45
16.016,0.45
16.017,0.45
16.018,0.45
16.019,0.45
16.02,0.45
16.021,0.45
16.022,0.45
16.023,0.45
16.024,0.45
16.025,0.45
16.026,0.45
16.027,0.45
16.028,0.45
16.029,0.45
16.03,0.45
16.031,0.45
16.032,0.45
16.033,0.45
16.034,0.45
16.035,0.45
16.036,0.45
16.037,0.45
16.038,0.45
16.039,0.45
16.04,0.45
16.041,0.45
16.042,0.45
16.043,0.45
16.044,0.45
16.045,0.45
16.046,0.45
16.047,0.45
16.048,0.45
16.049,0.45
16.05,0.45
16.051,0.45
16.052,0.45
16.053,0.45
16.054,0.45
16.055,0.45
16.056,0.45
16.057,0.45
16.058,0.45
16.059,0.45
16.06,0.45
16.061,0.45
16.062,0.45
16.063,0.45
16.064,0.45
16.065,0.45
16.066,0.45
16.067,0.45
16.068,0.45
16.069,0.45
16.07,0.45
16.071,0.45
16.072,0.45
16.073,0.45
16.074,0.45
16.075,0.45
16.076,0.45
16.077,0.45
16.078,0.45
16.079,0.45
16.08,0.45
16.081,0.45
16.082,0.45
16.083,0.45
16.084,0.45
16.085,0.45
16.086,0.45
16.087,0.45
16.088,0.45
16.089,0.45
16.09,0.45
16.091,0.45
16.092,0.45
16.093,0.45
16.094,0.45
16.095,0.45
16.096,0.45
16.097,0.45
16.098,0.45
16.099,0.45
16.1,0.45
16.101,0.45
16.102,0.45
16.103,0.45
16.104,0.45
16.105,0.45
16.106,0.45
16.107,0.45
16.108,0.45
16.109,0.45
16.11,0.45
16.111,0.45
16.112,0.45
16.113,0.45
16.114,0.45
16.115,0.45
16.116,0.45
16.117,0.45
16.118,0.45
16.119,0.45
16.12,0.45
16.121,0.45
16.122,0.45
16.123,0.45
16.124,0.45
16.125,0.45
16.126,0.45
16.127,0.45
16.128,0.45
16.129,0.45
16.13,0.45
16.131,0.45
16.132,0.45
16.133,0.45
16.134,0.45
16.135,0.45
16.136,0.45
16.137,0.45
16.138,0.45
16.139,0.45
16.14,0.45
16.141,0.45
16.142,0.45
16.143,0.45
16.144,0.45
16.145,0.45
16.146,0.45
16.147,0.45
16.148,0.45
16.149,0.45
16.15,0.45
16.151,0.45
16.152,0.45
16.153,0.45
16.154,0.45
16.155,0.45
16.156,0.45
16.157,0.45
16.158,0.45
16.159,0.45
16.16,0.45
16.161,0.45
16.162,0.45
16.163,0.45
16.164,0.45
16.165,0.45
16.166,0.45
16.167,0.45
16.168,0.45
16.169,0.45
16.17,0.45
16.171,0.45
16.172,0.45
16.173,0.45
16.174,0.45
16.175,0.45
16.176,0.45
16.177,0.45
16.178,0.45
16.179,0.45
16.18,0.45
16.181,0.45
16.182,0.45
16.183,0.45
16.184,0.45
16.185,0.45
16.186,0.45
16.187,0.45
16.188,0.45
16.189,0.45
16.19,0.45
16.191,0.45
16.192,0.45
16.193,0.45
16.194,0.45
16.195,0.45
16.196,0.45
16.197,0.45
16.198,0.45
16.199,0.45
16.2,0.45
16.201,0.45
16.202,0.45
16.203,0.45
16.204,0.45
16.205,0.45
16.206,0.45
16.207,0.45
16.208,0.45
16.209,0.45
16.21,0.45
16.211,0.45
16.212,0.45
16.213,0.45
16.214,0.45
16.215,0.45
16.216,0.45
16.217,0.45
16.218,0.45
16.219,0.45
16.22,0.45
16.221,0.45
16.222,0.45
16.223,0.45
16.224,0.45
16.225,0.45
16.226,0.45
16.227,0.45
16.228,0.45
16.229,0.45
16.23,0.45
16.231,0.45
16.232,0.45
16.233,0.45
16.234,0.45
16.235,0.45
16.236,0.45
16.237,0.45
16.238,0.45
16.239,0.45
16.24,0.45
16.241,0.45
16.242,0.45
16.243,0.45
16.244,0.45
16.245,0.45
16.246,0.45
16.247,0.45
16.248,0.45
16.249,0.45
16.25,0.45
16.251,0.45
16.252,0.45
16.253,0.45
16.254,0.45
16.255,0.45
16.256,0.45
16.257,0.45
16.258,0.45
16.259,0.45
16.26,0.45
16.261,0.45
16.262,0.45
16.263,0.45
16.264,0.45
16.265,0.45
16.266,0.45
16.267,0.45
16.268,0.45
16.269,0.45
16.27,0.45
16.271,0.45
16.272,0.45
16.273,0.45
16.274,0.45
16.275,0.45
16.276,0.45
16.277,0.45
16.278,0.45
16.279,0.45
16.28,0.45
16.281,0.45
16.282,0.45
16.283,0.45
16.284,0.45
16.285,0.45
16.286,0.45
16.287,0.45
16.288,0.45
16.289,0.45
16.29,0.45
16.291,0.45
16.292,0.45
16.293,0.45
16.294,0.45
16.295,0.45
16.296,0.45
16.297,0.45
16.298,0.45
16.299,0.45
16.3,0.45
16.301,0.45
16.302,0.45
16.303,0.45
16.304,0.45
16.305,0.45
16.306,0.45
16.307,0.45
16.308,0.45
16.309,0.45
16.31,0.45
16.311,0.45
16.312,0.45
16.313,0.45
16.314,0.45
16.315,0.45
16.316,0.45
16.317,0.45
16.318,0.45
16.319,0.45
16.32,0.45
16.321,0.45
16.322,0.45
16.323,0.45
16.324,0.45
16.325,0.45
16.326,0.45
16.327,0.45
16.328,0.45
16.329,0.45
16.33,0.45
16.331,0.45
16.332,0.45
16.333,0.45
16.334,0.45
16.335,0.45
16.336,0.45
16.337,0.45
16.338,0.45
16.339,0.45
16.34,0.45
16.341,0.45
16.342,0.45
16.343,0.45
16.344,0.45
16.345,0.45
16.346,0.45
16.347,0.45
16.348,0.45
16.349,0.45
16.35,0.45
16.351,0.45
16.352,0.45
16.353,0.45
16.354,0.45
16.355,0.45
16.356,0.45
16.357,0.45
16.358,0.45
16.359,0.45
16.36,0.45
16.361,0.45
16.362,0.45
16.363,0.45
16.364,0.45
16.365,0.45
16.366,0.45
16.367,0.45
16.368,0.45
16.369,0.45
16.37,0.45
16.371,0.45
16.372,0.45
16.373,0.45
16.374,0.45
16.375,0.45
16.376,0.45
16.377,0.45
16.378,0.45
16.379,0.45
16.38,0.45
16.381,0.45
16.382,0.45
16.383,0.45
16.384,0.45
16.385,0.45
16.386,0.45
16.387,0.45
16.388,0.45
16.389,0.45
16.39,0.45
16.391,0.45
16.392,0.45
16.393,0.45
16.394,0.45
16.395,0.45
16.396,0.45
16.397,0.45
16.398,0.45
16.399,0.45
16.4,0.45
16.401,0.45
16.402,0.45
16.403,0.45
16.404,0.45
16.405,0.45
16.406,0.45
16.407,0.45
16.408,0.45
16.409,0.45
16.41,0.45
16.411,0.45
16.412,0.45
16.413,0.45
16.414,0.45
16.415,0.45
16.416,0.45
16.417,0.45
16.418,0.45
16.419,0.45
16.42,0.45
16.421,0.45
16.422,0.45
16.423,0.45
16.424,0.45
16.425,0.45
16.426,0.45
16.427,0.45
16.428,0.45
16.429,0.45
16.43,0.45
16.431,0.45
16.432,0.45
16.433,0.45
16.434,0.45
16.435,0.45
16.436,0.45
16.437,0.45
16.438,0.45
16.439,0.45
16.44,0.45
16.441,0.45
16.442,0.45
16.443,0.45
16.444,0.45
16.445,0.45
16.446,0.45
16.447,0.45
16.448,0.45
16.449,0.45
16.45,0.45
16.451,0.45
16.452,0.45
16.453,0.45
16.454,0.45
16.455,0.45
16.456,0.45
16.457,0.45
16.458,0.45
16.459,0.45
16.46,0.45
16.461,0.45
16.462,0.45
16.463,0.45
16.464,0.45
16.465,0.45
16.466,0.45
16.467,0.45
16.468,0.45
16.469,0.45
16.47,0.45
16.471,0.45
16.472,0.45
16.473,0.45
16.474,0.45
16.475,0.45
16.476,0.45
16.477,0.45
16.478,0.45
16.479,0.45
16.48,0.45
16.481,0.45
16.482,0.45
16.483,0.45
16.484,0.45
16.485,0.45
16.486,0.45
16.487,0.45
16.488,0.45
16.489,0.45
16.49,0.45
16.491,0.45
16.492,0.45
16.493,0.45
16.494,0.45
16.495,0.45
16.496,0.45
16.497,0.45
16.498,0.45
16.499,0.45
16.5,0.45
16.501,0.45
16.502,0.45
16.503,0.45
16.504,0.45
16.505,0.45
16.506,0.45
16.507,0.45
16.508,0.45
16.509,0.45
16.51,0.45
16.511,0.45
16.512,0.45
16.513,0.45
16.514,0.45
16.515,0.45
16.516,0.45
16.517,0.45
16.518,0.45
16.519,0.45
16.52,0.45
16.521,0.45
16.522,0.45
16.523,0.45
16.524,0.45
16.525,0.45
16.526,0.45
16.527,0.45
16.528,0.45
16.529,0.45
16.53,0.45
16.531,0.45
16.532,0.45
16.533,0.45
16.534,0.45
16.535,0.45
16.536,0.45
16.537,0.45
16.538,0.45
16.539,0.45
16.54,0.45
16.541,0.45
16.542,0.45
16.543,0.45
16.544,0.45
16.545,0.45
16.546,0.45
16.547,0.45
16.548,0.45
16.549,0.45
16.55,0.45
16.551,0.45
16.552,0.45
16.553,0.45
16.554,0.45
16.555,0.45
16.556,0.45
16.557,0.45
16.558,0.45
16.559,0.45
16.56,0.45
16.561,0.45
16.562,0.45
16.563,0.45
16.564,0.45
16.565,0.45
16.566,0.45
16.567,0.45
16.568,0.45
16.569,0.45
16.57,0.45
16.571,0.45
16.572,0.45
16.573,0.45
16.574,0.45
16.575,0.45
16.576,0.45
16.577,0.45
16.578,0.45
16.579,0.45
16.58,0.45
16.581,0.45
16.582,0.45
16.583,0.45
16.584,0.45
16.585,0.45
16.586,0.45
16.587,0.45
16.588,0.45
16.589,0.45
16.59,0.45
16.591,0.45
16.592,0.45
16.593,0.45
16.594,0.45
16.595,0.45
16.596,0.45
16.597,0.45
16.598,0.45
16.599,0.45
16.6,0.45
16.601,0.45
16.602,0.45
16.603,0.45
16.604,0.45
16.605,0.45
16.606,0.45
16.607,0.45
16.608,0.45
16.609,0.45
16.61,0.45
16.611,0.45
16.612,0.45
16.613,0.45
16.614,0.45
16.615,0.45
16.616,0.45
16.617,0.45
16.618,0.45
16.619,0.45
16.62,0.45
16.621,0.45
16.622,0.45
16.623,0.45
16.624,0.45
16.625,0.45
16.626,0.45
16.627,0.45
16.628,0.45
16.629,0.45
16.63,0.45
16.631,0.45
16.632,0.45
16.633,0.45
16.634,0.45
16.635,0.45
16.636,0.45
16.637,0.45
16.638,0.45
16.639,0.45
16.64,0.45
16.641,0.45
16.642,0.45
16.643,0.45
16.644,0.45
16.645,0.45
16.646,0.45
16.647,0.45
16.648,0.45
16.649,0.45
16.65,0.45
16.651,0.45
16.652,0.45
16.653,0.45
16.654,0.45
16.655,0.45
16.656,0.45
16.657,0.45
16.658,0.45
16.659,0.45
16.66,0.45
16.661,0.45
16.662,0.45
16.663,0.45
16.664,0.45
16.665,0.45
16.666,0.45
16.667,0.45
16.668,0.45
16.669,0.45
16.67,0.45
16.671,0.45
16.672,0.45
16.673,0.45
16.674,0.45
16.675,0.45
16.676,0.45
16.677,0.45
16.678,0.45
16.679,0.45
16.68,0.45
16.681,0.45
16.682,0.45
16.683,0.45
16.684,0.45
16.685,0.45
16.686,0.45
16.687,0.45
16.688,0.45
16.689,0.45
16.69,0.45
16.691,0.45
16.692,0.45
16.693,0.45
16.694,0.45
16.695,0.45
16.696,0.45
16.697,0.45
16.698,0.45
16.699,0.45
16.7,0.45
16.701,0.45
16.702,0.45
16.703,0.45
16.704,0.45
16.705,0.45
16.706,0.45
16.707,0.45
16.708,0.45
16.709,0.45
16.71,0.45
16.711,0.45
16.712,0.45
16.713,0.45
16.714,0.45
16.715,0.45
16.716,0.45
16.717,0.45
16.718,0.45
16.719,0.45
16.72,0.45
16.721,0.45
16.722,0.45
16.723,0.45
16.724,0.45
16.725,0.45
16.726,0.45
16.727,0.45
16.728,0.45
16.729,0.45
16.73,0.45
16.731,0.45
16.732,0.45
16.733,0.45
16.734,0.45
16.735,0.45
16.736,0.45
16.737,0.45
16.738,0.45
16.739,0.45
16.74,0.45
16.741,0.45
16.742,0.45
16.743,0.45
16.744,0.45
16.745,0.45
16.746,0.45
16.747,0.45
16.748,0.45
16.749,0.45
16.75,0.45
16.751,0.45
16.752,0.45
16.753,0.45
16.754,0.45
16.755,0.45
16.756,0.45
16.757,0.45
16.758,0.45
16.759,0.45
16.76,0.45
16.761,0.45
16.762,0.45
16.763,0.45
16.764,0.45
16.765,0.45
16.766,0.45
16.767,0.45
16.768,0.45
16.769,0.45
16.77,0.45
16.771,0.45
16.772,0.45
16.773,0.45
16.774,0.45
16.775,0.45
16.776,0.45
16.777,0.45
16.778,0.45
16.779,0.45
16.78,0.45
16.781,0.45
16.782,0.45
16.783,0.45
16.784,0.45
16.785,0.45
16.786,0.45
16.787,0.45
16.788,0.45
16.789,0.45
16.79,0.45
16.791,0.45
16.792,0.45
16.793,0.45
16.794,0.45
16.795,0.45
16.796,0.45
16.797,0.45
16.798,0.45
16.799,0.45
16.8,0.45
16.801,0.45
16.802,0.45
16.803,0.45
16.804,0.45
16.805,0.45
16.806,0.45
16.807,0.45
16.808,0.45
16.809,0.45
16.81,0.45
16.811,0.45
16.812,0.45
16.813,0.45
16.814,0.45
16.815,0.45
16.816,0.45
16.817,0.45
16.818,0.45
16.819,0.45
16.82,0.45
16.821,0.45
16.822,0.45
16.823,0.45
16.824,0.45
16.825,0.45
16.826,0.45
16.827,0.45
16.828,0.45
16.829,0.45
16.83,0.45
16.831,0.45
16.832,0.45
16.833,0.45
16.834,0.45
16.835,0.45
16.836,0.45
16.837,0.45
16.838,0.45
16.839,0.45
16.84,0.45
16.841,0.45
16.842,0.45
16.843,0.45
16.844,0.45
16.845,0.45
16.846,0.45
16.847,0.45
16.848,0.45
16.849,0.45
16.85,0.45
16.851,0.45
16.852,0.45
16.853,0.45
16.854,0.45
16.855,0.45
16.856,0.45
16.857,0.45
16.858,0.45
16.859,0.45
16.86,0.45
16.861,0.45
16.862,0.45
16.863,0.45
16.864,0.45
16.865,0.45
16.866,0.45
16.867,0.45
16.868,0.45
16.869,0.45
16.87,0.45
16.871,0.45
16.872,0.45
16.873,0.45
16.874,0.45
16.875,0.45
16.876,0.45
16.877,0.45
16.878,0.45
16.879,0.45
16.88,0.45
16.881,0.45
16.882,0.45
16.883,0.45
16.884,0.45
16.885,0.45
16.886,0.45
16.887,0.45
16.888,0.45
16.889,0.45
16.89,0.45
16.891,0.45
16.892,0.45
16.893,0.45
16.894,0.45
16.895,0.45
16.896,0.45
16.897,0.45
16.898,0.45
16.899,0.45
16.9,0.45
16.901,0.45
16.902,0.45
16.903,0.45
16.904,0.45
16.905,0.45
16.906,0.45
16.907,0.45
16.908,0.45
16.909,0.45
16.91,0.45
16.911,0.45
16.912,0.45
16.913,0.45
16.914,0.45
16.915,0.45
16.916,0.45
16.917,0.45
16.918,0.45
16.919,0.45
16.92,0.45
16.921,0.45
16.922,0.45
16.923,0.45
16.924,0.45
16.925,0.45
16.926,0.45
16.927,0.45
16.928,0.45
16.929,0.45
16.93,0.45
16.931,0.45
16.932,0.45
16.933,0.45
16.934,0.45
16.935,0.45
16.936,0.45
16.937,0.45
16.938,0.45
16.939,0.45
16.94,0.45
16.941,0.45
16.942,0.45
16.943,0.45
16.944,0.45
16.945,0.45
16.946,0.45
16.947,0.45
16.948,0.45
16.949,0.45
16.95,0.45
16.951,0.45
16.952,0.45
16.953,0.45
16.954,0.45
16.955,0.45
16.956,0.45
16.957,0.45
16.958,0.45
16.959,0.45
16.96,0.45
16.961,0.45
16.962,0.45
16.963,0.45
16.964,0.45
16.965,0.45
16.966,0.45
16.967,0.45
16.968,0.45
16.969,0.45
16.97,0.45
16.971,0.45
16.972,0.45
16.973,0.45
16.974,0.45
16.975,0.45
16.976,0.45
16.977,0.45
16.978,0.45
16.979,0.45
16.98,0.45
16.981,0.45
16.982,0.45
16.983,0.45
16.984,0.45
16.985,0.45
16.986,0.45
16.987,0.45
16.988,0.45
16.989,0.45
16.99,0.45
16.991,0.45
16.992,0.45
16.993,0.45
16.994,0.45
16.995,0.45
16.996,0.45
16.997,0.45
16.998,0.45
16.999,0.45
17.0,0.45
17.001,0.45
17.002,0.45
17.003,0.45
17.004,0.45
17.005,0.45
17.006,0.45
17.007,0.45
17.008,0.45
17.009,0.45
17.01,0.45
17.011,0.45
17.012,0.45
17.013,0.45
17.014,0.45
17.015,0.45
17.016,0.45
17.017,0.45
17.018,0.45
17.019,0.45
17.02,0.45
17.021,0.45
17.022,0.45
17.023,0.45
17.024,0.45
17.025,0.45
17.026,0.45
17.027,0.45
17.028,0.45
17.029,0.45
17.03,0.45
17.031,0.45
17.032,0.45
17.033,0.45
17.034,0.45
17.035,0.45
17.036,0.45
17.037,0.45
17.038,0.45
17.039,0.45
17.04,0.45
17.041,0.45
17.042,0.45
17.043,0.45
17.044,0.45
17.045,0.45
17.046,0.45
17.047,0.45
17.048,0.45
17.049,0.45
17.05,0.45
17.051,0.45
17.052,0.45
17.053,0.45
17.054,0.45
17.055,0.45
17.056,0.45
17.057,0.45
17.058,0.45
17.059,0.45
17.06,0.45
17.061,0.45
17.062,0.45
17.063,0.45
17.064,0.45
17.065,0.45
17.066,0.45
17.067,0.45
17.068,0.45
17.069,0.45
17.07,0.45
17.071,0.45
17.072,0.45
17.073,0.45
17.074,0.45
17.075,0.45
17.076,0.45
17.077,0.45
17.078,0.45
17.079,0.45
17.08,0.45
17.081,0.45
17.082,0.45
17.083,0.45
17.084,0.45
17.085,0.45
17.086,0.45
17.087,0.45
17.088,0.45
17.089,0.45
17.09,0.45
17.091,0.45
17.092,0.45
17.093,0.45
17.094,0.45
17.095,0.45
17.096,0.45
17.097,0.45
17.098,0.45
17.099,0.45
17.1,0.45
17.101,0.45
17.102,0.45
17.103,0.45
17.104,0.45
17.105,0.45
17.106,0.45
17.107,0.45
17.108,0.45
17.109,0.45
17.11,0.45
17.111,0.45
17.112,0.45
17.113,0.45
17.114,0.45
17.115,0.45
17.116,0.45
17.117,0.45
17.118,0.45
17.119,0.45
17.12,0.45
17.121,0.45
17.122,0.45
17.123,0.45
17.124,0.45
17.125,0.45
17.126,0.45
17.127,0.45
17.128,0.45
17.129,0.45
17.13,0.45
17.131,0.45
17.132,0.45
17.133,0.45
17.134,0.45
17.135,0.45
17.136,0.45
17.137,0.45
17.138,0.45
17.139,0.45
17.14,0.45
17.141,0.45
17.142,0.45
17.143,0.45
17.144,0.45
17.145,0.45
17.146,0.45
17.147,0.45
17.148,0.45
17.149,0.45
17.15,0.45
17.151,0.45
17.152,0.45
17.153,0.45
17.154,0.45
17.155,0.45
17.156,0.45
17.157,0.45
17.158,0.45
17.159,0.45
17.16,0.45
17.161,0.45
17.162,0.45
17.163,0.45
17.164,0.45
17.165,0.45
17.166,0.45
17.167,0.45
17.168,0.45
17.169,0.45
17.17,0.45
17.171,0.45
17.172,0.45
17.173,0.45
17.174,0.45
17.175,0.45
17.176,0.45
17.177,0.45
17.178,0.45
17.179,0.45
17.18,0.45
17.181,0.45
17.182,0.45
17.183,0.45
17.184,0.45
17.185,0.45
17.186,0.45
17.187,0.45
17.188,0.45
17.189,0.45
17.19,0.45
17.191,0.45
17.192,0.45
17.193,0.45
17.194,0.45
17.195,0.45
17.196,0.45
17.197,0.45
17.198,0.45
17.199,0.45
17.2,0.45
17.201,0.45
17.202,0.45
17.203,0.45
17.204,0.45
17.205,0.45
17.206,0.45
17.207,0.45
17.208,0.45
17.209,0.45
17.21,0.45
17.211,0.45
17.212,0.45
17.213,0.45
17.214,0.45
17.215,0.45
17.216,0.45
17.217,0.45
17.218,0.45
17.219,0.45
17.22,0.45
17.221,0.45
17.222,0.45
17.223,0.45
17.224,0.45
17.225,0.45
17.226,0.45
17.227,0.45
17.228,0.45
17.229,0.45
17.23,0.45
17.231,0.45
17.232,0.45
17.233,0.45
17.234,0.45
17.235,0.45
17.236,0.45
17.237,0.45
17.238,0.45
17.239,0.45
17.24,0.45
17.241,0.45
17.242,0.45
17.243,0.45
17.244,0.45
17.245,0.45
17.246,0.45
17.247,0.45
17.248,0.45
17.249,0.45
17.25,0.45
17.251,0.45
17.252,0.45
17.253,0.45
17.254,0.45
17.255,0.45
17.256,0.45
17.257,0.45
17.258,0.45
17.259,0.45
17.26,0.45
17.261,0.45
17.262,0.45
17.263,0.45
17.264,0.45
17.265,0.45
17.266,0.45
17.267,0.45
17.268,0.45
17.269,0.45
17.27,0.45
17.271,0.45
17.272,0.45
17.273,0.45
17.274,0.45
17.275,0.45
17.276,0.45
17.277,0.45
17.278,0.45
17.279,0.45
17.28,0.45
17.281,0.45
17.282,0.45
17.283,0.45
17.284,0.45
17.285,0.45
17.286,0.45
17.287,0.45
17.288,0.45
17.289,0.45
17.29,0.45
17.291,0.45
17.292,0.45
17.293,0.45
17.294,0.45
17.295,0.45
17.296,0.45
17.297,0.45
17.298,0.45
17.299,0.45
17.3,0.45
17.301,0.45
17.302,0.45
17.303,0.45
17.304,0.45
17.305,0.45
17.306,0.45
17.307,0.45
17.308,0.45
17.309,0.45
17.31,0.45
17.311,0.45
17.312,0.45
17.313,0.45
17.314,0.45
17.315,0.45
17.316,0.45
17.317,0.45
17.318,0.45
17.319,0.45
17.32,0.45
17.321,0.45
17.322,0.45
17.323,0.45
17.324,0.45
17.325,0.45
17.326,0.45
17.327,0.45
17.328,0.45
17.329,0.45
17.33,0.45
17.331,0.45
17.332,0.45
17.333,0.45
17.334,0.45
17.335,0.45
17.336,0.45
17.337,0.45
17.338,0.45
17.339,0.45
17.34,0.45
17.341,0.45
17.342,0.45
17.343,0.45
17.344,0.45
17.345,0.45
17.346,0.45
17.347,0.45
17.348,0.45
17.349,0.45
17.35,0.45
17.351,0.45
17.352,0.45
17.353,0.45
17.354,0.45
17.355,0.45
17.356,0.45
17.357,0.45
17.358,0.45
17.359,0.45
17.36,0.45
17.361,0.45
17.362,0.45
17.363,0.45
17.364,0.45
17.365,0.45
17.366,0.45
17.367,0.45
17.368,0.45
17.369,0.45
17.37,0.45
17.371,0.45
17.372,0.45
17.373,0.45
17.374,0.45
17.375,0.45
17.376,0.45
17.377,0.45
17.378,0.45
17.379,0.45
17.38,0.45
17.381,0.45
17.382,0.45
17.383,0.45
17.384,0.45
17.385,0.45
17.386,0.45
17.387,0.45
17.388,0.45
17.389,0.45
17.39,0.45
17.391,0.45
17.392,0.45
17.393,0.45
17.394,0.45
17.395,0.45
17.396,0.45
17.397,0.45
17.398,0.45
17.399,0.45
17.4,0.45
17.401,0.45
17.402,0.45
17.403,0.45
17.404,0.45
17.405,0.45
17.406,0.45
17.407,0.45
17.408,0.45
17.409,0.45
17.41,0.45
17.411,0.45
17.412,0.45
17.413,0.45
17.414,0.45
17.415,0.45
17.416,0.45
17.417,0.45
17.418,0.45
17.419,0.45
17.42,0.45
17.421,0.45
17.422,0.45
17.423,0.45
17.424,0.45
17.425,0.45
17.426,0.45
17.427,0.45
17.428,0.45
17.429,0.45
17.43,0.45
17.431,0.45
17.432,0.45
17.433,0.45
17.434,0.45
17.435,0.45
17.436,0.45
17.437,0.45
17.438,0.45
17.439,0.45
17.44,0.45
17.441,0.45
17.442,0.45
17.443,0.45
17.444,0.45
17.445,0.45
17.446,0.45
17.447,0.45
17.448,0.45
17.449,0.45
17.45,0.45
17.451,0.45
17.452,0.45
17.453,0.45
17.454,0.45
17.455,0.45
17.456,0.45
17.457,0.45
17.458,0.45
17.459,0.45
17.46,0.45
17.461,0.45
17.462,0.45
17.463,0.45
17.464,0.45
17.465,0.45
17.466,0.45
17.467,0.45
17.468,0.45
17.469,0.45
17.47,0.45
17.471,0.45
17.472,0.45
17.473,0.45
17.474,0.45
17.475,0.45
17.476,0.45
17.477,0.45
17.478,0.45
17.479,0.45
17.48,0.45
17.481,0.45
17.482,0.45
17.483,0.45
17.484,0.45
17.485,0.45
17.486,0.45
17.487,0.45
17.488,0.45
17.489,0.45
17.49,0.45
17.491,0.45
17.492,0.45
17.493,0.45
17.494,0.45
17.495,0.45
17.496,0.45
17.497,0.45
17.498,0.45
17.499,0.45
17.5,0.45
17.501,0.45
17.502,0.45
17.503,0.45
17.504,0.45
17.505,0.45
17.506,0.45
17.507,0.45
17.508,0.45
17.509,0.45
17.51,0.45
17.511,0.45
17.512,0.45
17.513,0.45
17.514,0.45
17.515,0.45
17.516,0.45
17.517,0.45
17.518,0.45
17.519,0.45
17.52,0.45
17.521,0.45
17.522,0.45
17.523,0.45
17.524,0.45
17.525,0.45
17.526,0.45
17.527,0.45
17.528,0.45
17.529,0.45
17.53,0.45
17.531,0.45
17.532,0.45
17.533,0.45
17.534,0.45
17.535,0.45
17.536,0.45
17.537,0.45
17.538,0.45
17.539,0.45
17.54,0.45
17.541,0.45
17.542,0.45
17.543,0.45
17.544,0.45
17.545,0.45
17.546,0.45
17.547,0.45
17.548,0.45
17.549,0.45
17.55,0.45
17.551,0.45
17.552,0.45
17.553,0.45
17.554,0.45
17.555,0.45
17.556,0.45
17.557,0.45
17.558,0.45
17.559,0.45
17.56,0.45
17.561,0.45
17.562,0.45
17.563,0.45
17.564,0.45
17.565,0.45
17.566,0.45
17.567,0.45
17.568,0.45
17.569,0.45
17.57,0.45
17.571,0.45
17.572,0.45
17.573,0.45
17.574,0.45
17.575,0.45
17.576,0.45
17.577,0.45
17.578,0.45
17.579,0.45
17.58,0.45
17.581,0.45
17.582,0.45
17.583,0.45
17.584,0.45
17.585,0.45
17.586,0.45
17.587,0.45
17.588,0.45
17.589,0.45
17.59,0.45
17.591,0.45
17.592,0.45
17.593,0.45
17.594,0.45
17.595,0.45
17.596,0.45
17.597,0.45
17.598,0.45
17.599,0.45
17.6,0.45
17.601,0.45
17.602,0.45
17.603,0.45
17.604,0.45
17.605,0.45
17.606,0.45
17.607,0.45
17.608,0.45
17.609,0.45
17.61,0.45
17.611,0.45
17.612,0.45
17.613,0.45
17.614,0.45
17.615,0.45
17.616,0.45
17.617,0.45
17.618,0.45
17.619,0.45
17.62,0.45
17.621,0.45
17.622,0.45
17.623,0.45
17.624,0.45
17.625,0.45
17.626,0.45
17.627,0.45
17.628,0.45
17.629,0.45
17.63,0.45
17.631,0.45
17.632,0.45
17.633,0.45
17.634,0.45
17.635,0.45
17.636,0.45
17.637,0.45
17.638,0.45
17.639,0.45
17.64,0.45
17.641,0.45
17.642,0.45
17.643,0.45
17.644,0.45
17.645,0.45
17.646,0.45
17.647,0.45
17.648,0.45
17.649,0.45
17.65,0.45
17.651,0.45
17.652,0.45
17.653,0.45
17.654,0.45
17.655,0.45
17.656,0.45
17.657,0.45
17.658,0.45
17.659,0.45
17.66,0.45
17.661,0.45
17.662,0.45
17.663,0.45
17.664,0.45
17.665,0.45
17.666,0.45
17.667,0.45
17.668,0.45
17.669,0.45
17.67,0.45
17.671,0.45
17.672,0.45
17.673,0.45
17.674,0.45
17.675,0.45
17.676,0.45
17.677,0.45
17.678,0.45
17.679,0.45
17.68,0.45
17.681,0.45
17.682,0.45
17.683,0.45
17.684,0.45
17.685,0.45
17.686,0.45
17.687,0.45
17.688,0.45
17.689,0.45
17.69,0.45
17.691,0.45
17.692,0.45
17.693,0.45
17.694,0.45
17.695,0.45
17.696,0.45
17.697,0.45
17.698,0.45
17.699,0.45
17.7,0.45
17.701,0.45
17.702,0.45
17.703,0.45
17.704,0.45
17.705,0.45
17.706,0.45
17.707,0.45
17.708,0.45
17.709,0.45
17.71,0.45
17.711,0.45
17.712,0.45
17.713,0.45
17.714,0.45
17.715,0.45
17.716,0.45
17.717,0.45
17.718,0.45
17.719,0.45
17.72,0.45
17.721,0.45
17.722,0.45
17.723,0.45
17.724,0.45
17.725,0.45
17.726,0.45
17.727,0.45
17.728,0.45
17.729,0.45
17.73,0.45
17.731,0.45
17.732,0.45
17.733,0.45
17.734,0.45
17.735,0.45
17.736,0.45
17.737,0.45
17.738,0.45
17.739,0.45
17.74,0.45
17.741,0.45
17.742,0.45
17.743,0.45
17.744,0.45
17.745,0.45
17.746,0.45
17.747,0.45
17.748,0.45
17.749,0.45
17.75,0.45
17.751,0.45
17.752,0.45
17.753,0.45
17.754,0.45
17.755,0.45
17.756,0.45
17.757,0.45
17.758,0.45
17.759,0.45
17.76,0.45
17.761,0.45
17.762,0.45
17.763,0.45
17.764,0.45
17.765,0.45
17.766,0.45
17.767,0.45
17.768,0.45
17.769,0.45
17.77,0.45
17.771,0.45
17.772,0.45
17.773,0.45
17.774,0.45
17.775,0.45
17.776,0.45
17.777,0.45
17.778,0.45
17.779,0.45
17.78,0.45
17.781,0.45
17.782,0.45
17.783,0.45
17.784,0.45
17.785,0.45
17.786,0.45
17.787,0.45
17.788,0.45
17.789,0.45
17.79,0.45
17.791,0.45
17.792,0.45
17.793,0.45
17.794,0.45
17.795,0.45
17.796,0.45
17.797,0.45
17.798,0.45
17.799,0.45
17.8,0.45
17.801,0.45
17.802,0.45
17.803,0.45
17.804,0.45
17.805,0.45
17.806,0.45
17.807,0.45
17.808,0.45
17.809,0.45
17.81,0.45
17.811,0.45
17.812,0.45
17.813,0.45
17.814,0.45
17.815,0.45
17.816,0.45
17.817,0.45
17.818,0.45
17.819,0.45
17.82,0.45
17.821,0.45
17.822,0.45
17.823,0.45
17.824,0.45
17.825,0.45
17.826,0.45
17.827,0.45
17.828,0.45
17.829,0.45
17.83,0.45
17.831,0.45
17.832,0.45
17.833,0.45
17.834,0.45
17.835,0.45
17.836,0.45
17.837,0.45
17.838,0.45
17.839,0.45
17.84,0.45
17.841,0.45
17.842,0.45
17.843,0.45
17.844,0.45
17.845,0.45
17.846,0.45
17.847,0.45
17.848,0.45
17.849,0.45
17.85,0.45
17.851,0.45
17.852,0.45
17.853,0.45
17.854,0.45
17.855,0.45
17.856,0.45
17.857,0.45
17.858,0.45
17.859,0.45
17.86,0.45
17.861,0.45
17.862,0.45
17.863,0.45
17.864,0.45
17.865,0.45
17.866,0.45
17.867,0.45
17.868,0.45
17.869,0.45
17.87,0.45
17.871,0.45
17.872,0.45
17.873,0.45
17.874,0.45
17.875,0.45
17.876,0.45
17.877,0.45
17.878,0.45
17.879,0.45
17.88,0.45
17.881,0.45
17.882,0.45
17.883,0.45
17.884,0.45
17.885,0.45
17.886,0.45
17.887,0.45
17.888,0.45
17.889,0.45
17.89,0.45
17.891,0.45
17.892,0.45
17.893,0.45
17.894,0.45
17.895,0.45
17.896,0.45
17.897,0.45
17.898,0.45
17.899,0.45
17.9,0.45
17.901,0.45
17.902,0.45
17.903,0.45
17.904,0.45
17.905,0.45
17.906,0.45
17.907,0.45
17.908,0.45
17.909,0.45
17.91,0.45
17.911,0.45
17.912,0.45
17.913,0.45
17.914,0.45
17.915,0.45
17.916,0.45
17.917,0.45
17.918,0.45
17.919,0.45
17.92,0.45
17.921,0.45
17.922,0.45
17.923,0.45
17.924,0.45
17.925,0.45
17.926,0.45
17.927,0.45
17.928,0.45
17.929,0.45
17.93,0.45
17.931,0.45
17.932,0.45
17.933,0.45
17.934,0.45
17.935,0.45
17.936,0.45
17.937,0.45
17.938,0.45
17.939,0.45
17.94,0.45
17.941,0.45
17.942,0.45
17.943,0.45
17.944,0.45
17.945,0.45
17.946,0.45
17.947,0.45
17.948,0.45
17.949,0.45
17.95,0.45
17.951,0.45
17.952,0.45
17.953,0.45
17.954,0.45
17.955,0.45
17.956,0.45
17.957,0.45
17.958,0.45
17.959,0.45
17.96,0.45
17.961,0.45
17.962,0.45
17.963,0.45
17.964,0.45
17.965,0.45
17.966,0.45
17.967,0.45
17.968,0.45
17.969,0.45
17.97,0.45
17.971,0.45
17.972,0.45
17.973,0.45
17.974,0.45
17.975,0.45
17.976,0.45
17.977,0.45
17.978,0.45
17.979,0.45
17.98,0.45
17.981,0.45
17.982,0.45
17.983,0.45
17.984,0.45
17.985,0.45
17.986,0.45
17.987,0.45
17.988,0.45
17.989,0.45
17.99,0.45
17.991,0.45
17.992,0.45
17.993,0.45
17.994,0.45
17.995,0.45
17.996,0.45
17.997,0.45
17.998,0.45
17.999,0.45
18.0,0.45
18.001,0.45
18.002,0.45
18.003,0.45
18.004,0.45
18.005,0.45
18.006,0.45
18.007,0.45
18.008,0.45
18.009,0.45
18.01,0.45
18.011,0.45
18.012,0.45
18.013,0.45
18.014,0.45
18.015,0.45
18.016,0.45
18.017,0.45
18.018,0.45
18.019,0.45
18.02,0.45
18.021,0.45
18.022,0.45
18.023,0.45
18.024,0.45
18.025,0.45
18.026,0.45
18.027,0.45
18.028,0.45
18.029,0.45
18.03,0.45
18.031,0.45
18.032,0.45
18.033,0.45
18.034,0.45
18.035,0.45
18.036,0.45
18.037,0.45
18.038,0.45
18.039,0.45
18.04,0.45
18.041,0.45
18.042,0.45
18.043,0.45
18.044,0.45
18.045,0.45
18.046,0.45
18.047,0.45
18.048,0.45
18.049,0.45
18.05,0.45
18.051,0.45
18.052,0.45
18.053,0.45
18.054,0.45
18.055,0.45
18.056,0.45
18.057,0.45
18.058,0.45
18.059,0.45
18.06,0.45
18.061,0.45
18.062,0.45
18.063,0.45
18.064,0.45
18.065,0.45
18.066,0.45
18.067,0.45
18.068,0.45
18.069,0.45
18.07,0.45
18.071,0.45
18.072,0.45
18.073,0.45
18.074,0.45
18.075,0.45
18.076,0.45
18.077,0.45
18.078,0.45
18.079,0.45
18.08,0.45
18.081,0.45
18.082,0.45
18.083,0.45
18.084,0.45
18.085,0.45
18.086,0.45
18.087,0.45
18.088,0.45
18.089,0.45
18.09,0.45
18.091,0.45
18.092,0.45
18.093,0.45
18.094,0.45
18.095,0.45
18.096,0.45
18.097,0.45
18.098,0.45
18.099,0.45
18.1,0.45
18.101,0.45
18.102,0.45
18.103,0.45
18.104,0.45
18.105,0.45
18.106,0.45
18.107,0.45
18.108,0.45
18.109,0.45
18.11,0.45
18.111,0.45
18.112,0.45
18.113,0.45
18.114,0.45
18.115,0.45
18.116,0.45
18.117,0.45
18.118,0.45
18.119,0.45
18.12,0.45
18.121,0.45
18.122,0.45
18.123,0.45
18.124,0.45
18.125,0.45
18.126,0.45
18.127,0.45
18.128,0.45
18.129,0.45
18.13,0.45
18.131,0.45
18.132,0.45
18.133,0.45
18.134,0.45
18.135,0.45
18.136,0.45
18.137,0.45
18.138,0.45
18.139,0.45
18.14,0.45
18.141,0.45
18.142,0.45
18.143,0.45
18.144,0.45
18.145,0.45
18.146,0.45
18.147,0.45
18.148,0.45
18.149,0.45
18.15,0.45
18.151,0.45
18.152,0.45
18.153,0.45
18.154,0.45
18.155,0.45
18.156,0.45
18.157,0.45
18.158,0.45
18.159,0.45
18.16,0.45
18.161,0.45
18.162,0.45
18.163,0.45
18.164,0.45
18.165,0.45
18.166,0.45
18.167,0.45
18.168,0.45
18.169,0.45
18.17,0.45
18.171,0.45
18.172,0.45
18.173,0.45
18.174,0.45
18.175,0.45
18.176,0.45
18.177,0.45
18.178,0.45
18.179,0.45
18.18,0.45
18.181,0.45
18.182,0.45
18.183,0.45
18.184,0.45
18.185,0.45
18.186,0.45
18.187,0.45
18.188,0.45
18.189,0.45
18.19,0.45
18.191,0.45
18.192,0.45
18.193,0.45
18.194,0.45
18.195,0.45
18.196,0.45
18.197,0.45
18.198,0.45
18.199,0.45
18.2,0.45
18.201,0.45
18.202,0.45
18.203,0.45
18.204,0.45
18.205,0.45
18.206,0.45
18.207,0.45
18.208,0.45
18.209,0.45
18.21,0.45
18.211,0.45
18.212,0.45
18.213,0.45
18.214,0.45
18.215,0.45
18.216,0.45
18.217,0.45
18.218,0.45
18.219,0.45
18.22,0.45
18.221,0.45
18.222,0.45
18.223,0.45
18.224,0.45
18.225,0.45
18.226,0.45
18.227,0.45
18.228,0.45
18.229,0.45
18.23,0.45
18.231,0.45
18.232,0.45
18.233,0.45
18.234,0.45
18.235,0.45
18.236,0.45
18.237,0.45
18.238,0.45
18.239,0.45
18.24,0.45
18.241,0.45
18.242,0.45
18.243,0.45
18.244,0.45
18.245,0.45
18.246,0.45
18.247,0.45
18.248,0.45
18.249,0.45
18.25,0.45
18.251,0.45
18.252,0.45
18.253,0.45
18.254,0.45
18.255,0.45
18.256,0.45
18.257,0.45
18.258,0.45
18.259,0.45
18.26,0.45
18.261,0.45
18.262,0.45
18.263,0.45
18.264,0.45
18.265,0.45
18.266,0.45
18.267,0.45
18.268,0.45
18.269,0.45
18.27,0.45
18.271,0.45
18.272,0.45
18.273,0.45
18.274,0.45
18.275,0.45
18.276,0.45
18.277,0.45
18.278,0.45
18.279,0.45
18.28,0.45
18.281,0.45
18.282,0.45
18.283,0.45
18.284,0.45
18.285,0.45
18.286,0.45
18.287,0.45
18.288,0.45
18.289,0.45
18.29,0.45
18.291,0.45
18.292,0.45
18.293,0.45
18.294,0.45
18.295,0.45
18.296,0.45
18.297,0.45
18.298,0.45
18.299,0.45
18.3,0.45
18.301,0.45
18.302,0.45
18.303,0.45
18.304,0.45
18.305,0.45
18.306,0.45
18.307,0.45
18.308,0.45
18.309,0.45
18.31,0.45
18.311,0.45
18.312,0.45
18.313,0.45
18.314,0.45
18.315,0.45
18.316,0.45
18.317,0.45
18.318,0.45
18.319,0.45
18.32,0.45
18.321,0.45
18.322,0.45
18.323,0.45
18.324,0.45
18.325,0.45
18.326,0.45
18.327,0.45
18.328,0.45
18.329,0.45
18.33,0.45
18.331,0.45
18.332,0.45
18.333,0.45
18.334,0.45
18.335,0.45
18.336,0.45
18.337,0.45
18.338,0.45
18.339,0.45
18.34,0.45
18.341,0.45
18.342,0.45
18.343,0.45
18.344,0.45
18.345,0.45
18.346,0.45
18.347,0.45
18.348,0.45
18.349,0.45
18.35,0.45
18.351,0.45
18.352,0.45
18.353,0.45
18.354,0.45
18.355,0.45
18.356,0.45
18.357,0.45
18.358,0.45
18.359,0.45
18.36,0.45
18.361,0.45
18.362,0.45
18.363,0.45
18.364,0.45
18.365,0.45
18.366,0.45
18.367,0.45
18.368,0.45
18.369,0.45
18.37,0.45
18.371,0.45
18.372,0.45
18.373,0.45
18.374,0.45
18.375,0.45
18.376,0.45
18.377,0.45
18.378,0.45
18.379,0.45
18.38,0.45
18.381,0.45
18.382,0.45
18.383,0.45
18.384,0.45
18.385,0.45
18.386,0.45
18.387,0.45
18.388,0.45
18.389,0.45
18.39,0.45
18.391,0.45
18.392,0.45
18.393,0.45
18.394,0.45
18.395,0.45
18.396,0.45
18.397,0.45
18.398,0.45
18.399,0.45
18.4,0.45
18.401,0.45
18.402,0.45
18.403,0.45
18.404,0.45
18.405,0.45
18.406,0.45
18.407,0.45
18.408,0.45
18.409,0.45
18.41,0.45
18.411,0.45
18.412,0.45
18.413,0.45
18.414,0.45
18.415,0.45
18.416,0.45
18.417,0.45
18.418,0.45
18.419,0.45
18.42,0.45
18.421,0.45
18.422,0.45
18.423,0.45
18.424,0.45
18.425,0.45
18.426,0.45
18.427,0.45
18.428,0.45
18.429,0.45
18.43,0.45
18.431,0.45
18.432,0.45
18.433,0.45
18.434,0.45
18.435,0.45
18.436,0.45
18.437,0.45
18.438,0.45
18.439,0.45
18.44,0.45
18.441,0.45
18.442,0.45
18.443,0.45
18.444,0.45
18.445,0.45
18.446,0.45
18.447,0.45
18.448,0.45
18.449,0.45
18.45,0.45
18.451,0.45
18.452,0.45
18.453,0.45
18.454,0.45
18.455,0.45
18.456,0.45
18.457,0.45
18.458,0.45
18.459,0.45
18.46,0.45
18.461,0.45
18.462,0.45
18.463,0.45
18.464,0.45
18.465,0.45
18.466,0.45
18.467,0.45
18.468,0.45
18.469,0.45
18.47,0.45
18.471,0.45
18.472,0.45
18.473,0.45
18.474,0.45
18.475,0.45
18.476,0.45
18.477,0.45
18.478,0.45
18.479,0.45
18.48,0.45
18.481,0.45
18.482,0.45
18.483,0.45
18.484,0.45
18.485,0.45
18.486,0.45
18.487,0.45
18.488,0.45
18.489,0.45
18.49,0.45
18.491,0.45
18.492,0.45
18.493,0.45
18.494,0.45
18.495,0.45
18.496,0.45
18.497,0.45
18.498,0.45
18.499,0.45
18.5,0.45
18.501,0.45
18.502,0.45
18.503,0.45
18.504,0.45
18.505,0.45
18.506,0.45
18.507,0.45
18.508,0.45
18.509,0.45
18.51,0.45
18.511,0.45
18.512,0.45
18.513,0.45
18.514,0.45
18.515,0.45
18.516,0.45
18.517,0.45
18.518,0.45
18.519,0.45
18.52,0.45
18.521,0.45
18.522,0.45
18.523,0.45
18.524,0.45
18.525,0.45
18.526,0.45
18.527,0.45
18.528,0.45
18.529,0.45
18.53,0.45
18.531,0.45
18.532,0.45
18.533,0.45
18.534,0.45
18.535,0.45
18.536,0.45
18.537,0.45
18.538,0.45
18.539,0.45
18.54,0.45
18.541,0.45
18.542,0.45
18.543,0.45
18.544,0.45
18.545,0.45
18.546,0.45
18.547,0.45
18.548,0.45
18.549,0.45
18.55,0.45
18.551,0.45
18.552,0.45
18.553,0.45
18.554,0.45
18.555,0.45
18.556,0.45
18.557,0.45
18.558,0.45
18.559,0.45
18.56,0.45
18.561,0.45
18.562,0.45
18.563,0.45
18.564,0.45
18.565,0.45
18.566,0.45
18.567,0.45
18.568,0.45
18.569,0.45
18.57,0.45
18.571,0.45
18.572,0.45
18.573,0.45
18.574,0.45
18.575,0.45
18.576,0.45
18.577,0.45
18.578,0.45
18.579,0.45
18.58,0.45
18.581,0.45
18.582,0.45
18.583,0.45
18.584,0.45
18.585,0.45
18.586,0.45
18.587,0.45
18.588,0.45
18.589,0.45
18.59,0.45
18.591,0.45
18.592,0.45
18.593,0.45
18.594,0.45
18.595,0.45
18.596,0.45
18.597,0.45
18.598,0.45
18.599,0.45
18.6,0.45
18.601,0.45
18.602,0.45
18.603,0.45
18.604,0.45
18.605,0.45
18.606,0.45
18.607,0.45
18.608,0.45
18.609,0.45
18.61,0.45
18.611,0.45
18.612,0.45
18.613,0.45
18.614,0.45
18.615,0.45
18.616,0.45
18.617,0.45
18.618,0.45
18.619,0.45
18.62,0.45
18.621,0.45
18.622,0.45
18.623,0.45
18.624,0.45
18.625,0.45
18.626,0.45
18.627,0.45
18.628,0.45
18.629,0.45
18.63,0.45
18.631,0.45
18.632,0.45
18.633,0.45
18.634,0.45
18.635,0.45
18.636,0.45
18.637,0.45
18.638,0.45
18.639,0.45
18.64,0.45
18.641,0.45
18.642,0.45
18.643,0.45
18.644,0.45
18.645,0.45
18.646,0.45
18.647,0.45
18.648,0.45
18.649,0.45
18.65,0.45
18.651,0.45
18.652,0.45
18.653,0.45
18.654,0.45
18.655,0.45
18.656,0.45
18.657,0.45
18.658,0.45
18.659,0.45
18.66,0.45
18.661,0.45
18.662,0.45
18.663,0.45
18.664,0.45
18.665,0.45
18.666,0.45
18.667,0.45
18.668,0.45
18.669,0.45
18.67,0.45
18.671,0.45
18.672,0.45
18.673,0.45
18.674,0.45
18.675,0.45
18.676,0.45
18.677,0.45
18.678,0.45
18.679,0.45
18.68,0.45
18.681,0.45
18.682,0.45
18.683,0.45
18.684,0.45
18.685,0.45
18.686,0.45
18.687,0.45
18.688,0.45
18.689,0.45
18.69,0.45
18.691,0.45
18.692,0.45
18.693,0.45
18.694,0.45
18.695,0.45
18.696,0.45
18.697,0.45
18.698,0.45
18.699,0.45
18.7,0.45
18.701,0.45
18.702,0.45
18.703,0.45
18.704,0.45
18.705,0.45
18.706,0.45
18.707,0.45
18.708,0.45
18.709,0.45
18.71,0.45
18.711,0.45
18.712,0.45
18.713,0.45
18.714,0.45
18.715,0.45
18.716,0.45
18.717,0.45
18.718,0.45
18.719,0.45
18.72,0.45
18.721,0.45
18.722,0.45
18.723,0.45
18.724,0.45
18.725,0.45
18.726,0.45
18.727,0.45
18.728,0.45
18.729,0.45
18.73,0.45
18.731,0.45
18.732,0.45
18.733,0.45
18.734,0.45
18.735,0.45
18.736,0.45
18.737,0.45
18.738,0.45
18.739,0.45
18.74,0.45
18.741,0.45
18.742,0.45
18.743,0.45
18.744,0.45
18.745,0.45
18.746,0.45
18.747,0.45
18.748,0.45
18.749,0.45
18.75,0.45
18.751,0.45
18.752,0.45
18.753,0.45
18.754,0.45
18.755,0.45
18.756,0.45
18.757,0.45
18.758,0.45
18.759,0.45
18.76,0.45
18.761,0.45
18.762,0.45
18.763,0.45
18.764,0.45
18.765,0.45
18.766,0.45
18.767,0.45
18.768,0.45
18.769,0.45
18.77,0.45
18.771,0.45
18.772,0.45
18.773,0.45
18.774,0.45
18.775,0.45
18.776,0.45
18.777,0.45
18.778,0.45
18.779,0.45
18.78,0.45
18.781,0.45
18.782,0.45
18.783,0.45
18.784,0.45
18.785,0.45
18.786,0.45
18.787,0.45
18.788,0.45
18.789,0.45
18.79,0.45
18.791,0.45
18.792,0.45
18.793,0.45
18.794,0.45
18.795,0.45
18.796,0.45
18.797,0.45
18.798,0.45
18.799,0.45
18.8,0.45
18.801,0.45
18.802,0.45
18.803,0.45
18.804,0.45
18.805,0.45
18.806,0.45
18.807,0.45
18.808,0.45
18.809,0.45
18.81,0.45
18.811,0.45
18.812,0.45
18.813,0.45
18.814,0.45
18.815,0.45
18.816,0.45
18.817,0.45
18.818,0.45
18.819,0.45
18.82,0.45
18.821,0.45
18.822,0.45
18.823,0.45
18.824,0.45
18.825,0.45
18.826,0.45
18.827,0.45
18.828,0.45
18.829,0.45
18.83,0.45
18.831,0.45
18.832,0.45
18.833,0.45
18.834,0.45
18.835,0.45
18.836,0.45
18.837,0.45
18.838,0.45
18.839,0.45
18.84,0.45
18.841,0.45
18.842,0.45
18.843,0.45
18.844,0.45
18.845,0.45
18.846,0.45
18.847,0.45
18.848,0.45
18.849,0.45
18.85,0.45
18.851,0.45
18.852,0.45
18.853,0.45
18.854,0.45
18.855,0.45
18.856,0.45
18.857,0.45
18.858,0.45
18.859,0.45
18.86,0.45
18.861,0.45
18.862,0.45
18.863,0.45
18.864,0.45
18.865,0.45
18.866,0.45
18.867,0.45
18.868,0.45
18.869,0.45
18.87,0.45
18.871,0.45
18.872,0.45
18.873,0.45
18.874,0.45
18.875,0.45
18.876,0.45
18.877,0.45
18.878,0.45
18.879,0.0
18.88,0.0
18.881,0.0
18.882,0.0
18.883,0.0
18.884,0.0
18.885,0.0
18.886,0.0
18.887,0.0
18.888,0.0
18.889,0.0
18.89,0.0
18.891,0.0
18.892,0.0
18.893,0.0
18.894,0.0
18.895,0.0
18.896,0.0
18.897,0.0
18.898,0.0
18.899,0.0
18.9,0.0
18.901,0.0
18.902,0.0
18.903,0.0
18.904,0.0
18.905,0.0
18.906,0.0
18.907,0.0
18.908,0.0
18.909,0.0
18.91,0.0
18.911,0.0
18.912,0.0
18.913,0.0
18.914,0.0
18.915,0.0
18.916,0.0
18.917,0.0
18.918,0.0
18.919,0.0
18.92,0.0
18.921,0.0
18.922,0.0
18.923,0.0
18.924,0.0
18.925,0.0
18.926,0.0
18.927,0.0
18.928,0.0
18.929,0.0
18.93,0.0
18.931,0.0
18.932,0.0
18.933,0.0
18.934,0.0
18.935,0.0
18.936,0.0
18.937,0.0
18.938,0.0
18.939,0.0
18.94,0.0
18.941,0.0
18.942,0.0
18.943,0.0
18.944,0.0
18.945,0.0
18.946,0.0
18.947,0.0
18.948,0.0
18.949,0.0
18.95,0.0
18.951,0.0
18.952,0.0
18.953,0.0
18.954,0.0
18.955,0.0
18.956,0.0
18.957,0.0
18.958,0.0
18.959,0.0
18.96,0.0
18.961,0.0
18.962,0.0
18.963,0.0
18.964,0.0
18.965,0.0
18.966,0.0
18.967,0.0
18.968,0.0
18.969,0.0
18.97,0.0
18.971,0.0
18.972,0.0
18.973,0.0
18.974,0.0
18.975,0.0
18.976,0.0
18.977,0.0
18.978,0.0
18.979,0.0
18.98,0.0
18.981,0.0
18.982,0.0
18.983,0.0
18.984,0.0
18.985,0.0
18.986,0.0
18.987,0.0
18.988,0.0
18.989,0.0
18.99,0.0
18.991,0.0
18.992,0.0
18.993,0.0
18.994,0.0
18.995,0.0
18.996,0.0
18.997,0.0
18.998,0.0
18.999,0.0
19.0,0.0
19.001,0.0
19.002,0.0
19.003,0.0
19.004,0.0
19.005,0.0
19.006,0.0
19.007,0.0
19.008,0.0
19.009,0.0
19.01,0.0
19.011,0.0
19.012,0.0
19.013,0.0
19.014,0.0
19.015,0.0
19.016,0.0
19.017,0.0
19.018,0.0
19.019,0.0
19.02,0.0
19.021,0.0
19.022,0.0
19.023,0.0
19.024,0.0
19.025,0.0
19.026,0.0
19.027,0.0
19.028,0.0
19.029,0.0
19.03,0.0
19.031,0.0
19.032,0.0
19.033,0.0
19.034,0.0
19.035,0.0
19.036,0.0
19.037,0.0
19.038,0.0
19.039,0.0
19.04,0.0
19.041,0.0
19.042,0.0
19.043,0.0
19.044,0.0
19.045,0.0
19.046,0.0
19.047,0.0
19.048,0.0
19.049,0.0
19.05,0.0
19.051,0.0
19.052,0.0
19.053,0.0
19.054,0.0
19.055,0.0
19.056,0.0
19.057,0.0
19.058,0.0
19.059,0.0
19.06,0.0
19.061,0.0
19.062,0.0
19.063,0.0
19.064,0.0
19.065,0.0
19.066,0.0
19.067,0.0
19.068,0.0
19.069,0.0
19.07,0.0
19.071,0.0
19.072,0.0
19.073,0.0
19.074,0.0
19.075,0.0
19.076,0.0
19.077,0.0
19.078,0.0
19.079,0.0
19.08,0.0
19.081,0.0
19.082,0.0
19.083,0.0
19.084,0.0
19.085,0.0
19.086,0.0
19.087,0.0
19.088,0.0
19.089,0.0
19.09,0.0
19.091,0.0
19.092,0.0
19.093,0.0
19.094,0.0
19.095,0.0
19.096,0.0
19.097,0.0
19.098,0.0
19.099,0.0
19.1,0.0
19.101,0.0
19.102,0.0
19.103,0.0
19.104,0.0
19.105,0.0
19.106,0.0
19.107,0.0
19.108,0.0
19.109,0.0
19.11,0.0
19.111,0.0
19.112,0.0
19.113,0.0
19.114,0.0
19.115,0.0
19.116,0.0
19.117,0.0
19.118,0.0
19.119,0.0
19.12,0.0
19.121,0.0
19.122,0.0
19.123,0.0
19.124,0.0
19.125,0.0
19.126,0.0
19.127,0.0
19.128,0.0
19.129,0.0
19.13,0.0
19.131,0.0
19.132,0.0
19.133,0.0
19.134,0.0
19.135,0.0
19.136,0.0
19.137,0.0
19.138,0.0
19.139,0.0
19.14,0.0
19.141,0.0
19.142,0.0
19.143,0.0
19.144,0.0
19.145,0.0
19.146,0.0
19.147,0.0
19.148,0.0
19.149,0.0
19.15,0.0
19.151,0.0
19.152,0.0
19.153,0.0
19.154,0.0
19.155,0.0
19.156,0.0
19.157,0.0
19.158,0.0
19.159,0.0
19.16,0.0
19.161,0.0
19.162,0.0
19.163,0.0
19.164,0.0
19.165,0.0
19.166,0.0
19.167,0.0
19.168,0.0
19.169,0.0
19.17,0.0
19.171,0.0
19.172,0.0
19.173,0.0
19.174,0.0
19.175,0.0
19.176,0.0
19.177,0.0
19.178,0.0
19.179,0.0
19.18,0.0
19.181,0.0
19.182,0.0
19.183,0.0
19.184,0.0
19.185,0.0
19.186,0.0
19.187,0.0
19.188,0.0
19.189,0.0
19.19,0.0
19.191,0.0
19.192,0.0
19.193,0.0
19.194,0.0
19.195,0.0
19.196,0.0
19.197,0.0
19.198,0.0
19.199,0.0
19.2,0.0
19.201,0.0
19.202,0.0
19.203,0.0
19.204,0.0
19.205,0.0
19.206,0.0
19.207,0.0
19.208,0.0
19.209,0.0
19.21,0.0
19.211,0.0
19.212,0.0
19.213,0.0
19.214,0.0
19.215,0.0
19.216,0.0
19.217,0.0
19.218,0.0
19.219,0.0
19.22,0.0
19.221,0.0
19.222,0.0
19.223,0.0
19.224,0.0
19.225,0.0
19.226,0.0
19.227,0.0
19.228,0.0
19.229,0.0
19.23,0.0
19.231,0.0
19.232,0.0
19.233,0.0
19.234,0.0
19.235,0.0
19.236,0.0
19.237,0.0
19.238,0.0
19.239,0.0
19.24,0.0
19.241,0.0
19.242,0.0
19.243,0.0
19.244,0.0
19.245,0.0
19.246,0.0
19.247,0.0
19.248,0.0
19.249,0.0
19.25,0.0
19.251,0.0
19.252,0.0
19.253,0.0
19.254,0.0
19.255,0.0
19.256,0.0
19.257,0.0
19.258,0.0
19.259,0.0
19.26,0.0
19.261,0.0
19.262,0.0
19.263,0.0
19.264,0.0
19.265,0.0
19.266,0.0
19.267,0.0
19.268,0.0
19.269,0.0
19.27,0.0
19.271,0.0
19.272,0.0
19.273,0.0
19.274,0.0
19.275,0.0
19.276,0.0
19.277,0.0
19.278,0.0
19.279,0.0
19.28,0.0
19.281,0.0
19.282,0.0
19.283,0.0
19.284,0.0
19.285,0.0
19.286,0.0
19.287,0.0
19.288,0.0
19.289,0.0
19.29,0.0
19.291,0.0
19.292,0.0
19.293,0.0
19.294,0.0
19.295,0.0
19.296,0.0
19.297,0.0
19.298,0.0
19.299,0.0
19.3,0.0
19.301,0.0
19.302,0.0
19.303,0.0
19.304,0.0
19.305,0.0
19.306,0.0
19.307,0.0
19.308,0.0
19.309,0.0
19.31,0.0
19.311,0.0
19.312,0.0
19.313,0.0
19.314,0.0
19.315,0.0
19.316,0.0
19.317,0.0
19.318,0.0
19.319,0.0
19.32,0.0
19.321,0.0
19.322,0.0
19.323,0.0
19.324,0.0
19.325,0.0
19.326,0.0
19.327,0.0
19.328,0.0
19.329,0.0
19.33,0.0
19.331,0.0
19.332,0.0
19.333,0.0
19.334,0.0
19.335,0.0
19.336,0.0
19.337,0.0
19.338,0.0
19.339,0.0
19.34,0.0
19.341,0.0
19.342,0.0
19.343,0.0
19.344,0.0
19.345,0.0
19.346,0.0
19.347,0.0
19.348,0.0
19.349,0.0
19.35,0.0
19.351,0.0
19.352,0.0
19.353,0.0
19.354,0.0
19.355,0.0
19.356,0.0
19.357,0.0
19.358,0.0
19.359,0.0
19.36,0.0
19.361,0.0
19.362,0.0
19.363,0.0
19.364,0.0
19.365,0.0
19.366,0.0
19.367,0.0
19.368,0.0
19.369,0.0
19.37,0.0
19.371,0.0
19.372,0.0
19.373,0.0
19.374,0.0
19.375,0.0
19.376,0.0
19.377,0.0
19.378,0.0
19.379,0.0
19.38,0.0
19.381,0.0
19.382,0.0
19.383,0.0
19.384,0.0
19.385,0.0
19.386,0.0
19.387,0.0
19.388,0.0
19.389,0.0
19.39,0.0
19.391,0.0
19.392,0.0
19.393,0.0
19.394,0.0
19.395,0.0
19.396,0.0
19.397,0.0
19.398,0.0
19.399,0.0
19.4,0.0
19.401,0.0
19.402,0.0
19.403,0.0
19.404,0.0
19.405,0.0
19.406,0.0
19.407,0.0
19.408,0.0
19.409,0.0
19.41,0.0
19.411,0.0
19.412,0.0
19.413,0.0
19.414,0.0
19.415,0.0
19.416,0.0
19.417,0.0
19.418,0.0
19.419,0.0
19.42,0.0
19.421,0.0
19.422,0.0
19.423,0.0
19.424,0.0
19.425,0.0
19.426,0.0
19.427,0.0
19.428,0.0
19.429,0.0
19.43,0.0
19.431,0.0
19.432,0.0
19.433,0.0
19.434,0.0
19.435,0.0
19.436,0.0
19.437,0.0
19.438,0.0
19.439,0.0
19.44,0.0
19.441,0.0
19.442,0.0
19.443,0.0
19.444,0.0
19.445,0.0
19.446,0.0
19.447,0.0
19.448,0.0
19.449,0.0
19.45,0.0
19.451,0.0
19.452,0.0
19.453,0.0
19.454,0.0
19.455,0.0
19.456,0.0
19.457,0.0
19.458,0.0
19.459,0.0
19.46,0.0
19.461,0.0
19.462,0.0
19.463,0.0
19.464,0.0
19.465,0.0
19.466,0.0
19.467,0.0
19.468,0.0
19.469,0.0
19.47,0.0
19.471,0.0
19.472,0.0
19.473,0.0
19.474,0.0
19.475,0.0
19.476,0.0
19.477,0.0
19.478,0.0
19.479,0.0
19.48,0.0
19.481,0.0
19.482,0.0
19.483,0.0
19.484,0.0
19.485,0.0
19.486,0.0
19.487,0.0
19.488,0.0
19.489,0.0
19.49,0.0
19.491,0.0
19.492,0.0
19.493,0.0
19.494,0.0
19.495,0.0
19.496,0.0
19.497,0.0
19.498,0.0
19.499,0.0
19.5,0.0
19.501,0.0
19.502,0.0
19.503,0.0
19.504,0.0
19.505,0.0
19.506,0.0
19.507,0.0
19.508,0.0
19.509,0.0
19.51,0.0
19.511,0.0
19.512,0.0
19.513,0.0
19.514,0.0
19.515,0.0
19.516,0.0
19.517,0.0
19.518,0.0
19.519,0.0
19.52,0.0
19.521,0.0
19.522,0.0
19.523,0.0
19.524,0.0
19.525,0.0
19.526,0.0
19.527,0.0
19.528,0.0
19.529,0.0
19.53,0.0
19.531,0.0
19.532,0.0
19.533,0.0
19.534,0.0
19.535,0.0
19.536,0.0
19.537,0.0
19.538,0.0
19.539,0.0
19.54,0.0
19.541,0.0
19.542,0.0
19.543,0.0
19.544,0.0
19.545,0.0
19.546,0.0
19.547,0.0
19.548,0.0
19.549,0.0
19.55,0.0
19.551,0.0
19.552,0.0
19.553,0.0
19.554,0.0
19.555,0.0
19.556,0.0
19.557,0.0
19.558,0.0
19.559,0.0
19.56,0.0
19.561,0.0
19.562,0.0
19.563,0.0
19.564,0.0
19.565,0.0
19.566,0.0
19.567,0.0
19.568,0.0
19.569,0.0
19.57,0.0
19.571,0.0
19.572,0.0
19.573,0.0
19.574,0.0
19.575,0.0
19.576,0.0
19.577,0.0
19.578,0.0
19.579,0.0
19.58,0.0
19.581,0.0
19.582,0.0
19.583,0.0
19.584,0.0
19.585,0.0
19.586,0.0
19.587,0.0
19.588,0.0
19.589,0.0
19.59,0.0
19.591,0.0
19.592,0.0
19.593,0.0
19.594,0.0
19.595,0.0
19.596,0.0
19.597,0.0
19.598,0.0
19.599,0.0
19.6,0.0
19.601,0.0
19.602,0.0
19.603,0.0
19.604,0.0
19.605,0.0
19.606,0.0
19.607,0.0
19.608,0.0
19.609,0.0
19.61,0.0
19.611,0.0
19.612,0.0
19.613,0.0
19.614,0.0
19.615,0.0
19.616,0.0
19.617,0.0
19.618,0.0
19.619,0.0
19.62,0.0
19.621,0.0
19.622,0.0
19.623,0.0
19.624,0.0
19.625,0.0
19.626,0.0
19.627,0.0
19.628,0.0
19.629,0.0
19.63,0.0
19.631,0.0
19.632,0.0
19.633,0.0
19.634,0.0
19.635,0.0
19.636,0.0
19.637,0.0
19.638,0.0
19.639,0.0
19.64,0.0
19.641,0.0
19.642,0.0
19.643,0.0
19.644,0.0
19.645,0.0
19.646,0.0
19.647,0.0
19.648,0.0
19.649,0.0
19.65,0.0
19.651,0.0
19.652,0.0
19.653,0.0
19.654,0.0
19.655,0.0
19.656,0.0
19.657,0.0
19.658,0.0
19.659,0.0
19.66,0.0
19.661,0.0
19.662,0.0
19.663,0.0
19.664,0.0
19.665,0.0
19.666,0.0
19.667,0.0
19.668,0.0
19.669,0.0
19.67,0.0
19.671,0.0
19.672,0.0
19.673,0.0
19.674,0.0
19.675,0.0
19.676,0.0
19.677,0.0
19.678,0.0
19.679,0.0
19.68,0.0
19.681,0.0
19.682,0.0
19.683,0.0
19.684,0.0
19.685,0.0
19.686,0.0
19.687,0.0
19.688,0.0
19.689,0.0
19.69,0.0
19.691,0.0
19.692,0.0
19.693,0.0
19.694,0.0
19.695,0.0
19.696,0.0
19.697,0.0
19.698,0.0
19.699,0.0
19.7,0.0
19.701,0.0
19.702,0.0
19.703,0.0
19.704,0.0
19.705,0.0
19.706,0.0
19.707,0.0
19.708,0.0
19.709,0.0
19.71,0.0
19.711,0.0
19.712,0.0
19.713,0.0
19.714,0.0
19.715,0.0
19.716,0.0
19.717,0.0
19.718,0.0
19.719,0.0
19.72,0.0
19.721,0.0
19.722,0.0
19.723,0.0
19.724,0.0
19.725,0.0
19.726,0.0
19.727,0.0
19.728,0.0
19.729,0.0
19.73,0.0
19.731,0.0
19.732,0.0
19.733,0.0
19.734,0.0
19.735,0.0
19.736,0.0
19.737,0.0
19.738,0.0
19.739,0.0
19.74,0.0
19.741,0.0
19.742,0.0
19.743,0.0
19.744,0.0
19.745,0.0
19.746,0.0
19.747,0.0
19.748,0.0
19.749,0.0
19.75,0.0
19.751,0.0
19.752,0.0
19.753,0.0
19.754,0.0
19.755,0.0
19.756,0.0
19.757,0.0
19.758,0.0
19.759,0.0
19.76,0.0
19.761,0.0
19.762,0.0
19.763,0.0
19.764,0.0
19.765,0.0
19.766,0.0
19.767,0.0
19.768,0.0
19.769,0.0
19.77,0.0
19.771,0.0
19.772,0.0
19.773,0.0
19.774,0.0
19.775,0.0
19.776,0.0
19.777,0.0
19.778,0.0
19.779,0.0
19.78,0.0
19.781,0.0
19.782,0.0
19.783,0.0
19.784,0.0
19.785,0.0
19.786,0.0
19.787,0.0
19.788,0.0
19.789,0.0
19.79,0.0
19.791,0.0
19.792,0.0
19.793,0.0
19.794,0.0
19.795,0.0
19.796,0.0
19.797,0.0
19.798,0.0
19.799,0.0
19.8,0.0
19.801,0.0
19.802,0.0
19.803,0.0
19.804,0.0
19.805,0.0
19.806,0.0
19.807,0.0
19.808,0.0
19.809,0.0
19.81,0.0
19.811,0.0
19.812,0.0
19.813,0.0
19.814,0.0
19.815,0.0
19.816,0.0
19.817,0.0
19.818,0.0
19.819,0.0
19.82,0.0
19.821,0.0
19.822,0.0
19.823,0.0
19.824,0.0
19.825,0.0
19.826,0.0
19.827,0.0
19.828,0.0
19.829,0.0
19.83,0.0
19.831,0.0
19.832,0.0
19.833,0.0
19.834,0.0
19.835,0.0
19.836,0.0
19.837,0.0
19.838,0.0
19.839,0.0
19.84,0.0
19.841,0.0
19.842,0.0
19.843,0.0
19.844,0.0
19.845,0.0
19.846,0.0
19.847,0.0
19.848,0.0
19.849,0.0
19.85,0.0
19.851,0.0
19.852,0.0
19.853,0.0
19.854,0.0
19.855,0.0
19.856,0.0
19.857,0.0
19.858,0.0
19.859,0.0
19.86,0.0
19.861,0.0
19.862,0.0
19.863,0.0
19.864,0.0
19.865,0.0
19.866,0.0
19.867,0.0
19.868,0.0
19.869,0.0
19.87,0.0
19.871,0.0
19.872,0.0
19.873,0.0
19.874,0.0
19.875,0.0
19.876,0.0
19.877,0.0
19.878,0.0
19.879,0.0
19.88,0.0
19.881,0.0
19.882,0.0
19.883,0.0
19.884,0.0
19.885,0.0
19.886,0.0
19.887,0.0
19.888,0.0
19.889,0.0
19.89,0.0
19.891,0.0
19.892,0.0
19.893,0.0
19.894,0.0
19.895,0.0
19.896,0.0
19.897,0.0
19.898,0.0
19.899,0.0
19.9,0.0
19.901,0.0
19.902,0.0
19.903,0.0
19.904,0.0
19.905,0.0
19.906,0.0
19.907,0.0
19.908,0.0
19.909,0.0
19.91,0.0
19.911,0.0
19.912,0.0
19.913,0.0
19.914,0.0
19.915,0.0
19.916,0.0
19.917,0.0
19.918,0.0
19.919,0.0
19.92,0.0
19.921,0.0
19.922,0.0
19.923,0.0
19.924,0.0
19.925,0.0
19.926,0.0
19.927,0.0
19.928,0.0
19.929,0.0
19.93,0.0
19.931,0.0
19.932,0.0
19.933,0.0
19.934,0.0
19.935,0.0
19.936,0.0
19.937,0.0
19.938,0.0
19.939,0.0
19.94,0.0
19.941,0.0
19.942,0.0
19.943,0.0
19.944,0.0
19.945,0.0
19.946,0.0
19.947,0.0
19.948,0.0
19.949,0.0
19.95,0.0
19.951,0.0
19.952,0.0
19.953,0.0
19.954,0.0
19.955,0.0
19.956,0.0
19.957,0.0
19.958,0.0
19.959,0.0
19.96,0.0
19.961,0.0
19.962,0.0
19.963,0.0
19.964,0.0
19.965,0.0
19.966,0.0
19.967,0.0
19.968,0.0
19.969,0.0
19.97,0.0
19.971,0.0
19.972,0.0
19.973,0.0
19.974,0.0
19.975,0.0
19.976,0.0
19.977,0.0
19.978,0.0
19.979,0.0
19.98,0.0
19.981,0.0
19.982,0.0
19.983,0.0
19.984,0.0
19.985,0.0
19.986,0.0
19.987,0.0
19.988,0.0
19.989,0.0
19.99,0.0
19.991,0.0
19.992,0.0
19.993,0.0
19.994,0.0
19.995,0.0
19.996,0.0
19.997,0.0
19.998,0.0
19.999,0.0
20.0,0.0
20.001,0.0
20.002,0.0
20.003,0.0
20.004,0.0
20.005,0.0
20.006,0.0
20.007,0.0
20.008,0.0
20.009,0.0
20.01,0.0
20.011,0.0
20.012,0.0
20.013,0.0
20.014,0.0
20.015,0.0
20.016,0.0
20.017,0.0
20.018,0.0
20.019,0.0
20.02,0.0
20.021,0.0
20.022,0.0
20.023,0.0
20.024,0.0
20.025,0.0
20.026,0.0
20.027,0.0
20.028,0.0
20.029,0.0
20.03,0.0
20.031,0.0
20.032,0.0
20.033,0.0
20.034,0.0
20.035,0.0
20.036,0.0
20.037,0.0
20.038,0.0
20.039,0.0
20.04,0.0
20.041,0.0
20.042,0.0
20.043,0.0
20.044,0.0
20.045,0.0
20.046,0.0
20.047,0.0
20.048,0.0
20.049,0.0
20.05,0.0
20.051,0.0
20.052,0.0
20.053,0.0
20.054,0.0
20.055,0.0
20.056,0.0
20.057,0.0
20.058,0.0
20.059,0.0
20.06,0.0
20.061,0.0
20.062,0.0
20.063,0.0
20.064,0.0
20.065,0.0
20.066,0.0
20.067,0.0
20.068,0.0
20.069,0.0
20.07,0.0
20.071,0.0
20.072,0.0
20.073,0.0
20.074,0.0
20.075,0.0
20.076,0.0
20.077,0.0
20.078,0.0
20.079,0.0
20.08,0.0
20.081,0.0
20.082,0.0
20.083,0.0
20.084,0.0
20.085,0.0
20.086,0.0
20.087,0.0
20.088,0.0
20.089,0.0
20.09,0.0
20.091,0.0
20.092,0.0
20.093,0.0
20.094,0.0
20.095,0.0
20.096,0.0
20.097,0.0
20.098,0.0
20.099,0.0
20.1,0.0
20.101,0.0
20.102,0.0
20.103,0.0
20.104,0.0
20.105,0.0
20.106,0.0
20.107,0.0
20.108,0.0
20.109,0.0
20.11,0.0
20.111,0.0
20.112,0.0
20.113,0.0
20.114,0.0
20.115,0.0
20.116,0.0
20.117,0.0
20.118,0.0
20.119,0.0
20.12,0.0
20.121,0.0
20.122,0.0
20.123,0.0
20.124,0.0
20.125,0.0
20.126,0.0
20.127,0.0
20.128,0.0
20.129,0.0
20.13,0.0
20.131,0.0
20.132,0.0
20.133,0.0
20.134,0.0
20.135,0.0
20.136,0.0
20.137,0.0
20.138,0.0
20.139,0.0
20.14,0.0
20.141,0.0
20.142,0.0
20.143,0.0
20.144,0.0
20.145,0.0
20.146,0.0
20.147,0.0
20.148,0.0
20.149,0.0
20.15,0.0
20.151,0.0
20.152,0.0
20.153,0.0
20.154,0.0
20.155,0.0
20.156,0.0
20.157,0.0
20.158,0.0
20.159,0.0
20.16,0.0
20.161,0.0
20.162,0.0
20.163,0.0
20.164,0.0
20.165,0.0
20.166,0.0
20.167,0.0
20.168,0.0
20.169,0.0
20.17,0.0
20.171,0.0
20.172,0.0
20.173,0.0
20.174,0.0
20.175,0.0
20.176,0.0
20.177,0.0
20.178,0.0
20.179,0.0
20.18,0.0
20.181,0.0
20.182,0.0
20.183,0.0
20.184,0.0
20.185,0.0
20.186,0.0
20.187,0.0
20.188,0.0
20.189,0.0
20.19,0.0
20.191,0.0
20.192,0.0
20.193,0.0
20.194,0.0
20.195,0.0
20.196,0.0
20.197,0.0
20.198,0.0
20.199,0.0
20.2,0.0
20.201,0.0
20.202,0.0
20.203,0.0
20.204,0.0
20.205,0.0
20.206,0.0
20.207,0.0
20.208,0.0
20.209,0.0
20.21,0.0
20.211,0.0
20.212,0.0
20.213,0.0
20.214,0.0
20.215,0.0
20.216,0.0
20.217,0.0
20.218,0.0
20.219,0.0
20.22,0.0
20.221,0.0
20.222,0.0
20.223,0.0
20.224,0.0
20.225,0.0
20.226,0.0
20.227,0.0
20.228,0.0
20.229,0.0
20.23,0.0
20.231,0.0
20.232,0.0
20.233,0.0
20.234,0.0
20.235,0.0
20.236,0.0
20.237,0.0
20.238,0.0
20.239,0.0
20.24,0.0
20.241,0.0
20.242,0.0
20.243,0.0
20.244,0.0
20.245,0.0
20.246,0.0
20.247,0.0
20.248,0.0
20.249,0.0
20.25,0.0
20.251,0.0
20.252,0.0
20.253,0.0
20.254,0.0
20.255,0.0
20.256,0.0
20.257,0.0
20.258,0.0
20.259,0.0
20.26,0.0
20.261,0.0
20.262,0.0
20.263,0.0
20.264,0.0
20.265,0.0
20.266,0.0
20.267,0.0
20.268,0.0
20.269,0.0
20.27,0.0
20.271,0.0
20.272,0.0
20.273,0.0
20.274,0.0
20.275,0.0
20.276,0.0
20.277,0.0
20.278,0.0
20.279,0.0
20.28,0.0
20.281,0.0
20.282,0.0
20.283,0.0
20.284,0.0
20.285,0.0
20.286,0.0
20.287,0.0
20.288,0.0
20.289,0.0
20.29,0.0
20.291,0.0
20.292,0.0
20.293,0.0
20.294,0.0
20.295,0.0
20.296,0.0
20.297,0.0
20.298,0.0
20.299,0.0
20.3,0.0
20.301,0.0
20.302,0.0
20.303,0.0
20.304,0.0
20.305,0.0
20.306,0.0
20.307,0.0
20.308,0.0
20.309,0.0
20.31,0.0
20.311,0.0
20.312,0.0
20.313,0.0
20.314,0.0
20.315,0.0
20.316,0.0
20.317,0.0
20.318,0.0
20.319,0.0
20.32,0.0
20.321,0.0
20.322,0.0
20.323,0.0
20.324,0.0
20.325,0.0
20.326,0.0
20.327,0.0
20.328,0.0
20.329,0.0
20.33,0.0
20.331,0.0
20.332,0.0
20.333,0.0
20.334,0.0
20.335,0.0
20.336,0.0
20.337,0.0
20.338,0.0
20.339,0.0
20.34,0.0
20.341,0.0
20.342,0.0
20.343,0.0
20.344,0.0
20.345,0.0
20.346,0.0
20.347,0.0
20.348,0.0
20.349,0.0
20.35,0.0
20.351,0.0
20.352,0.0
20.353,0.0
20.354,0.0
20.355,0.0
20.356,0.0
20.357,0.0
20.358,0.0
20.359,0.0
20.36,0.0
20.361,0.0
20.362,0.0
20.363,0.0
20.364,0.0
20.365,0.0
20.366,0.0
20.367,0.0
20.368,0.0
20.369,0.0
20.37,0.0
20.371,0.0
20.372,0.0
20.373,0.0
20.374,0.0
20.375,0.0
20.376,0.0
20.377,0.0
20.378,0.0
20.379,0.0
20.38,0.0
20.381,0.0
20.382,0.0
20.383,0.0
20.384,0.0
20.385,0.0
20.386,0.0
20.387,0.0
20.388,0.0
20.389,0.0
20.39,0.0
20.391,0.0
20.392,0.0
20.393,0.0
20.394,0.0
20.395,0.0
20.396,0.0
20.397,0.0
20.398,0.0
20.399,0.0
20.4,0.0
20.401,0.0
20.402,0.0
20.403,0.0
20.404,0.0
20.405,0.0
20.406,0.0
20.407,0.0
20.408,0.0
20.409,0.0
20.41,0.0
20.411,0.0
20.412,0.0
20.413,0.0
20.414,0.0
20.415,0.0
20.416,0.0
20.417,0.0
20.418,0.0
20.419,0.0
20.42,0.0
20.421,0.0
20.422,0.0
20.423,0.0
20.424,0.0
20.425,0.0
20.426,0.0
20.427,0.0
20.428,0.0
20.429,0.0
20.43,0.0
20.431,0.0
20.432,0.0
20.433,0.0
20.434,0.0
20.435,0.0
20.436,0.0
20.437,0.0
20.438,0.0
20.439,0.0
20.44,0.0
20.441,0.0
20.442,0.0
20.443,0.0
20.444,0.0
20.445,0.0
20.446,0.0
20.447,0.0
20.448,0.0
20.449,0.0
20.45,0.0
20.451,0.0
20.452,0.0
20.453,0.0
20.454,0.0
20.455,0.0
20.456,0.0
20.457,0.0
20.458,0.0
20.459,0.0
20.46,0.0
20.461,0.0
20.462,0.0
20.463,0.0
20.464,0.0
20.465,0.0
20.466,0.0
20.467,0.0
20.468,0.0
20.469,0.0
20.47,0.0
20.471,0.0
20.472,0.0
20.473,0.0
20.474,0.0
20.475,0.0
20.476,0.0
20.477,0.0
20.478,0.0
20.479,0.0
20.48,0.0
20.481,0.0
20.482,0.0
20.483,0.0
20.484,0.0
20.485,0.0
20.486,0.0
20.487,0.0
20.488,0.0
20.489,0.0
20.49,0.0
20.491,0.0
20.492,0.0
20.493,0.0
20.494,0.0
20.495,0.0
20.496,0.0
20.497,0.0
20.498,0.0
20.499,0.0
20.5,0.0
20.501,0.0
20.502,0.0
20.503,0.0
20.504,0.0
20.505,0.0
20.506,0.0
20.507,0.0
20.508,0.0
20.509,0.0
20.51,0.0
20.511,0.0
20.512,0.0
20.513,0.0
20.514,0.0
20.515,0.0
20.516,0.0
20.517,0.0
20.518,0.0
20.519,0.0
20.52,0.0
20.521,0.0
20.522,0.0
20.523,0.0
20.524,0.0
20.525,0.0
20.526,0.0
20.527,0.0
20.528,0.0
20.529,0.0
20.53,0.0
20.531,0.0
20.532,0.0
20.533,0.0
20.534,0.0
20.535,0.0
20.536,0.0
20.537,0.0
20.538,0.0
20.539,0.0
20.54,0.0
20.541,0.0
20.542,0.0
20.543,0.0
20.544,0.0
20.545,0.0
20.546,0.0
20.547,0.0
20.548,0.0
20.549,0.0
20.55,0.0
20.551,0.0
20.552,0.0
20.553,0.0
20.554,0.0
20.555,0.0
20.556,0.0
20.557,0.0
20.558,0.0
20.559,0.0
20.56,0.0
20.561,0.0
20.562,0.0
20.563,0.0
20.564,0.0
20.565,0.0
20.566,0.0
20.567,0.0
20.568,0.0
20.569,0.0
20.57,0.0
20.571,0.0
20.572,0.0
20.573,0.0
20.574,0.0
20.575,0.0
20.576,0.0
20.577,0.0
20.578,0.0
20.579,0.0
20.58,0.0
20.581,0.0
20.582,0.0
20.583,0.0
20.584,0.0
20.585,0.0
20.586,0.0
20.587,0.0
20.588,0.0
20.589,0.0
20.59,0.0
20.591,0.0
20.592,0.0
20.593,0.0
20.594,0.0
20.595,0.0
20.596,0.0
20.597,0.0
20.598,0.0
20.599,0.0
20.6,0.0
20.601,0.0
20.602,0.0
20.603,0.0
20.604,0.0
20.605,0.0
20.606,0.0
20.607,0.0
20.608,0.0
20.609,0.0
20.61,0.0
20.611,0.0
20.612,0.0
20.613,0.0
20.614,0.0
20.615,0.0
20.616,0.0
20.617,0.0
20.618,0.0
20.619,0.0
20.62,0.0
20.621,0.0
20.622,0.0
20.623,0.0
20.624,0.0
20.625,0.0
20.626,0.0
20.627,0.0
20.628,0.0
20.629,0.0
20.63,0.0
20.631,0.0
20.632,0.0
20.633,0.0
20.634,0.0
20.635,0.0
20.636,0.0
20.637,0.0
20.638,0.0
20.639,0.0
20.64,0.0
20.641,0.0
20.642,0.0
20.643,0.0
20.644,0.0
20.645,0.0
20.646,0.0
20.647,0.0
20.648,0.0
20.649,0.0
20.65,0.0
20.651,0.0
20.652,0.0
20.653,0.0
20.654,0.0
20.655,0.0
20.656,0.0
20.657,0.0
20.658,0.0
20.659,0.0
20.66,0.0
20.661,0.0
20.662,0.0
20.663,0.0
20.664,0.0
20.665,0.0
20.666,0.0
20.667,0.0
20.668,0.0
20.669,0.0
20.67,0.0
20.671,0.0
20.672,0.0
20.673,0.0
20.674,0.0
20.675,0.0
20.676,0.0
20.677,0.0
20.678,0.0
20.679,0.0
20.68,0.0
20.681,0.0
20.682,0.0
20.683,0.0
20.684,0.0
20.685,0.0
20.686,0.0
20.687,0.0
20.688,0.0
20.689,0.0
20.69,0.0
20.691,0.0
20.692,0.0
20.693,0.0
20.694,0.0
20.695,0.0
20.696,0.0
20.697,0.0
20.698,0.0
20.699,0.0
20.7,0.0
20.701,0.0
20.702,0.0
20.703,0.0
20.704,0.0
20.705,0.0
20.706,0.0
20.707,0.0
20.708,0.0
20.709,0.0
20.71,0.0
20.711,0.0
20.712,0.0
20.713,0.0
20.714,0.0
20.715,0.0
20.716,0.0
20.717,0.0
20.718,0.0
20.719,0.0
20.72,0.0
20.721,0.0
20.722,0.0
20.723,0.0
20.724,0.0
20.725,0.0
20.726,0.0
20.727,0.0
20.728,0.0
20.729,0.0
20.73,0.0
20.731,0.0
20.732,0.0
20.733,0.0
20.734,0.0
20.735,0.0
20.736,0.0
20.737,0.0
20.738,0.0
20.739,0.0
20.74,0.0
20.741,0.0
20.742,0.0
20.743,0.0
20.744,0.0
20.745,0.0
20.746,0.0
20.747,0.0
20.748,0.0
20.749,0.0
20.75,0.0
20.751,0.0
20.752,0.0
20.753,0.0
20.754,0.0
20.755,0.0
20.756,0.0
20.757,0.0
20.758,0.0
20.759,0.0
20.76,0.0
20.761,0.0
20.762,0.0
20.763,0.0
20.764,0.0
20.765,0.0
20.766,0.0
20.767,0.0
20.768,0.0
20.769,0.0
20.77,0.0
20.771,0.0
20.772,0.0
20.773,0.0
20.774,0.0
20.775,0.0
20.776,0.0
20.777,0.0
20.778,0.0
20.779,0.0
20.78,0.0
20.781,0.0
20.782,0.0
20.783,0.0
20.784,0.0
20.785,0.0
20.786,0.0
20.787,0.0
20.788,0.0
20.789,0.0
20.79,0.0
20.791,0.0
20.792,0.0
20.793,0.0
20.794,0.0
20.795,0.0
20.796,0.0
20.797,0.0
20.798,0.0
20.799,0.0
20.8,0.0
20.801,0.0
20.802,0.0
20.803,0.0
20.804,0.0
20.805,0.0
20.806,0.0
20.807,0.0
20.808,0.0
20.809,0.0
20.81,0.0
20.811,0.0
20.812,0.0
20.813,0.0
20.814,0.0
20.815,0.0
20.816,0.0
20.817,0.0
20.818,0.0
20.819,0.0
20.82,0.0
20.821,0.0
20.822,0.0
20.823,0.0
20.824,0.0
20.825,0.0
20.826,0.0
20.827,0.0
20.828,0.0
20.829,0.0
20.83,0.0
20.831,0.0
20.832,0.0
20.833,0.0
20.834,0.0
20.835,0.0
20.836,0.0
20.837,0.0
20.838,0.0
20.839,0.0
20.84,0.0
20.841,0.0
20.842,0.0
20.843,0.0
20.844,0.0
20.845,0.0
20.846,0.0
20.847,0.0
20.848,0.0
20.849,0.0
20.85,0.0
20.851,0.0
20.852,0.0
20.853,0.0
20.854,0.0
20.855,0.0
20.856,0.0
20.857,0.0
20.858,0.0
20.859,0.0
20.86,0.0
20.861,0.0
20.862,0.0
20.863,0.0
20.864,0.0
20.865,0.0
20.866,0.0
20.867,0.0
20.868,0.0
20.869,0.0
20.87,0.0
20.871,0.0
20.872,0.0
20.873,0.0
20.874,0.0
20.875,0.0
20.876,0.0
20.877,0.0
20.878,0.0
20.879,0.0
20.88,0.0
20.881,0.0
20.882,0.0
20.883,0.0
20.884,0.0
20.885,0.0
20.886,0.0
20.887,0.0
20.888,0.0
20.889,0.0
20.89,0.0
20.891,0.0
20.892,0.0
20.893,0.0
20.894,0.0
20.895,0.0
20.896,0.0
20.897,0.0
20.898,0.0
20.899,0.0
20.9,0.0
20.901,0.0
20.902,0.0
20.903,0.0
20.904,0.0
20.905,0.0
20.906,0.0
20.907,0.0
20.908,0.0
20.909,0.0
20.91,0.0
20.911,0.0
20.912,0.0
20.913,0.0
20.914,0.0
20.915,0.0
20.916,0.0
20.917,0.0
20.918,0.0
20.919,0.0
20.92,0.0
20.921,0.0
20.922,0.0
20.923,0.0
20.924,0.0
20.925,0.0
20.926,0.0
20.927,0.0
20.928,0.0
20.929,0.0
20.93,0.0
20.931,0.0
20.932,0.0
20.933,0.0
20.934,0.0
20.935,0.0
20.936,0.0
20.937,0.0
20.938,0.0
20.939,0.0
20.94,0.0
20.941,0.0
20.942,0.0
20.943,0.0
20.944,0.0
20.945,0.0
20.946,0.0
20.947,0.0
20.948,0.0
20.949,0.0
20.95,0.0
20.951,0.0
20.952,0.0
20.953,0.0
20.954,0.0
20.955,0.0
20.956,0.0
20.957,0.0
20.958,0.0
20.959,0.0
20.96,0.0
20.961,0.0
20.962,0.0
20.963,0.0
20.964,0.0
20.965,0.0
20.966,0.0
20.967,0.0
20.968,0.0
20.969,0.0
20.97,0.0
20.971,0.0
20.972,0.0
20.973,0.0
20.974,0.0
20.975,0.0
20.976,0.0
20.977,0.0
20.978,0.0
20.979,0.0
20.98,0.0
20.981,0.0
20.982,0.0
20.983,0.0
20.984,0.0
20.985,0.0
20.986,0.0
20.987,0.0
20.988,0.0
20.989,0.0
20.99,0.0
20.991,0.0
20.992,0.0
20.993,0.0
20.994,0.0
20.995,0.0
20.996,0.0
20.997,0.0
20.998,0.0
20.999,0.0
21.0,0.0
21.001,0.0
21.002,0.0
21.003,0.0
21.004,0.0
21.005,0.0
21.006,0.0
21.007,0.0
21.008,0.0
21.009,0.0
21.01,0.0
21.011,0.0
21.012,0.0
21.013,0.0
21.014,0.0
21.015,0.0
21.016,0.0
21.017,0.0
21.018,0.0
21.019,0.0
21.02,0.0
21.021,0.0
21.022,0.0
21.023,0.0
21.024,0.0
21.025,0.0
21.026,0.0
21.027,0.0
21.028,0.0
21.029,0.0
21.03,0.0
21.031,0.0
21.032,0.0
21.033,0.0
21.034,0.0
21.035,0.0
21.036,0.0
21.037,0.0
21.038,0.0
21.039,0.0
21.04,0.0
21.041,0.0
21.042,0.0
21.043,0.0
21.044,0.0
21.045,0.0
21.046,0.0
21.047,0.0
21.048,0.0
21.049,0.0
21.05,0.0
21.051,0.0
21.052,0.0
21.053,0.0
21.054,0.0
21.055,0.0
21.056,0.0
21.057,0.0
21.058,0.0
21.059,0.0
21.06,0.0
21.061,0.0
21.062,0.0
21.063,0.0
21.064,0.0
21.065,0.0
21.066,0.0
21.067,0.0
21.068,0.0
21.069,0.0
21.07,0.0
21.071,0.0
21.072,0.0
21.073,0.0
21.074,0.0
21.075,0.0
21.076,0.0
21.077,0.0
21.078,0.0
21.079,0.0
21.08,0.0
21.081,0.0
21.082,0.0
21.083,0.0
21.084,0.0
21.085,0.0
21.086,0.0
21.087,0.0
21.088,0.0
21.089,0.0
21.09,0.0
21.091,0.0
21.092,0.0
21.093,0.0
21.094,0.0
21.095,0.0
21.096,0.0
21.097,0.0
21.098,0.0
21.099,0.0
21.1,0.0
21.101,0.0
21.102,0.0
21.103,0.0
21.104,0.0
21.105,0.0
21.106,0.0
21.107,0.0
21.108,0.0
21.109,0.0
21.11,0.0
21.111,0.0
21.112,0.0
21.113,0.0
21.114,0.0
21.115,0.0
21.116,0.0
21.117,0.0
21.118,0.0
21.119,0.0
21.12,0.0
21.121,0.0
21.122,0.0
21.123,0.0
21.124,0.0
21.125,0.0
21.126,0.0
21.127,0.0
21.128,0.0
21.129,0.0
21.13,0.0
21.131,0.0
21.132,0.0
21.133,0.0
21.134,0.0
21.135,0.0
21.136,0.0
21.137,0.0
21.138,0.0
21.139,0.0
21.14,0.0
21.141,0.0
21.142,0.0
21.143,0.0
21.144,0.0
21.145,0.0
21.146,0.0
21.147,0.0
21.148,0.0
21.149,0.0
21.15,0.0
21.151,0.0
21.152,0.0
21.153,0.0
21.154,0.0
21.155,0.0
21.156,0.0
21.157,0.0
21.158,0.0
21.159,0.0
21.16,0.0
21.161,0.0
21.162,0.0
21.163,0.0
21.164,0.0
21.165,0.0
21.166,0.0
21.167,0.0
21.168,0.0
21.169,0.0
21.17,0.0
21.171,0.0
21.172,0.0
21.173,0.0
21.174,0.0
21.175,0.0
21.176,0.0
21.177,0.0
21.178,0.0
21.179,0.0
21.18,0.0
21.181,0.0
21.182,0.0
21.183,0.0
21.184,0.0
21.185,0.0
21.186,0.0
21.187,0.0
21.188,0.0
21.189,0.0
21.19,0.0
21.191,0.0
21.192,0.0
21.193,0.0
21.194,0.0
21.195,0.0
21.196,0.0
21.197,0.0
21.198,0.0
21.199,0.0
21.2,0.0
21.201,0.0
21.202,0.0
21.203,0.0
21.204,0.0
21.205,0.0
21.206,0.0
21.207,0.0
21.208,0.0
21.209,0.0
21.21,0.0
21.211,0.0
21.212,0.0
21.213,0.0
21.214,0.0
21.215,0.0
21.216,0.0
21.217,0.0
21.218,0.0
21.219,0.0
21.22,0.0
21.221,0.0
21.222,0.0
21.223,0.0
21.224,0.0
21.225,0.0
21.226,0.0
21.227,0.0
21.228,0.0
21.229,0.0
21.23,0.0
21.231,0.0
21.232,0.0
21.233,0.0
21.234,0.0
21.235,0.0
21.236,0.0
21.237,0.0
21.238,0.0
21.239,0.0
21.24,0.0
21.241,0.0
21.242,0.0
21.243,0.0
21.244,0.0
21.245,0.0
21.246,0.0
21.247,0.0
21.248,0.0
21.249,0.0
21.25,0.0
21.251,0.0
21.252,0.0
21.253,0.0
21.254,0.0
21.255,0.0
21.256,0.0
21.257,0.0
21.258,0.0
21.259,0.0
21.26,0.0
21.261,0.0
21.262,0.0
21.263,0.0
21.264,0.0
21.265,0.0
21.266,0.0
21.267,0.0
21.268,0.0
21.269,0.0
21.27,0.0
21.271,0.0
21.272,0.0
21.273,0.0
21.274,0.0
21.275,0.0
21.276,0.0
21.277,0.0
21.278,0.0
21.279,0.0
21.28,0.0
21.281,0.0
21.282,0.0
21.283,0.0
21.284,0.0
21.285,0.0
21.286,0.0
21.287,0.0
21.288,0.0
21.289,0.0
21.29,0.0
21.291,0.0
21.292,0.0
21.293,0.0
21.294,0.0
21.295,0.0
21.296,0.0
21.297,0.0
21.298,0.0
21.299,0.0
21.3,0.0
21.301,0.0
21.302,0.0
21.303,0.0
21.304,0.0
21.305,0.0
21.306,0.0
21.307,0.0
21.308,0.0
21.309,0.0
21.31,0.0
21.311,0.0
21.312,0.0
21.313,0.0
21.314,0.0
21.315,0.0
21.316,0.0
21.317,0.0
21.318,0.0
21.319,0.0
21.32,0.0
21.321,0.0
21.322,0.0
21.323,0.0
21.324,0.0
21.325,0.0
21.326,0.0
21.327,0.0
21.328,0.0
21.329,0.0
21.33,0.0
21.331,0.0
21.332,0.0
21.333,0.0
21.334,0.0
21.335,0.0
21.336,0.0
21.337,0.0
21.338,0.0
21.339,0.0
21.34,0.0
21.341,0.0
21.342,0.0
21.343,0.0
21.344,0.0
21.345,0.0
21.346,0.0
21.347,0.0
21.348,0.0
21.349,0.0
21.35,0.0
21.351,0.0
21.352,0.0
21.353,0.0
21.354,0.0
21.355,0.0
21.356,0.0
21.357,0.0
21.358,0.0
21.359,0.0
21.36,0.0
21.361,0.0
21.362,0.0
21.363,0.0
21.364,0.0
21.365,0.0
21.366,0.0
21.367,0.0
21.368,0.0
21.369,0.0
21.37,0.0
21.371,0.0
21.372,0.0
21.373,0.0
21.374,0.0
21.375,0.0
21.376,0.0
21.377,0.0
21.378,0.0
21.379,0.0
21.38,0.0
21.381,0.0
21.382,0.0
21.383,0.0
21.384,0.0
21.385,0.0
21.386,0.0
21.387,0.0
21.388,0.0
21.389,0.0
21.39,0.0
21.391,0.0
21.392,0.0
21.393,0.0
21.394,0.0
21.395,0.0
21.396,0.0
21.397,0.0
21.398,0.0
21.399,0.0
21.4,0.0
21.401,0.0
21.402,0.0
21.403,0.0
21.404,0.0
21.405,0.0
21.406,0.0
21.407,0.0
21.408,0.0
21.409,0.0
21.41,0.0
21.411,0.0
21.412,0.0
21.413,0.0
21.414,0.0
21.415,0.0
21.416,0.0
21.417,0.0
21.418,0.0
21.419,0.0
21.42,0.0
21.421,0.0
21.422,0.0
21.423,0.0
21.424,0.0
21.425,0.0
21.426,0.0
21.427,0.0
21.428,0.0
21.429,0.0
21.43,0.0
21.431,0.0
21.432,0.0
21.433,0.0
21.434,0.0
21.435,0.0
21.436,0.0
21.437,0.0
21.438,0.0
21.439,0.0
21.44,0.0
21.441,0.0
21.442,0.0
21.443,0.0
21.444,0.0
21.445,0.0
21.446,0.0
21.447,0.0
21.448,0.0
21.449,0.0
21.45,0.0
21.451,0.0
21.452,0.0
21.453,0.0
21.454,0.0
21.455,0.0
21.456,0.0
21.457,0.0
21.458,0.0
21.459,0.0
21.46,0.0
21.461,0.0
21.462,0.0
21.463,0.0
21.464,0.0
21.465,0.0
21.466,0.0
21.467,0.0
21.468,0.0
21.469,0.0
21.47,0.0
21.471,0.0
21.472,0.0
21.473,0.0
21.474,0.0
21.475,0.0
21.476,0.0
21.477,0.0
21.478,0.0
21.479,0.0
21.48,0.0
21.481,0.0
21.482,0.0
21.483,0.0
21.484,0.0
21.485,0.0
21.486,0.0
21.487,0.0
21.488,0.0
21.489,0.0
21.49,0.0
21.491,0.0
21.492,0.0
21.493,0.0
21.494,0.0
21.495,0.0
21.496,0.0
21.497,0.0
21.498,0.0
21.499,0.0
21.5,0.0
21.501,0.0
21.502,0.0
21.503,0.0
21.504,0.0
21.505,0.0
21.506,0.0
21.507,0.0
21.508,0.0
21.509,0.0
21.51,0.0
21.511,0.0
21.512,0.0
21.513,0.0
21.514,0.0
21.515,0.0
21.516,0.0
21.517,0.0
21.518,0.0
21.519,0.0
21.52,0.0
21.521,0.0
21.522,0.0
21.523,0.0
21.524,0.0
21.525,0.0
21.526,0.0
21.527,0.0
21.528,0.0
21.529,0.0
21.53,0.0
21.531,0.0
21.532,0.0
21.533,0.0
21.534,0.0
21.535,0.0
21.536,0.0
21.537,0.0
21.538,0.0
21.539,0.0
21.54,0.0
21.541,0.0
21.542,0.0
21.543,0.0
21.544,0.0
21.545,0.0
21.546,0.0
21.547,0.0
21.548,0.0
21.549,0.0
21.55,0.0
21.551,0.0
21.552,0.0
21.553,0.0
21.554,0.0
21.555,0.0
21.556,0.0
21.557,0.0
21.558,0.0
21.559,0.0
21.56,0.0
21.561,0.0
21.562,0.0
21.563,0.0
21.564,0.0
21.565,0.0
21.566,0.0
21.567,0.0
21.568,0.0
21.569,0.0
21.57,0.0
21.571,0.0
21.572,0.0
21.573,0.0
21.574,0.0
21.575,0.0
21.576,0.0
21.577,0.0
21.578,0.0
21.579,0.0
21.58,0.0
21.581,0.0
21.582,0.0
21.583,0.0
21.584,0.0
21.585,0.0
21.586,0.0
21.587,0.0
21.588,0.0
21.589,0.0
21.59,0.0
21.591,0.0
21.592,0.0
21.593,0.0
21.594,0.0
21.595,0.0
21.596,0.0
21.597,0.0
21.598,0.0
21.599,0.0
21.6,0.0
21.601,0.0
21.602,0.0
21.603,0.0
21.604,0.0
21.605,0.0
21.606,0.0
21.607,0.0
21.608,0.0
21.609,0.0
21.61,0.0
21.611,0.0
21.612,0.0
21.613,0.0
21.614,0.0
21.615,0.0
21.616,0.0
21.617,0.0
21.618,0.0
21.619,0.0
21.62,0.0
21.621,0.0
21.622,0.0
21.623,0.0
21.624,0.0
21.625,0.0
21.626,0.0
21.627,0.0
21.628,0.0
21.629,0.0
21.63,0.0
21.631,0.0
21.632,0.0
21.633,0.0
21.634,0.0
21.635,0.0
21.636,0.0
21.637,0.0
21.638,0.0
21.639,0.0
21.64,0.0
21.641,0.0
21.642,0.0
21.643,0.0
21.644,0.0
21.645,0.0
21.646,0.0
21.647,0.0
21.648,0.0
21.649,0.0
21.65,0.0
21.651,0.0
21.652,0.0
21.653,0.0
21.654,0.0
21.655,0.0
21.656,0.0
21.657,0.0
21.658,0.0
21.659,0.0
21.66,0.0
21.661,0.0
21.662,0.0
21.663,0.0
21.664,0.0
21.665,0.0
21.666,0.0
21.667,0.0
21.668,0.0
21.669,0.0
21.67,0.0
21.671,0.0
21.672,0.0
21.673,0.0
21.674,0.0
21.675,0.0
21.676,0.0
21.677,0.0
21.678,0.0
21.679,0.0
21.68,0.0
21.681,0.0
21.682,0.0
21.683,0.0
21.684,0.0
21.685,0.0
21.686,0.0
21.687,0.0
21.688,0.0
21.689,0.0
21.69,0.0
21.691,0.0
21.692,0.0
21.693,0.0
21.694,0.0
21.695,0.0
21.696,0.0
21.697,0.0
21.698,0.0
21.699,0.0
21.7,0.0
21.701,0.0
21.702,0.0
21.703,0.0
21.704,0.0
21.705,0.0
21.706,0.0
21.707,0.0
21.708,0.0
21.709,0.0
21.71,0.0
21.711,0.0
21.712,0.0
21.713,0.0
21.714,0.0
21.715,0.0
21.716,0.0
21.717,0.0
21.718,0.0
21.719,0.0
21.72,0.0
21.721,0.0
21.722,0.0
21.723,0.0
21.724,0.0
21.725,0.0
21.726,0.0
21.727,0.0
21.728,0.0
21.729,0.0
21.73,0.0
21.731,0.0
21.732,0.0
21.733,0.0
21.734,0.0
21.735,0.0
21.736,0.0
21.737,0.0
21.738,0.0
21.739,0.0
21.74,0.0
21.741,0.0
21.742,0.0
21.743,0.0
21.744,0.0
21.745,0.0
21.746,0.0
21.747,0.0
21.748,0.0
21.749,0.0
21.75,0.0
21.751,0.0
21.752,0.0
21.753,0.0
21.754,0.0
21.755,0.0
21.756,0.0
21.757,0.0
21.758,0.0
21.759,0.0
21.76,0.0
21.761,0.0
21.762,0.0
21.763,0.0
21.764,0.0
21.765,0.0
21.766,0.0
21.767,0.0
21.768,0.0
21.769,0.0
21.77,0.0
21.771,0.0
21.772,0.0
21.773,0.0
21.774,0.0
21.775,0.0
21.776,0.0
21.777,0.0
21.778,0.0
21.779,0.0
21.78,0.0
21.781,0.0
21.782,0.0
21.783,0.0
21.784,0.0
21.785,0.0
21.786,0.0
21.787,0.0
21.788,0.0
21.789,0.0
21.79,0.0
21.791,0.0
21.792,0.0
21.793,0.0
21.794,0.0
21.795,0.0
21.796,0.0
21.797,0.0
21.798,0.0
21.799,0.0
21.8,0.0
21.801,0.0
21.802,0.0
21.803,0.0
21.804,0.0
21.805,0.0
21.806,0.0
21.807,0.0
21.808,0.0
21.809,0.0
21.81,0.0
21.811,0.0
21.812,0.0
21.813,0.0
21.814,0.0
21.815,0.0
21.816,0.0
21.817,0.0
21.818,0.0
21.819,0.0
21.82,0.0
21.821,0.0
21.822,0.0
21.823,0.0
21.824,0.0
21.825,0.0
21.826,0.0
21.827,0.0
21.828,0.0
21.829,0.0
21.83,0.0
21.831,0.0
21.832,0.0
21.833,0.0
21.834,0.0
21.835,0.0
21.836,0.0
21.837,0.0
21.838,0.0
21.839,0.0
21.84,0.0
21.841,0.0
21.842,0.0
21.843,0.0
21.844,0.0
21.845,0.0
21.846,0.0
21.847,0.0
21.848,0.0
21.849,0.0
21.85,0.0
21.851,0.0
21.852,0.0
21.853,0.0
21.854,0.0
21.855,0.0
21.856,0.0
21.857,0.0
21.858,0.0
21.859,0.0
21.86,0.0
21.861,0.0
21.862,0.0
21.863,0.0
21.864,0.0
21.865,0.0
21.866,0.0
21.867,0.0
21.868,0.0
21.869,0.0
21.87,0.0
21.871,0.0
21.872,0.0
21.873,0.0
21.874,0.0
21.875,0.0
21.876,0.0
21.877,0.0
21.878,0.0
21.879,0.0
21.88,0.0
21.881,0.0
21.882,0.0
21.883,0.0
21.884,0.0
21.885,0.0
21.886,0.0
21.887,0.0
21.888,0.0
21.889,0.0
21.89,0.0
21.891,0.0
21.892,0.0
21.893,0.0
21.894,0.0
21.895,0.0
21.896,0.0
21.897,0.0
21.898,0.0
21.899,0.0
21.9,0.0
21.901,0.0
21.902,0.0
21.903,0.0
21.904,0.0
21.905,0.0
21.906,0.0
21.907,0.0
21.908,0.0
21.909,0.0
21.91,0.0
21.911,0.0
21.912,0.0
21.913,0.0
21.914,0.0
21.915,0.0
21.916,0.0
21.917,0.0
21.918,0.0
21.919,0.0
21.92,0.0
21.921,0.0
21.922,0.0
21.923,0.0
21.924,0.0
21.925,0.0
21.926,0.0
21.927,0.0
21.928,0.0
21.929,0.0
21.93,0.0
21.931,0.0
21.932,0.0
21.933,0.0
21.934,0.0
21.935,0.0
21.936,0.0
21.937,0.0
21.938,0.0
21.939,0.0
21.94,0.0
21.941,0.0
21.942,0.0
21.943,0.0
21.944,0.0
21.945,0.0
21.946,0.0
21.947,0.0
21.948,0.0
21.949,0.0
21.95,0.0
21.951,0.0
21.952,0.0
21.953,0.0
21.954,0.0
21.955,0.0
21.956,0.0
21.957,0.0
21.958,0.0
21.959,0.0
21.96,0.0
21.961,0.0
21.962,0.0
21.963,0.0
21.964,0.0
21.965,0.0
21.966,0.0
21.967,0.0
21.968,0.0
21.969,0.0
21.97,0.0
21.971,0.0
21.972,0.0
21.973,0.0
21.974,0.0
21.975,0.0
21.976,0.0
21.977,0.0
21.978,0.0
21.979,0.0
21.98,0.0
21.981,0.0
21.982,0.0
21.983,0.0
21.984,0.0
21.985,0.0
21.986,0.0
21.987,0.0
21.988,0.0
21.989,0.0
21.99,0.0
21.991,0.0
21.992,0.0
21.993,0.0
21.994,0.0
21.995,0.0
21.996,0.0
21.997,0.0
21.998,0.0
21.999,0.0
22.0,0.0
22.001,0.0
22.002,0.0
22.003,0.0
22.004,0.0
22.005,0.0
22.006,0.0
22.007,0.0
22.008,0.0
22.009,0.0
22.01,0.0
22.011,0.0
22.012,0.0
22.013,0.0
22.014,0.0
22.015,0.0
22.016,0.0
22.017,0.0
22.018,0.0
22.019,0.0
22.02,0.0
22.021,0.0
22.022,0.0
22.023,0.0
22.024,0.0
22.025,0.0
22.026,0.0
22.027,0.0
22.028,0.0
22.029,0.0
22.03,0.0
22.031,0.0
22.032,0.0
22.033,0.0
22.034,0.0
22.035,0.0
22.036,0.0
22.037,0.0
22.038,0.0
22.039,0.0
22.04,0.0
22.041,0.0
22.042,0.0
22.043,0.0
22.044,0.0
22.045,0.0
22.046,0.0
22.047,0.0
22.048,0.0
22.049,0.0
22.05,0.0
22.051,0.0
22.052,0.0
22.053,0.0
22.054,0.0
22.055,0.0
22.056,0.0
22.057,0.0
22.058,0.0
22.059,0.0
22.06,0.0
22.061,0.0
22.062,0.0
22.063,0.0
22.064,0.0
22.065,0.0
22.066,0.0
22.067,0.0
22.068,0.0
22.069,0.0
22.07,0.0
22.071,0.0
22.072,0.0
22.073,0.0
22.074,0.0
22.075,0.0
22.076,0.0
22.077,0.0
22.078,0.0
22.079,0.0
22.08,0.0
22.081,0.0
22.082,0.0
22.083,0.0
22.084,0.0
22.085,0.0
22.086,0.0
22.087,0.0
22.088,0.0
22.089,0.0
22.09,0.0
22.091,0.0
22.092,0.0
22.093,0.0
22.094,0.0
22.095,0.0
22.096,0.0
22.097,0.0
22.098,0.0
22.099,0.0
22.1,0.0
22.101,0.0
22.102,0.0
22.103,0.0
22.104,0.0
22.105,0.0
22.106,0.0
22.107,0.0
22.108,0.0
22.109,0.0
22.11,0.0
22.111,0.0
22.112,0.0
22.113,0.0
22.114,0.0
22.115,0.0
22.116,0.0
22.117,0.0
22.118,0.0
22.119,0.0
22.12,0.0
22.121,0.0
22.122,0.0
22.123,0.0
22.124,0.0
22.125,0.0
22.126,0.0
22.127,0.0
22.128,0.0
22.129,0.0
22.13,0.0
22.131,0.0
22.132,0.0
22.133,0.0
22.134,0.0
22.135,0.0
22.136,0.0
22.137,0.0
22.138,0.0
22.139,0.0
22.14,0.0
22.141,0.0
22.142,0.0
22.143,0.0
22.144,0.0
22.145,0.0
22.146,0.0
22.147,0.0
22.148,0.0
22.149,0.0
22.15,0.0
22.151,0.0
22.152,0.0
22.153,0.0
22.154,0.0
22.155,0.0
22.156,0.0
22.157,0.0
22.158,0.0
22.159,0.0
22.16,0.0
22.161,0.0
22.162,0.0
22.163,0.0
22.164,0.0
22.165,0.0
22.166,0.0
22.167,0.0
22.168,0.0
22.169,0.0
22.17,0.0
22.171,0.0
22.172,0.0
22.173,0.0
22.174,0.0
22.175,0.0
22.176,0.0
22.177,0.0
22.178,0.0
22.179,0.0
22.18,0.0
22.181,0.0
22.182,0.0
22.183,0.0
22.184,0.0
22.185,0.0
22.186,0.0
22.187,0.0
22.188,0.0
22.189,0.0
22.19,0.0
22.191,0.0
22.192,0.0
22.193,0.0
22.194,0.0
22.195,0.0
22.196,0.0
22.197,0.0
22.198,0.0
22.199,0.0
22.2,0.0
22.201,0.0
22.202,0.0
22.203,0.0
22.204,0.0
22.205,0.0
22.206,0.0
22.207,0.0
22.208,0.0
22.209,0.0
22.21,0.0
22.211,0.0
22.212,0.0
22.213,0.0
22.214,0.0
22.215,0.0
22.216,0.0
22.217,0.0
22.218,0.0
22.219,0.0
22.22,0.0
22.221,0.0
22.222,0.0
22.223,0.0
22.224,0.0
22.225,0.0
22.226,0.0
22.227,0.0
22.228,0.0
22.229,0.0
22.23,0.0
22.231,0.0
22.232,0.0
22.233,0.0
22.234,0.0
22.235,0.0
22.236,0.0
22.237,0.0
22.238,0.0
22.239,0.0
22.24,0.0
22.241,0.0
22.242,0.0
22.243,0.0
22.244,0.0
22.245,0.0
22.246,0.0
22.247,0.0
22.248,0.0
22.249,0.0
22.25,0.0
22.251,0.0
22.252,0.0
22.253,0.0
22.254,0.0
22.255,0.0
22.256,0.0
22.257,0.0
22.258,0.0
22.259,0.0
22.26,0.0
22.261,0.0
22.262,0.0
22.263,0.0
22.264,0.0
22.265,0.0
22.266,0.0
22.267,0.0
22.268,0.0
22.269,0.0
22.27,0.0
22.271,0.0
22.272,0.0
22.273,0.0
22.274,0.0
22.275,0.0
22.276,0.0
22.277,0.0
22.278,0.0
22.279,0.0
22.28,0.0
22.281,0.0
22.282,0.0
22.283,0.0
22.284,0.0
22.285,0.0
22.286,0.0
22.287,0.0
22.288,0.0
22.289,0.0
22.29,0.0
22.291,0.0
22.292,0.0
22.293,0.0
22.294,0.0
22.295,0.0
22.296,0.0
22.297,0.0
22.298,0.0
22.299,0.0
22.3,0.0
22.301,0.0
22.302,0.0
22.303,0.0
22.304,0.0
22.305,0.0
22.306,0.0
22.307,0.0
22.308,0.0
22.309,0.0
22.31,0.0
22.311,0.0
22.312,0.0
22.313,0.0
22.314,0.0
22.315,0.0
22.316,0.0
22.317,0.0
22.318,0.0
22.319,0.0
22.32,0.0
22.321,0.0
22.322,0.0
22.323,0.0
22.324,0.0
22.325,0.0
22.326,0.0
22.327,0.0
22.328,0.0
22.329,0.0
22.33,0.0
22.331,0.0
22.332,0.0
22.333,0.0
22.334,0.0
22.335,0.0
22.336,0.0
22.337,0.0
22.338,0.0
22.339,0.0
22.34,0.0
22.341,0.0
22.342,0.0
22.343,0.0
22.344,0.0
22.345,0.0
22.346,0.0
22.347,0.0
22.348,0.0
22.349,0.0
22.35,0.0
22.351,0.0
22.352,0.0
22.353,0.0
22.354,0.0
22.355,0.0
22.356,0.0
22.357,0.0
22.358,0.0
22.359,0.0
22.36,0.0
22.361,0.0
22.362,0.0
22.363,0.0
22.364,0.0
22.365,0.0
22.366,0.0
22.367,0.0
22.368,0.0
22.369,0.0
22.37,0.0
22.371,0.0
22.372,0.0
22.373,0.0
22.374,0.0
22.375,0.0
22.376,0.0
22.377,0.0
22.378,0.0
22.379,0.0
22.38,0.0
22.381,0.0
22.382,0.0
22.383,0.0
22.384,0.0
22.385,0.0
22.386,0.0
22.387,0.0
22.388,0.0
22.389,0.0
22.39,0.0
22.391,0.0
22.392,0.0
22.393,0.0
22.394,0.0
22.395,0.0
22.396,0.0
22.397,0.0
22.398,0.0
22.399,0.0
22.4,0.0
22.401,0.0
22.402,0.0
22.403,0.0
22.404,0.0
22.405,0.0
22.406,0.0
22.407,0.0
22.408,0.0
22.409,0.0
22.41,0.0
22.411,0.0
22.412,0.0
22.413,0.0
22.414,0.0
22.415,0.0
22.416,0.0
22.417,0.0
22.418,0.0
22.419,0.0
22.42,0.0
22.421,0.0
22.422,0.0
22.423,0.0
22.424,0.0
22.425,0.0
22.426,0.0
22.427,0.0
22.428,0.0
22.429,0.0
22.43,0.0
22.431,0.0
22.432,0.0
22.433,0.0
22.434,0.0
22.435,0.0
22.436,0.0
22.437,0.0
22.438,0.0
22.439,0.0
22.44,0.0
22.441,0.0
22.442,0.0
22.443,0.0
22.444,0.0
22.445,0.0
22.446,0.0
22.447,0.0
22.448,0.0
22.449,0.0
22.45,0.0
22.451,0.0
22.452,0.0
22.453,0.0
22.454,0.0
22.455,0.0
22.456,0.0
22.457,0.0
22.458,0.0
22.459,0.0
22.46,0.0
22.461,0.0
22.462,0.0
22.463,0.0
22.464,0.0
22.465,0.0
22.466,0.0
22.467,0.0
22.468,0.0
22.469,0.0
22.47,0.0
22.471,0.0
22.472,0.0
22.473,0.0
22.474,0.0
22.475,0.0
22.476,0.0
22.477,0.0
22.478,0.0
22.479,0.0
22.48,0.0
22.481,0.0
22.482,0.0
22.483,0.0
22.484,0.0
22.485,0.0
22.486,0.0
22.487,0.0
22.488,0.0
22.489,0.0
22.49,0.0
22.491,0.0
22.492,0.0
22.493,0.0
22.494,0.0
22.495,0.0
22.496,0.0
22.497,0.0
22.498,0.0
22.499,0.0
22.5,0.0
22.501,0.0
22.502,0.0
22.503,0.0
22.504,0.0
22.505,0.0
22.506,0.0
22.507,0.0
22.508,0.0
22.509,0.0
22.51,0.0
22.511,0.0
22.512,0.0
22.513,0.0
22.514,0.0
22.515,0.0
22.516,0.0
22.517,0.0
22.518,0.0
22.519,0.0
22.52,0.0
22.521,0.0
22.522,0.0
22.523,0.0
22.524,0.0
22.525,0.0
22.526,0.0
22.527,0.0
22.528,0.0
22.529,0.0
22.53,0.0
22.531,0.0
22.532,0.0
22.533,0.0
22.534,0.0
22.535,0.0
22.536,0.0
22.537,0.0
22.538,0.0
22.539,0.0
22.54,0.0
22.541,0.0
22.542,0.0
22.543,0.0
22.544,0.0
22.545,0.0
22.546,0.0
22.547,0.0
22.548,0.0
22.549,0.0
22.55,0.0
22.551,0.0
22.552,0.0
22.553,0.0
22.554,0.0
22.555,0.0
22.556,0.0
22.557,0.0
22.558,0.0
22.559,0.0
22.56,0.0
22.561,0.0
22.562,0.0
22.563,0.0
22.564,0.0
22.565,0.0
22.566,0.0
22.567,0.0
22.568,0.0
22.569,0.0
22.57,0.0
22.571,0.0
22.572,0.0
22.573,0.0
22.574,0.0
22.575,0.0
22.576,0.0
22.577,0.0
22.578,0.0
22.579,0.0
22.58,0.0
22.581,0.0
22.582,0.0
22.583,0.0
22.584,0.0
22.585,0.0
22.586,0.0
22.587,0.0
22.588,0.0
22.589,0.0
22.59,0.0
22.591,0.0
22.592,0.0
22.593,0.0
22.594,0.0
22.595,0.0
22.596,0.0
22.597,0.0
22.598,0.0
22.599,0.0
22.6,0.0
22.601,0.0
22.602,0.0
22.603,0.0
22.604,0.0
22.605,0.0
22.606,0.0
22.607,0.0
22.608,0.0
22.609,0.0
22.61,0.0
22.611,0.0
22.612,0.0
22.613,0.0
22.614,0.0
22.615,0.0
22.616,0.0
22.617,0.0
22.618,0.0
22.619,0.0
22.62,0.0
22.621,0.0
22.622,0.0
22.623,0.0
22.624,0.0
22.625,0.0
22.626,0.0
22.627,0.0
22.628,0.0
22.629,0.0
22.63,0.0
22.631,0.0
22.632,0.0
22.633,0.0
22.634,0.0
22.635,0.0
22.636,0.0
22.637,0.0
22.638,0.0
22.639,0.0
22.64,0.0
22.641,0.0
22.642,0.0
22.643,0.0
22.644,0.0
22.645,0.0
22.646,0.0
22.647,0.0
22.648,0.0
22.649,0.0
22.65,0.0
22.651,0.0
22.652,0.0
22.653,0.0
22.654,0.0
22.655,0.0
22.656,0.0
22.657,0.0
22.658,0.0
22.659,0.0
22.66,0.0
22.661,0.0
22.662,0.0
22.663,0.0
22.664,0.0
22.665,0.0
22.666,0.0
22.667,0.0
22.668,0.0
22.669,0.0
22.67,0.0
22.671,0.0
22.672,0.0
22.673,0.0
22.674,0.0
22.675,0.0
22.676,0.0
22.677,0.0
22.678,0.0
22.679,0.0
22.68,0.0
22.681,0.0
22.682,0.0
22.683,0.0
22.684,0.0
22.685,0.0
22.686,0.0
22.687,0.0
22.688,0.0
22.689,0.0
22.69,0.0
22.691,0.0
22.692,0.0
22.693,0.0
22.694,0.0
22.695,0.0
22.696,0.0
22.697,0.0
22.698,0.0
22.699,0.0
22.7,0.0
22.701,0.0
22.702,0.0
22.703,0.0
22.704,0.0
22.705,0.0
22.706,0.0
22.707,0.0
22.708,0.0
22.709,0.0
22.71,0.0
22.711,0.0
22.712,0.0
22.713,0.0
22.714,0.0
22.715,0.0
22.716,0.0
22.717,0.0
22.718,0.0
22.719,0.0
22.72,0.0
22.721,0.0
22.722,0.0
22.723,0.0
22.724,0.0
22.725,0.0
22.726,0.0
22.727,0.0
22.728,0.0
22.729,0.0
22.73,0.0
22.731,0.0
22.732,0.0
22.733,0.0
22.734,0.0
22.735,0.0
22.736,0.0
22.737,0.0
22.738,0.0
22.739,0.0
22.74,0.0
22.741,0.0
22.742,0.0
22.743,0.0
22.744,0.0
22.745,0.0
22.746,0.0
22.747,0.0
22.748,0.0
22.749,0.0
22.75,0.0
22.751,0.0
22.752,0.0
22.753,0.0
22.754,0.0
22.755,0.0
22.756,0.0
22.757,0.0
22.758,0.0
22.759,0.0
22.76,0.0
22.761,0.0
22.762,0.0
22.763,0.0
22.764,0.0
22.765,0.0
22.766,0.0
22.767,0.0
22.768,0.0
22.769,0.0
22.77,0.0
22.771,0.0
22.772,0.0
22.773,0.0
22.774,0.0
22.775,0.0
22.776,0.0
22.777,0.0
22.778,0.0
22.779,0.0
22.78,0.0
22.781,0.0
22.782,0.0
22.783,0.0
22.784,0.0
22.785,0.0
22.786,0.0
22.787,0.0
22.788,0.0
22.789,0.0
22.79,0.0
22.791,0.0
22.792,0.0
22.793,0.0
22.794,0.0
22.795,0.0
22.796,0.0
22.797,0.0
22.798,0.0
22.799,0.0
22.8,0.0
22.801,0.0
22.802,0.0
22.803,0.0
22.804,0.0
22.805,0.0
22.806,0.0
22.807,0.0
22.808,0.0
22.809,0.0
22.81,0.0
22.811,0.0
22.812,0.0
22.813,0.0
22.814,0.0
22.815,0.0
22.816,0.0
22.817,0.0
22.818,0.0
22.819,0.0
22.82,0.0
22.821,0.0
22.822,0.0
22.823,0.0
22.824,0.0
22.825,0.0
22.826,0.0
22.827,0.0
22.828,0.0
22.829,0.0
22.83,0.0
22.831,0.0
22.832,0.0
22.833,0.0
22.834,0.0
22.835,0.0
22.836,0.0
22.837,0.0
22.838,0.0
22.839,0.0
22.84,0.0
22.841,0.0
22.842,0.0
22.843,0.0
22.844,0.0
22.845,0.0
22.846,0.0
22.847,0.0
22.848,0.0
22.849,0.0
22.85,0.0
22.851,0.0
22.852,0.0
22.853,0.0
22.854,0.0
22.855,0.0
22.856,0.0
22.857,0.0
22.858,0.0
22.859,0.0
22.86,0.0
22.861,0.0
22.862,0.0
22.863,0.0
22.864,0.0
22.865,0.0
22.866,0.0
22.867,0.0
22.868,0.0
22.869,0.0
22.87,0.0
22.871,0.0
22.872,0.0
22.873,0.0
22.874,0.0
22.875,0.0
22.876,0.0
22.877,0.0
22.878,0.0
22.879,0.0
22.88,0.0
22.881,0.0
22.882,0.0
22.883,0.0
22.884,0.0
22.885,0.0
22.886,0.0
22.887,0.0
22.888,0.0
22.889,0.0
22.89,0.0
22.891,0.0
22.892,0.0
22.893,0.0
22.894,0.0
22.895,0.0
22.896,0.0
22.897,0.0
22.898,0.0
22.899,0.0
22.9,0.0
22.901,0.0
22.902,0.0
22.903,0.0
22.904,0.0
22.905,0.0
22.906,0.0
22.907,0.0
22.908,0.0
22.909,0.0
22.91,0.0
22.911,0.0
22.912,0.0
22.913,0.0
22.914,0.0
22.915,0.0
22.916,0.0
22.917,0.0
22.918,0.0
22.919,0.0
22.92,0.0
22.921,0.0
22.922,0.0
22.923,0.0
22.924,0.0
22.925,0.0
22.926,0.0
22.927,0.0
22.928,0.0
22.929,0.0
22.93,0.0
22.931,0.0
22.932,0.0
22.933,0.0
22.934,0.0
22.935,0.0
22.936,0.0
22.937,0.0
22.938,0.0
22.939,0.45
22.94,0.45
22.941,0.45
22.942,0.45
22.943,0.45
22.944,0.45
22.945,0.45
22.946,0.45
22.947,0.45
22.948,0.45
22.949,0.45
22.95,0.45
22.951,0.45
22.952,0.45
22.953,0.45
22.954,0.45
22.955,0.45
22.956,0.45
22.957,0.45
22.958,0.45
22.959,0.45
22.96,0.45
22.961,0.45
22.962,0.45
22.963,0.45
22.964,0.45
22.965,0.45
22.966,0.45
22.967,0.45
22.968,0.45
22.969,0.45
22.97,0.45
22.971,0.45
22.972,0.45
22.973,0.45
22.974,0.45
22.975,0.45
22.976,0.45
22.977,0.45
22.978,0.45
22.979,0.45
22.98,0.45
22.981,0.45
22.982,0.45
22.983,0.45
22.984,0.45
22.985,0.45
22.986,0.45
22.987,0.45
22.988,0.45
22.989,0.45
22.99,0.45
22.991,0.45
22.992,0.45
22.993,0.45
22.994,0.45
22.995,0.45
22.996,0.45
22.997,0.45
22.998,0.45
22.999,0.45
23.0,0.45
23.001,0.45
23.002,0.45
23.003,0.45
23.004,0.45
23.005,0.45
23.006,0.45
23.007,0.45
23.008,0.45
23.009,0.45
23.01,0.45
23.011,0.45
23.012,0.45
23.013,0.45
23.014,0.45
23.015,0.45
23.016,0.45
23.017,0.45
23.018,0.45
23.019,0.45
23.02,0.45
23.021,0.45
23.022,0.45
23.023,0.45
23.024,0.45
23.025,0.45
23.026,0.45
23.027,0.45
23.028,0.45
23.029,0.45
23.03,0.45
23.031,0.45
23.032,0.45
23.033,0.45
23.034,0.45
23.035,0.45
23.036,0.45
23.037,0.45
23.038,0.45
23.039,0.45
23.04,0.45
23.041,0.45
23.042,0.45
23.043,0.45
23.044,0.45
23.045,0.45
23.046,0.45
23.047,0.45
23.048,0.45
23.049,0.45
23.05,0.45
23.051,0.45
23.052,0.45
23.053,0.45
23.054,0.45
23.055,0.45
23.056,0.45
23.057,0.45
23.058,0.45
23.059,0.45
23.06,0.45
23.061,0.45
23.062,0.45
23.063,0.45
23.064,0.45
23.065,0.45
23.066,0.45
23.067,0.45
23.068,0.45
23.069,0.45
23.07,0.45
23.071,0.45
23.072,0.45
23.073,0.45
23.074,0.45
23.075,0.45
23.076,0.45
23.077,0.45
23.078,0.45
23.079,0.45
23.08,0.45
23.081,0.45
23.082,0.45
23.083,0.45
23.084,0.45
23.085,0.45
23.086,0.45
23.087,0.45
23.088,0.45
23.089,0.45
23.09,0.45
23.091,0.45
23.092,0.45
23.093,0.45
23.094,0.45
23.095,0.45
23.096,0.45
23.097,0.45
23.098,0.45
23.099,0.45
23.1,0.45
23.101,0.45
23.102,0.45
23.103,0.45
23.104,0.45
23.105,0.45
23.106,0.45
23.107,0.45
23.108,0.45
23.109,0.45
23.11,0.45
23.111,0.45
23.112,0.45
23.113,0.45
23.114,0.45
23.115,0.45
23.116,0.45
23.117,0.45
23.118,0.45
23.119,0.45
23.12,0.45
23.121,0.45
23.122,0.45
23.123,0.45
23.124,0.45
23.125,0.45
23.126,0.45
23.127,0.45
23.128,0.45
23.129,0.45
23.13,0.45
23.131,0.45
23.132,0.45
23.133,0.45
23.134,0.45
23.135,0.45
23.136,0.45
23.137,0.45
23.138,0.45
23.139,0.45
23.14,0.45
23.141,0.45
23.142,0.45
23.143,0.45
23.144,0.45
23.145,0.45
23.146,0.45
23.147,0.45
23.148,0.45
23.149,0.45
23.15,0.45
23.151,0.45
23.152,0.45
23.153,0.45
23.154,0.45
23.155,0.45
23.156,0.45
23.157,0.45
23.158,0.45
23.159,0.45
23.16,0.45
23.161,0.45
23.162,0.45
23.163,0.45
23.164,0.45
23.165,0.45
23.166,0.45
23.167,0.45
23.168,0.45
23.169,0.45
23.17,0.45
23.171,0.45
23.172,0.45
23.173,0.45
23.174,0.45
23.175,0.45
23.176,0.45
23.177,0.45
23.178,0.45
23.179,0.45
23.18,0.45
23.181,0.45
23.182,0.45
23.183,0.45
23.184,0.45
23.185,0.45
23.186,0.45
23.187,0.45
23.188,0.45
23.189,0.45
23.19,0.45
23.191,0.45
23.192,0.45
23.193,0.45
23.194,0.45
23.195,0.45
23.196,0.45
23.197,0.45
23.198,0.45
23.199,0.45
23.2,0.45
23.201,0.45
23.202,0.45
23.203,0.45
23.204,0.45
23.205,0.45
23.206,0.45
23.207,0.45
23.208,0.45
23.209,0.45
23.21,0.45
23.211,0.45
23.212,0.45
23.213,0.45
23.214,0.45
23.215,0.45
23.216,0.45
23.217,0.45
23.218,0.45
23.219,0.45
23.22,0.45
23.221,0.45
23.222,0.45
23.223,0.45
23.224,0.45
23.225,0.45
23.226,0.45
23.227,0.45
23.228,0.45
23.229,0.45
23.23,0.45
23.231,0.45
23.232,0.45
23.233,0.45
23.234,0.45
23.235,0.45
23.236,0.45
23.237,0.45
23.238,0.45
23.239,0.45
23.24,0.45
23.241,0.45
23.242,0.45
23.243,0.45
23.244,0.45
23.245,0.45
23.246,0.45
23.247,0.45
23.248,0.45
23.249,0.45
23.25,0.45
23.251,0.45
23.252,0.45
23.253,0.45
23.254,0.45
23.255,0.45
23.256,0.45
23.257,0.45
23.258,0.45
23.259,0.45
23.26,0.45
23.261,0.45
23.262,0.45
23.263,0.45
23.264,0.45
23.265,0.45
23.266,0.45
23.267,0.45
23.268,0.45
23.269,0.45
23.27,0.45
23.271,0.45
23.272,0.45
23.273,0.45
23.274,0.45
23.275,0.45
23.276,0.45
23.277,0.45
23.278,0.45
23.279,0.45
23.28,0.45
23.281,0.45
23.282,0.45
23.283,0.45
23.284,0.45
23.285,0.45
23.286,0.45
23.287,0.45
23.288,0.45
23.289,0.45
23.29,0.45
23.291,0.45
23.292,0.45
23.293,0.45
23.294,0.45
23.295,0.45
23.296,0.45
23.297,0.45
23.298,0.45
23.299,0.45
23.3,0.45
23.301,0.45
23.302,0.45
23.303,0.45
23.304,0.45
23.305,0.45
23.306,0.45
23.307,0.45
23.308,0.45
23.309,0.45
23.31,0.45
23.311,0.45
23.312,0.45
23.313,0.45
23.314,0.45
23.315,0.45
23.316,0.45
23.317,0.45
23.318,0.45
23.319,0.45
23.32,0.45
23.321,0.45
23.322,0.45
23.323,0.45
23.324,0.45
23.325,0.45
23.326,0.45
23.327,0.45
23.328,0.45
23.329,0.45
23.33,0.45
23.331,0.45
23.332,0.45
23.333,0.45
23.334,0.45
23.335,0.45
23.336,0.45
23.337,0.45
23.338,0.45
23.339,0.45
23.34,0.45
23.341,0.45
23.342,0.45
23.343,0.45
23.344,0.45
23.345,0.45
23.346,0.45
23.347,0.45
23.348,0.45
23.349,0.45
23.35,0.45
23.351,0.45
23.352,0.45
23.353,0.45
23.354,0.45
23.355,0.45
23.356,0.45
23.357,0.45
23.358,0.45
23.359,0.45
23.36,0.45
23.361,0.45
23.362,0.45
23.363,0.45
23.364,0.45
23.365,0.45
23.366,0.45
23.367,0.45
23.368,0.45
23.369,0.45
23.37,0.45
23.371,0.45
23.372,0.45
23.373,0.45
23.374,0.45
23.375,0.45
23.376,0.45
23.377,0.45
23.378,0.45
23.379,0.45
23.38,0.45
23.381,0.45
23.382,0.45
23.383,0.45
23.384,0.45
23.385,0.45
23.386,0.45
23.387,0.45
23.388,0.45
23.389,0.45
23.39,0.45
23.391,0.45
23.392,0.45
23.393,0.45
23.394,0.45
23.395,0.45
23.396,0.45
23.397,0.45
23.398,0.45
23.399,0.45
23.4,0.45
23.401,0.45
23.402,0.45
23.403,0.45
23.404,0.45
23.405,0.45
23.406,0.45
23.407,0.45
23.408,0.45
23.409,0.45
23.41,0.45
23.411,0.45
23.412,0.45
23.413,0.45
23.414,0.45
23.415,0.45
23.416,0.45
23.417,0.45
23.418,0.45
23.419,0.45
23.42,0.45
23.421,0.45
23.422,0.45
23.423,0.45
23.424,0.45
23.425,0.45
23.426,0.45
23.427,0.45
23.428,0.45
23.429,0.45
23.43,0.45
23.431,0.45
23.432,0.45
23.433,0.45
23.434,0.45
23.435,0.45
23.436,0.45
23.437,0.45
23.438,0.45
23.439,0.45
23.44,0.45
23.441,0.45
23.442,0.45
23.443,0.45
23.444,0.45
23.445,0.45
23.446,0.45
23.447,0.45
23.448,0.45
23.449,0.45
23.45,0.45
23.451,0.45
23.452,0.45
23.453,0.45
23.454,0.45
23.455,0.45
23.456,0.45
23.457,0.45
23.458,0.45
23.459,0.45
23.46,0.45
23.461,0.45
23.462,0.45
23.463,0.45
23.464,0.45
23.465,0.45
23.466,0.45
23.467,0.45
23.468,0.45
23.469,0.45
23.47,0.45
23.471,0.45
23.472,0.45
23.473,0.45
23.474,0.45
23.475,0.45
23.476,0.45
23.477,0.45
23.478,0.45
23.479,0.45
23.48,0.45
23.481,0.45
23.482,0.45
23.483,0.45
23.484,0.45
23.485,0.45
23.486,0.45
23.487,0.45
23.488,0.45
23.489,0.45
23.49,0.45
23.491,0.45
23.492,0.45
23.493,0.45
23.494,0.45
23.495,0.45
23.496,0.45
23.497,0.45
23.498,0.45
23.499,0.45
23.5,0.45
23.501,0.45
23.502,0.45
23.503,0.45
23.504,0.45
23.505,0.45
23.506,0.45
23.507,0.45
23.508,0.45
23.509,0.45
23.51,0.45
23.511,0.45
23.512,0.45
23.513,0.45
23.514,0.45
23.515,0.45
23.516,0.45
23.517,0.45
23.518,0.45
23.519,0.45
23.52,0.45
23.521,0.45
23.522,0.45
23.523,0.45
23.524,0.45
23.525,0.45
23.526,0.45
23.527,0.45
23.528,0.45
23.529,0.45
23.53,0.45
23.531,0.45
23.532,0.45
23.533,0.45
23.534,0.45
23.535,0.45
23.536,0.45
23.537,0.45
23.538,0.45
23.539,0.45
23.54,0.45
23.541,0.45
23.542,0.45
23.543,0.45
23.544,0.45
23.545,0.45
23.546,0.45
23.547,0.45
23.548,0.45
23.549,0.45
23.55,0.45
23.551,0.45
23.552,0.45
23.553,0.45
23.554,0.45
23.555,0.45
23.556,0.45
23.557,0.45
23.558,0.45
23.559,0.45
23.56,0.45
23.561,0.45
23.562,0.45
23.563,0.45
23.564,0.45
23.565,0.45
23.566,0.45
23.567,0.45
23.568,0.45
23.569,0.45
23.57,0.45
23.571,0.45
23.572,0.45
23.573,0.45
23.574,0.45
23.575,0.45
23.576,0.45
23.577,0.45
23.578,0.45
23.579,0.45
23.58,0.45
23.581,0.45
23.582,0.45
23.583,0.45
23.584,0.45
23.585,0.45
23.586,0.45
23.587,0.45
23.588,0.45
23.589,0.45
23.59,0.45
23.591,0.45
23.592,0.45
23.593,0.45
23.594,0.45
23.595,0.45
23.596,0.45
23.597,0.45
23.598,0.45
23.599,0.45
23.6,0.45
23.601,0.45
23.602,0.45
23.603,0.45
23.604,0.45
23.605,0.45
23.606,0.45
23.607,0.45
23.608,0.45
23.609,0.45
23.61,0.45
23.611,0.45
23.612,0.45
23.613,0.45
23.614,0.45
23.615,0.45
23.616,0.45
23.617,0.45
23.618,0.45
23.619,0.45
23.62,0.45
23.621,0.45
23.622,0.45
23.623,0.45
23.624,0.45
23.625,0.45
23.626,0.45
23.627,0.45
23.628,0.45
23.629,0.45
23.63,0.45
23.631,0.45
23.632,0.45
23.633,0.45
23.634,0.45
23.635,0.45
23.636,0.45
23.637,0.45
23.638,0.45
23.639,0.45
23.64,0.45
23.641,0.45
23.642,0.45
23.643,0.45
23.644,0.45
23.645,0.45
23.646,0.45
23.647,0.45
23.648,0.45
23.649,0.45
23.65,0.45
23.651,0.45
23.652,0.45
23.653,0.45
23.654,0.45
23.655,0.45
23.656,0.45
23.657,0.45
23.658,0.45
23.659,0.45
23.66,0.45
23.661,0.45
23.662,0.45
23.663,0.45
23.664,0.45
23.665,0.45
23.666,0.45
23.667,0.45
23.668,0.45
23.669,0.45
23.67,0.45
23.671,0.45
23.672,0.45
23.673,0.45
23.674,0.45
23.675,0.45
23.676,0.45
23.677,0.45
23.678,0.45
23.679,0.45
23.68,0.45
23.681,0.45
23.682,0.45
23.683,0.45
23.684,0.45
23.685,0.45
23.686,0.45
23.687,0.45
23.688,0.45
23.689,0.45
23.69,0.45
23.691,0.45
23.692,0.45
23.693,0.45
23.694,0.45
23.695,0.45
23.696,0.45
23.697,0.45
23.698,0.45
23.699,0.45
23.7,0.45
23.701,0.45
23.702,0.45
23.703,0.45
23.704,0.45
23.705,0.45
23.706,0.45
23.707,0.45
23.708,0.45
23.709,0.45
23.71,0.45
23.711,0.45
23.712,0.45
23.713,0.45
23.714,0.45
23.715,0.45
23.716,0.45
23.717,0.45
23.718,0.45
23.719,0.45
23.72,0.45
23.721,0.45
23.722,0.45
23.723,0.45
23.724,0.45
23.725,0.45
23.726,0.45
23.727,0.45
23.728,0.45
23.729,0.45
23.73,0.45
23.731,0.45
23.732,0.45
23.733,0.45
23.734,0.45
23.735,0.45
23.736,0.45
23.737,0.45
23.738,0.45
23.739,0.45
23.74,0.45
23.741,0.45
23.742,0.45
23.743,0.45
23.744,0.45
23.745,0.45
23.746,0.45
23.747,0.45
23.748,0.45
23.749,0.45
23.75,0.45
23.751,0.45
23.752,0.45
23.753,0.45
23.754,0.45
23.755,0.45
23.756,0.45
23.757,0.45
23.758,0.45
23.759,0.45
23.76,0.45
23.761,0.45
23.762,0.45
23.763,0.45
23.764,0.45
23.765,0.45
23.766,0.45
23.767,0.45
23.768,0.45
23.769,0.45
23.77,0.45
23.771,0.45
23.772,0.45
23.773,0.45
23.774,0.45
23.775,0.45
23.776,0.45
23.777,0.45
23.778,0.45
23.779,0.45
23.78,0.45
23.781,0.45
23.782,0.45
23.783,0.45
23.784,0.45
23.785,0.45
23.786,0.45
23.787,0.45
23.788,0.45
23.789,0.45
23.79,0.45
23.791,0.45
23.792,0.45
23.793,0.45
23.794,0.45
23.795,0.45
23.796,0.45
23.797,0.45
23.798,0.45
23.799,0.45
23.8,0.45
23.801,0.45
23.802,0.45
23.803,0.45
23.804,0.45
23.805,0.45
23.806,0.45
23.807,0.45
23.808,0.45
23.809,0.45
23.81,0.45
23.811,0.45
23.812,0.45
23.813,0.45
23.814,0.45
23.815,0.45
23.816,0.45
23.817,0.45
23.818,0.45
23.819,0.45
23.82,0.45
23.821,0.45
23.822,0.45
23.823,0.45
23.824,0.45
23.825,0.45
23.826,0.45
23.827,0.45
23.828,0.45
23.829,0.45
23.83,0.45
23.831,0.45
23.832,0.45
23.833,0.45
23.834,0.45
23.835,0.45
23.836,0.45
23.837,0.45
23.838,0.45
23.839,0.45
23.84,0.45
23.841,0.45
23.842,0.45
23.843,0.45
23.844,0.45
23.845,0.45
23.846,0.45
23.847,0.45
23.848,0.45
23.849,0.45
23.85,0.45
23.851,0.45
23.852,0.45
23.853,0.45
23.854,0.45
23.855,0.45
23.856,0.45
23.857,0.45
23.858,0.45
23.859,0.45
23.86,0.45
23.861,0.45
23.862,0.45
23.863,0.45
23.864,0.45
23.865,0.45
23.866,0.45
23.867,0.45
23.868,0.45
23.869,0.45
23.87,0.45
23.871,0.45
23.872,0.45
23.873,0.45
23.874,0.45
23.875,0.45
23.876,0.45
23.877,0.45
23.878,0.45
23.879,0.45
23.88,0.45
23.881,0.45
23.882,0.45
23.883,0.45
23.884,0.45
23.885,0.45
23.886,0.45
23.887,0.45
23.888,0.45
23.889,0.45
23.89,0.45
23.891,0.45
23.892,0.45
23.893,0.45
23.894,0.45
23.895,0.45
23.896,0.45
23.897,0.45
23.898,0.45
23.899,0.45
23.9,0.45
23.901,0.45
23.902,0.45
23.903,0.45
23.904,0.45
23.905,0.45
23.906,0.45
23.907,0.45
23.908,0.45
23.909,0.45
23.91,0.45
23.911,0.45
23.912,0.45
23.913,0.45
23.914,0.45
23.915,0.45
23.916,0.45
23.917,0.45
23.918,0.45
23.919,0.45
23.92,0.45
23.921,0.45
23.922,0.45
23.923,0.45
23.924,0.45
23.925,0.45
23.926,0.45
23.927,0.45
23.928,0.45
23.929,0.45
23.93,0.45
23.931,0.45
23.932,0.45
23.933,0.45
23.934,0.45
23.935,0.45
23.936,0.45
23.937,0.45
23.938,0.45
23.939,0.45
23.94,0.45
23.941,0.45
23.942,0.45
23.943,0.45
23.944,0.45
23.945,0.45
23.946,0.45
23.947,0.45
23.948,0.45
23.949,0.45
23.95,0.45
23.951,0.45
23.952,0.45
23.953,0.45
23.954,0.45
23.955,0.45
23.956,0.45
23.957,0.45
23.958,0.45
23.959,0.45
23.96,0.45
23.961,0.45
23.962,0.45
23.963,0.45
23.964,0.45
23.965,0.45
23.966,0.45
23.967,0.45
23.968,0.45
23.969,0.45
23.97,0.45
23.971,0.45
23.972,0.45
23.973,0.45
23.974,0.45
23.975,0.45
23.976,0.45
23.977,0.45
23.978,0.45
23.979,0.45
23.98,0.45
23.981,0.45
23.982,0.45
23.983,0.45
23.984,0.45
23.985,0.45
23.986,0.45
23.987,0.45
23.988,0.45
23.989,0.45
23.99,0.45
23.991,0.45
23.992,0.45
23.993,0.45
23.994,0.45
23.995,0.45
23.996,0.45
23.997,0.45
23.998,0.45
23.999,0.45
24.0,0.45
24.001,0.45
24.002,0.45
24.003,0.45
24.004,0.45
24.005,0.45
24.006,0.45
24.007,0.45
24.008,0.45
24.009,0.45
24.01,0.45
24.011,0.45
24.012,0.45
24.013,0.45
24.014,0.45
24.015,0.45
24.016,0.45
24.017,0.45
24.018,0.45
24.019,0.45
24.02,0.45
24.021,0.45
24.022,0.45
24.023,0.45
24.024,0.45
24.025,0.45
24.026,0.45
24.027,0.45
24.028,0.45
24.029,0.45
24.03,0.45
24.031,0.45
24.032,0.45
24.033,0.45
24.034,0.45
24.035,0.45
24.036,0.45
24.037,0.45
24.038,0.45
24.039,0.45
24.04,0.45
24.041,0.45
24.042,0.45
24.043,0.45
24.044,0.45
24.045,0.45
24.046,0.45
24.047,0.45
24.048,0.45
24.049,0.45
24.05,0.45
24.051,0.45
24.052,0.45
24.053,0.45
24.054,0.45
24.055,0.45
24.056,0.45
24.057,0.45
24.058,0.45
24.059,0.45
24.06,0.45
24.061,0.45
24.062,0.45
24.063,0.45
24.064,0.45
24.065,0.45
24.066,0.45
24.067,0.45
24.068,0.45
24.069,0.45
24.07,0.45
24.071,0.45
24.072,0.45
24.073,0.45
24.074,0.45
24.075,0.45
24.076,0.45
24.077,0.45
24.078,0.45
24.079,0.45
24.08,0.45
24.081,0.45
24.082,0.45
24.083,0.45
24.084,0.45
24.085,0.45
24.086,0.45
24.087,0.45
24.088,0.45
24.089,0.45
24.09,0.45
24.091,0.45
24.092,0.45
24.093,0.45
24.094,0.45
24.095,0.45
24.096,0.45
24.097,0.45
24.098,0.45
24.099,0.45
24.1,0.45
24.101,0.45
24.102,0.45
24.103,0.45
24.104,0.45
24.105,0.45
24.106,0.45
24.107,0.45
24.108,0.45
24.109,0.45
24.11,0.45
24.111,0.45
24.112,0.45
24.113,0.45
24.114,0.45
24.115,0.45
24.116,0.45
24.117,0.45
24.118,0.45
24.119,0.45
24.12,0.45
24.121,0.45
24.122,0.45
24.123,0.45
24.124,0.45
24.125,0.45
24.126,0.45
24.127,0.45
24.128,0.45
24.129,0.45
24.13,0.45
24.131,0.45
24.132,0.45
24.133,0.45
24.134,0.45
24.135,0.45
24.136,0.45
24.137,0.45
24.138,0.45
24.139,0.45
24.14,0.45
24.141,0.45
24.142,0.45
24.143,0.45
24.144,0.45
24.145,0.45
24.146,0.45
24.147,0.45
24.148,0.45
24.149,0.45
24.15,0.45
24.151,0.45
24.152,0.45
24.153,0.45
24.154,0.45
24.155,0.45
24.156,0.45
24.157,0.45
24.158,0.45
24.159,0.45
24.16,0.45
24.161,0.45
24.162,0.45
24.163,0.45
24.164,0.45
24.165,0.45
24.166,0.45
24.167,0.45
24.168,0.45
24.169,0.45
24.17,0.45
24.171,0.45
24.172,0.45
24.173,0.45
24.174,0.45
24.175,0.45
24.176,0.45
24.177,0.45
24.178,0.45
24.179,0.45
24.18,0.45
24.181,0.45
24.182,0.45
24.183,0.45
24.184,0.45
24.185,0.45
24.186,0.45
24.187,0.45
24.188,0.45
24.189,0.45
24.19,0.45
24.191,0.45
24.192,0.45
24.193,0.45
24.194,0.45
24.195,0.45
24.196,0.45
24.197,0.45
24.198,0.45
24.199,0.45
24.2,0.45
24.201,0.45
24.202,0.45
24.203,0.45
24.204,0.45
24.205,0.45
24.206,0.45
24.207,0.45
24.208,0.45
24.209,0.45
24.21,0.45
24.211,0.45
24.212,0.45
24.213,0.45
24.214,0.45
24.215,0.45
24.216,0.45
24.217,0.45
24.218,0.45
24.219,0.45
24.22,0.45
24.221,0.45
24.222,0.45
24.223,0.45
24.224,0.45
24.225,0.45
24.226,0.45
24.227,0.45
24.228,0.45
24.229,0.45
24.23,0.45
24.231,0.45
24.232,0.45
24.233,0.45
24.234,0.45
24.235,0.45
24.236,0.45
24.237,0.45
24.238,0.45
24.239,0.45
24.24,0.45
24.241,0.45
24.242,0.45
24.243,0.45
24.244,0.45
24.245,0.45
24.246,0.45
24.247,0.45
24.248,0.45
24.249,0.45
24.25,0.45
24.251,0.45
24.252,0.45
24.253,0.45
24.254,0.45
24.255,0.45
24.256,0.45
24.257,0.45
24.258,0.45
24.259,0.45
24.26,0.45
24.261,0.45
24.262,0.45
24.263,0.45
24.264,0.45
24.265,0.45
24.266,0.45
24.267,0.45
24.268,0.45
24.269,0.45
24.27,0.45
24.271,0.45
24.272,0.45
24.273,0.45
24.274,0.45
24.275,0.45
24.276,0.45
24.277,0.45
24.278,0.45
24.279,0.45
24.28,0.45
24.281,0.45
24.282,0.45
24.283,0.45
24.284,0.45
24.285,0.45
24.286,0.45
24.287,0.45
24.288,0.45
24.289,0.45
24.29,0.45
24.291,0.45
24.292,0.45
24.293,0.45
24.294,0.45
24.295,0.45
24.296,0.45
24.297,0.45
24.298,0.45
24.299,0.45
24.3,0.45
24.301,0.45
24.302,0.45
24.303,0.45
24.304,0.45
24.305,0.45
24.306,0.45
24.307,0.45
24.308,0.45
24.309,0.45
24.31,0.45
24.311,0.45
24.312,0.45
24.313,0.45
24.314,0.45
24.315,0.45
24.316,0.45
24.317,0.45
24.318,0.45
24.319,0.45
24.32,0.45
24.321,0.45
24.322,0.45
24.323,0.45
24.324,0.45
24.325,0.45
24.326,0.45
24.327,0.45
24.328,0.45
24.329,0.45
24.33,0.45
24.331,0.45
24.332,0.45
24.333,0.45
24.334,0.45
24.335,0.45
24.336,0.45
24.337,0.45
24.338,0.45
24.339,0.45
24.34,0.45
24.341,0.45
24.342,0.45
24.343,0.45
24.344,0.45
24.345,0.45
24.346,0.45
24.347,0.45
24.348,0.45
24.349,0.45
24.35,0.45
24.351,0.45
24.352,0.45
24.353,0.45
24.354,0.45
24.355,0.45
24.356,0.45
24.357,0.45
24.358,0.45
24.359,0.45
24.36,0.45
24.361,0.45
24.362,0.45
24.363,0.45
24.364,0.45
24.365,0.45
24.366,0.45
24.367,0.45
24.368,0.45
24.369,0.45
24.37,0.45
24.371,0.45
24.372,0.45
24.373,0.45
24.374,0.45
24.375,0.45
24.376,0.45
24.377,0.45
24.378,0.45
24.379,0.45
24.38,0.45
24.381,0.45
24.382,0.45
24.383,0.45
24.384,0.45
24.385,0.45
24.386,0.45
24.387,0.45
24.388,0.45
24.389,0.45
24.39,0.45
24.391,0.45
24.392,0.45
24.393,0.45
24.394,0.45
24.395,0.45
24.396,0.45
24.397,0.45
24.398,0.45
24.399,0.45
24.4,0.45
24.401,0.45
24.402,0.45
24.403,0.45
24.404,0.45
24.405,0.45
24.406,0.45
24.407,0.45
24.408,0.45
24.409,0.45
24.41,0.45
24.411,0.45
24.412,0.45
24.413,0.45
24.414,0.45
24.415,0.45
24.416,0.45
24.417,0.45
24.418,0.45
24.419,0.45
24.42,0.45
24.421,0.45
24.422,0.45
24.423,0.45
24.424,0.45
24.425,0.45
24.426,0.45
24.427,0.45
24.428,0.45
24.429,0.45
24.43,0.45
24.431,0.45
24.432,0.45
24.433,0.45
24.434,0.45
24.435,0.45
24.436,0.45
24.437,0.45
24.438,0.45
24.439,0.45
24.44,0.45
24.441,0.45
24.442,0.45
24.443,0.45
24.444,0.45
24.445,0.45
24.446,0.45
24.447,0.45
24.448,0.45
24.449,0.45
24.45,0.45
24.451,0.45
24.452,0.45
24.453,0.45
24.454,0.45
24.455,0.45
24.456,0.45
24.457,0.45
24.458,0.45
24.459,0.45
24.46,0.45
24.461,0.45
24.462,0.45
24.463,0.45
24.464,0.45
24.465,0.45
24.466,0.45
24.467,0.45
24.468,0.45
24.469,0.45
24.47,0.45
24.471,0.45
24.472,0.45
24.473,0.45
24.474,0.45
24.475,0.45
24.476,0.45
24.477,0.45
24.478,0.45
24.479,0.45
24.48,0.45
24.481,0.45
24.482,0.45
24.483,0.45
24.484,0.45
24.485,0.45
24.486,0.45
24.487,0.45
24.488,0.45
24.489,0.45
24.49,0.45
24.491,0.45
24.492,0.45
24.493,0.45
24.494,0.45
24.495,0.45
24.496,0.45
24.497,0.45
24.498,0.45
24.499,0.45
24.5,0.45
24.501,0.45
24.502,0.45
24.503,0.45
24.504,0.45
24.505,0.45
24.506,0.45
24.507,0.45
24.508,0.45
24.509,0.45
24.51,0.45
24.511,0.45
24.512,0.45
24.513,0.45
24.514,0.45
24.515,0.45
24.516,0.45
24.517,0.45
24.518,0.45
24.519,0.45
24.52,0.45
24.521,0.45
24.522,0.45
24.523,0.45
24.524,0.45
24.525,0.45
24.526,0.45
24.527,0.45
24.528,0.45
24.529,0.45
24.53,0.45
24.531,0.45
24.532,0.45
24.533,0.45
24.534,0.45
24.535,0.45
24.536,0.45
24.537,0.45
24.538,0.45
24.539,0.45
24.54,0.45
24.541,0.45
24.542,0.45
24.543,0.45
24.544,0.45
24.545,0.45
24.546,0.45
24.547,0.45
24.548,0.45
24.549,0.45
24.55,0.45
24.551,0.45
24.552,0.45
24.553,0.45
24.554,0.45
24.555,0.45
24.556,0.45
24.557,0.45
24.558,0.45
24.559,0.45
24.56,0.45
24.561,0.45
24.562,0.45
24.563,0.45
24.564,0.45
24.565,0.45
24.566,0.45
24.567,0.45
24.568,0.45
24.569,0.45
24.57,0.45
24.571,0.45
24.572,0.45
24.573,0.45
24.574,0.45
24.575,0.45
24.576,0.45
24.577,0.45
24.578,0.45
24.579,0.45
24.58,0.45
24.581,0.45
24.582,0.45
24.583,0.45
24.584,0.45
24.585,0.45
24.586,0.45
24.587,0.45
24.588,0.45
24.589,0.45
24.59,0.45
24.591,0.45
24.592,0.45
24.593,0.45
24.594,0.45
24.595,0.45
24.596,0.45
24.597,0.45
24.598,0.45
24.599,0.45
24.6,0.45
24.601,0.45
24.602,0.45
24.603,0.45
24.604,0.45
24.605,0.45
24.606,0.45
24.607,0.45
24.608,0.45
24.609,0.45
24.61,0.45
24.611,0.45
24.612,0.45
24.613,0.45
24.614,0.45
24.615,0.45
24.616,0.45
24.617,0.45
24.618,0.45
24.619,0.45
24.62,0.45
24.621,0.45
24.622,0.45
24.623,0.45
24.624,0.45
24.625,0.45
24.626,0.45
24.627,0.45
24.628,0.45
24.629,0.45
24.63,0.45
24.631,0.45
24.632,0.45
24.633,0.45
24.634,0.45
24.635,0.45
24.636,0.45
24.637,0.45
24.638,0.45
24.639,0.45
24.64,0.45
24.641,0.45
24.642,0.45
24.643,0.45
24.644,0.45
24.645,0.45
24.646,0.45
24.647,0.45
24.648,0.45
24.649,0.45
24.65,0.45
24.651,0.45
24.652,0.45
24.653,0.45
24.654,0.45
24.655,0.45
24.656,0.45
24.657,0.45
24.658,0.45
24.659,0.45
24.66,0.45
24.661,0.45
24.662,0.45
24.663,0.45
24.664,0.45
24.665,0.45
24.666,0.45
24.667,0.45
24.668,0.45
24.669,0.45
24.67,0.45
24.671,0.45
24.672,0.45
24.673,0.45
24.674,0.45
24.675,0.45
24.676,0.45
24.677,0.45
24.678,0.45
24.679,0.45
24.68,0.45
24.681,0.45
24.682,0.45
24.683,0.45
24.684,0.45
24.685,0.45
24.686,0.45
24.687,0.45
24.688,0.45
24.689,0.45
24.69,0.45
24.691,0.45
24.692,0.45
24.693,0.45
24.694,0.45
24.695,0.45
24.696,0.45
24.697,0.45
24.698,0.45
24.699,0.45
24.7,0.45
24.701,0.45
24.702,0.45
24.703,0.45
24.704,0.45
24.705,0.45
24.706,0.45
24.707,0.45
24.708,0.45
24.709,0.45
24.71,0.45
24.711,0.45
24.712,0.45
24.713,0.45
24.714,0.45
24.715,0.45
24.716,0.45
24.717,0.45
24.718,0.45
24.719,0.45
24.72,0.45
24.721,0.45
24.722,0.45
24.723,0.45
24.724,0.45
24.725,0.45
24.726,0.45
24.727,0.45
24.728,0.45
24.729,0.45
24.73,0.45
24.731,0.45
24.732,0.45
24.733,0.45
24.734,0.45
24.735,0.45
24.736,0.45
24.737,0.45
24.738,0.45
24.739,0.45
24.74,0.45
24.741,0.45
24.742,0.45
24.743,0.45
24.744,0.45
24.745,0.45
24.746,0.45
24.747,0.45
24.748,0.45
24.749,0.45
24.75,0.45
24.751,0.45
24.752,0.45
24.753,0.45
24.754,0.45
24.755,0.45
24.756,0.45
24.757,0.45
24.758,0.45
24.759,0.45
24.76,0.45
24.761,0.45
24.762,0.45
24.763,0.45
24.764,0.45
24.765,0.45
24.766,0.45
24.767,0.45
24.768,0.45
24.769,0.45
24.77,0.45
24.771,0.45
24.772,0.45
24.773,0.45
24.774,0.45
24.775,0.45
24.776,0.45
24.777,0.45
24.778,0.45
24.779,0.45
24.78,0.45
24.781,0.45
24.782,0.45
24.783,0.45
24.784,0.45
24.785,0.45
24.786,0.45
24.787,0.45
24.788,0.45
24.789,0.45
24.79,0.45
24.791,0.45
24.792,0.45
24.793,0.45
24.794,0.45
24.795,0.45
24.796,0.45
24.797,0.45
24.798,0.45
24.799,0.45
24.8,0.45
24.801,0.45
24.802,0.45
24.803,0.45
24.804,0.45
24.805,0.45
24.806,0.45
24.807,0.45
24.808,0.45
24.809,0.45
24.81,0.45
24.811,0.45
24.812,0.45
24.813,0.45
24.814,0.45
24.815,0.45
24.816,0.45
24.817,0.45
24.818,0.45
24.819,0.45
24.82,0.45
24.821,0.45
24.822,0.45
24.823,0.45
24.824,0.45
24.825,0.45
24.826,0.45
24.827,0.45
24.828,0.45
24.829,0.45
24.83,0.45
24.831,0.45
24.832,0.45
24.833,0.45
24.834,0.45
24.835,0.45
24.836,0.45
24.837,0.45
24.838,0.45
24.839,0.45
24.84,0.45
24.841,0.45
24.842,0.45
24.843,0.45
24.844,0.45
24.845,0.45
24.846,0.45
24.847,0.45
24.848,0.45
24.849,0.45
24.85,0.45
24.851,0.45
24.852,0.45
24.853,0.45
24.854,0.45
24.855,0.45
24.856,0.45
24.857,0.45
24.858,0.45
24.859,0.45
24.86,0.45
24.861,0.45
24.862,0.45
24.863,0.45
24.864,0.45
24.865,0.45
24.866,0.45
24.867,0.45
24.868,0.45
24.869,0.45
24.87,0.45
24.871,0.45
24.872,0.45
24.873,0.45
24.874,0.45
24.875,0.45
24.876,0.45
24.877,0.45
24.878,0.45
24.879,0.45
24.88,0.45
24.881,0.45
24.882,0.45
24.883,0.45
24.884,0.45
24.885,0.45
24.886,0.45
24.887,0.45
24.888,0.45
24.889,0.45
24.89,0.45
24.891,0.45
24.892,0.45
24.893,0.45
24.894,0.45
24.895,0.45
24.896,0.45
24.897,0.45
24.898,0.45
24.899,0.45
24.9,0.45
24.901,0.45
24.902,0.45
24.903,0.45
24.904,0.45
24.905,0.45
24.906,0.45
24.907,0.45
24.908,0.45
24.909,0.45
24.91,0.45
24.911,0.45
24.912,0.45
24.913,0.45
24.914,0.45
24.915,0.45
24.916,0.45
24.917,0.45
24.918,0.45
24.919,0.45
24.92,0.45
24.921,0.45
24.922,0.45
24.923,0.45
24.924,0.45
24.925,0.45
24.926,0.45
24.927,0.45
24.928,0.45
24.929,0.45
24.93,0.45
24.931,0.45
24.932,0.45
24.933,0.45
24.934,0.45
24.935,0.45
24.936,0.45
24.937,0.45
24.938,0.45
24.939,0.45
24.94,0.45
24.941,0.45
24.942,0.45
24.943,0.45
24.944,0.45
24.945,0.45
24.946,0.45
24.947,0.45
24.948,0.45
24.949,0.45
24.95,0.45
24.951,0.45
24.952,0.45
24.953,0.45
24.954,0.45
24.955,0.45
24.956,0.45
24.957,0.45
24.958,0.45
24.959,0.45
24.96,0.45
24.961,0.45
24.962,0.45
24.963,0.45
24.964,0.45
24.965,0.45
24.966,0.45
24.967,0.45
24.968,0.45
24.969,0.45
24.97,0.45
24.971,0.45
24.972,0.45
24.973,0.45
24.974,0.45
24.975,0.45
24.976,0.45
24.977,0.45
24.978,0.45
24.979,0.45
24.98,0.45
24.981,0.45
24.982,0.45
24.983,0.45
24.984,0.45
24.985,0.45
24.986,0.45
24.987,0.45
24.988,0.45
24.989,0.45
24.99,0.45
24.991,0.45
24.992,0.45
24.993,0.45
24.994,0.45
24.995,0.45
24.996,0.45
24.997,0.45
24.998,0.45
24.999,0.45
25.0,0.45
25.001,0.45
25.002,0.45
25.003,0.45
25.004,0.45
25.005,0.45
25.006,0.45
25.007,0.45
25.008,0.45
25.009,0.45
25.01,0.45
25.011,0.45
25.012,0.45
25.013,0.45
25.014,0.45
25.015,0.45
25.016,0.45
25.017,0.45
25.018,0.45
25.019,0.45
25.02,0.45
25.021,0.45
25.022,0.45
25.023,0.45
25.024,0.45
25.025,0.45
25.026,0.45
25.027,0.45
25.028,0.45
25.029,0.45
25.03,0.45
25.031,0.45
25.032,0.45
25.033,0.45
25.034,0.45
25.035,0.45
25.036,0.45
25.037,0.45
25.038,0.45
25.039,0.45
25.04,0.45
25.041,0.45
25.042,0.45
25.043,0.45
25.044,0.45
25.045,0.45
25.046,0.45
25.047,0.45
25.048,0.45
25.049,0.45
25.05,0.45
25.051,0.45
25.052,0.45
25.053,0.45
25.054,0.45
25.055,0.45
25.056,0.45
25.057,0.45
25.058,0.45
25.059,0.45
25.06,0.45
25.061,0.45
25.062,0.45
25.063,0.45
25.064,0.45
25.065,0.45
25.066,0.45
25.067,0.45
25.068,0.45
25.069,0.45
25.07,0.45
25.071,0.45
25.072,0.45
25.073,0.45
25.074,0.45
25.075,0.45
25.076,0.45
25.077,0.45
25.078,0.45
25.079,0.45
25.08,0.45
25.081,0.45
25.082,0.45
25.083,0.45
25.084,0.45
25.085,0.45
25.086,0.45
25.087,0.45
25.088,0.45
25.089,0.45
25.09,0.45
25.091,0.45
25.092,0.45
25.093,0.45
25.094,0.45
25.095,0.45
25.096,0.45
25.097,0.45
25.098,0.45
25.099,0.45
25.1,0.45
25.101,0.45
25.102,0.45
25.103,0.45
25.104,0.45
25.105,0.45
25.106,0.45
25.107,0.45
25.108,0.45
25.109,0.45
25.11,0.45
25.111,0.45
25.112,0.45
25.113,0.45
25.114,0.45
25.115,0.45
25.116,0.45
25.117,0.45
25.118,0.45
25.119,0.45
25.12,0.45
25.121,0.45
25.122,0.45
25.123,0.45
25.124,0.45
25.125,0.45
25.126,0.45
25.127,0.45
25.128,0.45
25.129,0.45
25.13,0.45
25.131,0.45
25.132,0.45
25.133,0.45
25.134,0.45
25.135,0.45
25.136,0.45
25.137,0.45
25.138,0.45
25.139,0.45
25.14,0.45
25.141,0.45
25.142,0.45
25.143,0.45
25.144,0.45
25.145,0.45
25.146,0.45
25.147,0.45
25.148,0.45
25.149,0.45
25.15,0.45
25.151,0.45
25.152,0.45
25.153,0.45
25.154,0.45
25.155,0.45
25.156,0.45
25.157,0.45
25.158,0.45
25.159,0.45
25.16,0.45
25.161,0.45
25.162,0.45
25.163,0.45
25.164,0.45
25.165,0.45
25.166,0.45
25.167,0.45
25.168,0.45
25.169,0.45
25.17,0.45
25.171,0.45
25.172,0.45
25.173,0.45
25.174,0.45
25.175,0.45
25.176,0.45
25.177,0.45
25.178,0.45
25.179,0.45
25.18,0.45
25.181,0.45
25.182,0.45
25.183,0.45
25.184,0.45
25.185,0.45
25.186,0.45
25.187,0.45
25.188,0.45
25.189,0.45
25.19,0.45
25.191,0.45
25.192,0.45
25.193,0.45
25.194,0.45
25.195,0.45
25.196,0.45
25.197,0.45
25.198,0.45
25.199,0.45
25.2,0.45
25.201,0.45
25.202,0.45
25.203,0.45
25.204,0.45
25.205,0.45
25.206,0.45
25.207,0.45
25.208,0.45
25.209,0.45
25.21,0.45
25.211,0.45
25.212,0.45
25.213,0.45
25.214,0.45
25.215,0.45
25.216,0.45
25.217,0.45
25.218,0.45
25.219,0.45
25.22,0.45
25.221,0.45
25.222,0.45
25.223,0.45
25.224,0.45
25.225,0.45
25.226,0.45
25.227,0.45
25.228,0.45
25.229,0.45
25.23,0.45
25.231,0.45
25.232,0.45
25.233,0.45
25.234,0.45
25.235,0.45
25.236,0.45
25.237,0.45
25.238,0.45
25.239,0.45
25.24,0.45
25.241,0.45
25.242,0.45
25.243,0.45
25.244,0.45
25.245,0.45
25.246,0.45
25.247,0.45
25.248,0.45
25.249,0.45
25.25,0.45
25.251,0.45
25.252,0.45
25.253,0.45
25.254,0.45
25.255,0.45
25.256,0.45
25.257,0.45
25.258,0.45
25.259,0.45
25.26,0.45
25.261,0.45
25.262,0.45
25.263,0.45
25.264,0.45
25.265,0.45
25.266,0.45
25.267,0.45
25.268,0.45
25.269,0.45
25.27,0.45
25.271,0.45
25.272,0.45
25.273,0.45
25.274,0.45
25.275,0.45
25.276,0.45
25.277,0.45
25.278,0.45
25.279,0.45
25.28,0.45
25.281,0.45
25.282,0.45
25.283,0.45
25.284,0.45
25.285,0.45
25.286,0.45
25.287,0.45
25.288,0.45
25.289,0.45
25.29,0.45
25.291,0.45
25.292,0.45
25.293,0.45
25.294,0.45
25.295,0.45
25.296,0.45
25.297,0.45
25.298,0.45
25.299,0.45
25.3,0.45
25.301,0.45
25.302,0.45
25.303,0.45
25.304,0.45
25.305,0.45
25.306,0.45
25.307,0.45
25.308,0.45
25.309,0.45
25.31,0.45
25.311,0.45
25.312,0.45
25.313,0.45
25.314,0.45
25.315,0.45
25.316,0.45
25.317,0.45
25.318,0.45
25.319,0.45
25.32,0.45
25.321,0.45
25.322,0.45
25.323,0.45
25.324,0.45
25.325,0.45
25.326,0.45
25.327,0.45
25.328,0.45
25.329,0.45
25.33,0.45
25.331,0.45
25.332,0.45
25.333,0.45
25.334,0.45
25.335,0.45
25.336,0.45
25.337,0.45
25.338,0.45
25.339,0.45
25.34,0.45
25.341,0.45
25.342,0.45
25.343,0.45
25.344,0.45
25.345,0.45
25.346,0.45
25.347,0.45
25.348,0.45
25.349,0.45
25.35,0.45
25.351,0.45
25.352,0.45
25.353,0.45
25.354,0.45
25.355,0.45
25.356,0.45
25.357,0.45
25.358,0.45
25.359,0.45
25.36,0.45
25.361,0.45
25.362,0.45
25.363,0.45
25.364,0.45
25.365,0.45
25.366,0.45
25.367,0.45
25.368,0.45
25.369,0.45
25.37,0.45
25.371,0.45
25.372,0.45
25.373,0.45
25.374,0.45
25.375,0.45
25.376,0.45
25.377,0.45
25.378,0.45
25.379,0.45
25.38,0.45
25.381,0.45
25.382,0.45
25.383,0.45
25.384,0.45
25.385,0.45
25.386,0.45
25.387,0.45
25.388,0.45
25.389,0.45
25.39,0.45
25.391,0.45
25.392,0.45
25.393,0.45
25.394,0.45
25.395,0.45
25.396,0.45
25.397,0.45
25.398,0.45
25.399,0.45
25.4,0.45
25.401,0.45
25.402,0.45
25.403,0.45
25.404,0.45
25.405,0.45
25.406,0.45
25.407,0.45
25.408,0.45
25.409,0.45
25.41,0.45
25.411,0.45
25.412,0.45
25.413,0.45
25.414,0.45
25.415,0.45
25.416,0.45
25.417,0.45
25.418,0.45
25.419,0.45
25.42,0.45
25.421,0.45
25.422,0.45
25.423,0.45
25.424,0.45
25.425,0.45
25.426,0.45
25.427,0.45
25.428,0.45
25.429,0.45
25.43,0.45
25.431,0.45
25.432,0.45
25.433,0.45
25.434,0.45
25.435,0.45
25.436,0.45
25.437,0.45
25.438,0.45
25.439,0.45
25.44,0.45
25.441,0.45
25.442,0.45
25.443,0.45
25.444,0.45
25.445,0.45
25.446,0.45
25.447,0.45
25.448,0.45
25.449,0.45
25.45,0.45
25.451,0.45
25.452,0.45
25.453,0.45
25.454,0.45
25.455,0.45
25.456,0.45
25.457,0.45
25.458,0.45
25.459,0.45
25.46,0.45
25.461,0.45
25.462,0.45
25.463,0.45
25.464,0.45
25.465,0.45
25.466,0.45
25.467,0.45
25.468,0.45
25.469,0.45
25.47,0.45
25.471,0.45
25.472,0.45
25.473,0.45
25.474,0.45
25.475,0.45
25.476,0.45
25.477,0.45
25.478,0.45
25.479,0.45
25.48,0.45
25.481,0.45
25.482,0.45
25.483,0.45
25.484,0.45
25.485,0.45
25.486,0.45
25.487,0.45
25.488,0.45
25.489,0.45
25.49,0.45
25.491,0.45
25.492,0.45
25.493,0.45
25.494,0.45
25.495,0.45
25.496,0.45
25.497,0.45
25.498,0.45
25.499,0.45
25.5,0.45
25.501,0.45
25.502,0.45
25.503,0.45
25.504,0.45
25.505,0.45
25.506,0.45
25.507,0.45
25.508,0.45
25.509,0.45
25.51,0.45
25.511,0.45
25.512,0.45
25.513,0.45
25.514,0.45
25.515,0.45
25.516,0.45
25.517,0.45
25.518,0.45
25.519,0.45
25.52,0.45
25.521,0.45
25.522,0.45
25.523,0.45
25.524,0.45
25.525,0.45
25.526,0.45
25.527,0.45
25.528,0.45
25.529,0.45
25.53,0.45
25.531,0.45
25.532,0.45
25.533,0.45
25.534,0.45
25.535,0.45
25.536,0.45
25.537,0.45
25.538,0.45
25.539,0.45
25.54,0.45
25.541,0.45
25.542,0.45
25.543,0.45
25.544,0.45
25.545,0.45
25.546,0.45
25.547,0.45
25.548,0.45
25.549,0.45
25.55,0.45
25.551,0.45
25.552,0.45
25.553,0.45
25.554,0.45
25.555,0.45
25.556,0.45
25.557,0.45
25.558,0.45
25.559,0.45
25.56,0.45
25.561,0.45
25.562,0.45
25.563,0.45
25.564,0.45
25.565,0.45
25.566,0.45
25.567,0.45
25.568,0.45
25.569,0.45
25.57,0.45
25.571,0.45
25.572,0.45
25.573,0.45
25.574,0.45
25.575,0.45
25.576,0.45
25.577,0.45
25.578,0.45
25.579,0.45
25.58,0.45
25.581,0.45
25.582,0.45
25.583,0.45
25.584,0.45
25.585,0.45
25.586,0.45
25.587,0.45
25.588,0.45
25.589,0.45
25.59,0.45
25.591,0.45
25.592,0.45
25.593,0.45
25.594,0.45
25.595,0.45
25.596,0.45
25.597,0.45
25.598,0.45
25.599,0.45
25.6,0.45
25.601,0.45
25.602,0.45
25.603,0.45
25.604,0.45
25.605,0.45
25.606,0.45
25.607,0.45
25.608,0.45
25.609,0.45
25.61,0.45
25.611,0.45
25.612,0.45
25.613,0.45
25.614,0.45
25.615,0.45
25.616,0.45
25.617,0.45
25.618,0.45
25.619,0.45
25.62,0.45
25.621,0.45
25.622,0.45
25.623,0.45
25.624,0.45
25.625,0.45
25.626,0.45
25.627,0.45
25.628,0.45
25.629,0.45
25.63,0.45
25.631,0.45
25.632,0.45
25.633,0.45
25.634,0.45
25.635,0.45
25.636,0.45
25.637,0.45
25.638,0.45
25.639,0.45
25.64,0.45
25.641,0.45
25.642,0.45
25.643,0.45
25.644,0.45
25.645,0.45
25.646,0.45
25.647,0.45
25.648,0.45
25.649,0.45
25.65,0.45
25.651,0.45
25.652,0.45
25.653,0.45
25.654,0.45
25.655,0.45
25.656,0.45
25.657,0.45
25.658,0.45
25.659,0.45
25.66,0.45
25.661,0.45
25.662,0.45
25.663,0.45
25.664,0.45
25.665,0.45
25.666,0.45
25.667,0.45
25.668,0.45
25.669,0.45
25.67,0.45
25.671,0.45
25.672,0.45
25.673,0.45
25.674,0.45
25.675,0.45
25.676,0.45
25.677,0.45
25.678,0.45
25.679,0.45
25.68,0.45
25.681,0.45
25.682,0.45
25.683,0.45
25.684,0.45
25.685,0.45
25.686,0.45
25.687,0.45
25.688,0.45
25.689,0.45
25.69,0.45
25.691,0.45
25.692,0.45
25.693,0.45
25.694,0.45
25.695,0.45
25.696,0.45
25.697,0.45
25.698,0.45
25.699,0.45
25.7,0.45
25.701,0.45
25.702,0.45
25.703,0.45
25.704,0.45
25.705,0.45
25.706,0.45
25.707,0.45
25.708,0.45
25.709,0.45
25.71,0.45
25.711,0.45
25.712,0.45
25.713,0.45
25.714,0.45
25.715,0.45
25.716,0.45
25.717,0.45
25.718,0.45
25.719,0.45
25.72,0.45
25.721,0.45
25.722,0.45
25.723,0.45
25.724,0.45
25.725,0.45
25.726,0.45
25.727,0.45
25.728,0.45
25.729,0.45
25.73,0.45
25.731,0.45
25.732,0.45
25.733,0.45
25.734,0.45
25.735,0.45
25.736,0.45
25.737,0.45
25.738,0.45
25.739,0.45
25.74,0.45
25.741,0.45
25.742,0.45
25.743,0.45
25.744,0.45
25.745,0.45
25.746,0.45
25.747,0.45
25.748,0.45
25.749,0.45
25.75,0.45
25.751,0.45
25.752,0.45
25.753,0.45
25.754,0.45
25.755,0.45
25.756,0.45
25.757,0.45
25.758,0.45
25.759,0.45
25.76,0.45
25.761,0.45
25.762,0.45
25.763,0.45
25.764,0.45
25.765,0.45
25.766,0.45
25.767,0.45
25.768,0.45
25.769,0.45
25.77,0.45
25.771,0.45
25.772,0.45
25.773,0.45
25.774,0.45
25.775,0.45
25.776,0.45
25.777,0.45
25.778,0.45
25.779,0.45
25.78,0.45
25.781,0.45
25.782,0.45
25.783,0.45
25.784,0.45
25.785,0.45
25.786,0.45
25.787,0.45
25.788,0.45
25.789,0.45
25.79,0.45
25.791,0.45
25.792,0.45
25.793,0.45
25.794,0.45
25.795,0.45
25.796,0.45
25.797,0.45
25.798,0.45
25.799,0.45
25.8,0.45
25.801,0.45
25.802,0.45
25.803,0.45
25.804,0.45
25.805,0.45
25.806,0.45
25.807,0.45
25.808,0.45
25.809,0.45
25.81,0.45
25.811,0.45
25.812,0.45
25.813,0.45
25.814,0.45
25.815,0.45
25.816,0.45
25.817,0.45
25.818,0.45
25.819,0.45
25.82,0.45
25.821,0.45
25.822,0.45
25.823,0.45
25.824,0.45
25.825,0.45
25.826,0.45
25.827,0.45
25.828,0.45
25.829,0.45
25.83,0.45
25.831,0.45
25.832,0.45
25.833,0.45
25.834,0.45
25.835,0.45
25.836,0.45
25.837,0.45
25.838,0.45
25.839,0.45
25.84,0.45
25.841,0.45
25.842,0.45
25.843,0.45
25.844,0.45
25.845,0.45
25.846,0.45
25.847,0.45
25.848,0.45
25.849,0.45
25.85,0.45
25.851,0.45
25.852,0.45
25.853,0.45
25.854,0.45
25.855,0.45
25.856,0.45
25.857,0.45
25.858,0.45
25.859,0.45
25.86,0.45
25.861,0.45
25.862,0.45
25.863,0.45
25.864,0.45
25.865,0.45
25.866,0.45
25.867,0.45
25.868,0.45
25.869,0.45
25.87,0.45
25.871,0.45
25.872,0.45
25.873,0.45
25.874,0.45
25.875,0.45
25.876,0.45
25.877,0.45
25.878,0.45
25.879,0.45
25.88,0.45
25.881,0.45
25.882,0.45
25.883,0.45
25.884,0.45
25.885,0.45
25.886,0.45
25.887,0.45
25.888,0.45
25.889,0.45
25.89,0.45
25.891,0.45
25.892,0.45
25.893,0.45
25.894,0.45
25.895,0.45
25.896,0.45
25.897,0.45
25.898,0.45
25.899,0.45
25.9,0.45
25.901,0.45
25.902,0.45
25.903,0.45
25.904,0.45
25.905,0.45
25.906,0.45
25.907,0.45
25.908,0.45
25.909,0.45
25.91,0.45
25.911,0.45
25.912,0.45
25.913,0.45
25.914,0.45
25.915,0.45
25.916,0.45
25.917,0.45
25.918,0.45
25.919,0.45
25.92,0.45
25.921,0.45
25.922,0.45
25.923,0.45
25.924,0.45
25.925,0.45
25.926,0.45
25.927,0.45
25.928,0.45
25.929,0.45
25.93,0.45
25.931,0.45
25.932,0.45
25.933,0.45
25.934,0.45
25.935,0.45
25.936,0.45
25.937,0.45
25.938,0.45
25.939,0.45
25.94,0.45
25.941,0.45
25.942,0.45
25.943,0.45
25.944,0.45
25.945,0.45
25.946,0.45
25.947,0.45
25.948,0.45
25.949,0.45
25.95,0.45
25.951,0.45
25.952,0.45
25.953,0.45
25.954,0.45
25.955,0.45
25.956,0.45
25.957,0.45
25.958,0.45
25.959,0.45
25.96,0.45
25.961,0.45
25.962,0.45
25.963,0.45
25.964,0.45
25.965,0.45
25.966,0.45
25.967,0.45
25.968,0.45
25.969,0.45
25.97,0.45
25.971,0.45
25.972,0.45
25.973,0.45
25.974,0.45
25.975,0.45
25.976,0.45
25.977,0.45
25.978,0.45
25.979,0.45
25.98,0.45
25.981,0.45
25.982,0.45
25.983,0.45
25.984,0.45
25.985,0.45
25.986,0.45
25.987,0.45
25.988,0.45
25.989,0.45
25.99,0.45
25.991,0.45
25.992,0.45
25.993,0.45
25.994,0.45
25.995,0.45
25.996,0.45
25.997,0.45
25.998,0.45
25.999,0.45
26.0,0.45
26.001,0.45
26.002,0.45
26.003,0.45
26.004,0.45
26.005,0.45
26.006,0.45
26.007,0.45
26.008,0.45
26.009,0.45
26.01,0.45
26.011,0.45
26.012,0.45
26.013,0.45
26.014,0.45
26.015,0.45
26.016,0.45
26.017,0.45
26.018,0.45
26.019,0.45
26.02,0.45
26.021,0.45
26.022,0.45
26.023,0.45
26.024,0.45
26.025,0.45
26.026,0.45
26.027,0.45
26.028,0.45
26.029,0.45
26.03,0.45
26.031,0.45
26.032,0.45
26.033,0.45
26.034,0.45
26.035,0.45
26.036,0.45
26.037,0.45
26.038,0.45
26.039,0.45
26.04,0.45
26.041,0.45
26.042,0.45
26.043,0.45
26.044,0.45
26.045,0.45
26.046,0.45
26.047,0.45
26.048,0.45
26.049,0.45
26.05,0.45
26.051,0.45
26.052,0.45
26.053,0.45
26.054,0.45
26.055,0.45
26.056,0.45
26.057,0.45
26.058,0.45
26.059,0.45
26.06,0.45
26.061,0.45
26.062,0.45
26.063,0.45
26.064,0.45
26.065,0.45
26.066,0.45
26.067,0.45
26.068,0.45
26.069,0.45
26.07,0.45
26.071,0.45
26.072,0.45
26.073,0.45
26.074,0.45
26.075,0.45
26.076,0.45
26.077,0.45
26.078,0.45
26.079,0.45
26.08,0.45
26.081,0.45
26.082,0.45
26.083,0.45
26.084,0.45
26.085,0.45
26.086,0.45
26.087,0.45
26.088,0.45
26.089,0.45
26.09,0.45
26.091,0.45
26.092,0.45
26.093,0.45
26.094,0.45
26.095,0.45
26.096,0.45
26.097,0.45
26.098,0.45
26.099,0.45
26.1,0.45
26.101,0.45
26.102,0.45
26.103,0.45
26.104,0.45
26.105,0.45
26.106,0.45
26.107,0.45
26.108,0.45
26.109,0.45
26.11,0.45
26.111,0.45
26.112,0.45
26.113,0.45
26.114,0.45
26.115,0.45
26.116,0.45
26.117,0.45
26.118,0.45
26.119,0.45
26.12,0.45
26.121,0.45
26.122,0.45
26.123,0.45
26.124,0.45
26.125,0.45
26.126,0.45
26.127,0.45
26.128,0.45
26.129,0.45
26.13,0.45
26.131,0.45
26.132,0.45
26.133,0.45
26.134,0.45
26.135,0.45
26.136,0.45
26.137,0.45
26.138,0.45
26.139,0.45
26.14,0.45
26.141,0.45
26.142,0.45
26.143,0.45
26.144,0.45
26.145,0.45
26.146,0.45
26.147,0.45
26.148,0.45
26.149,0.45
26.15,0.45
26.151,0.45
26.152,0.45
26.153,0.45
26.154,0.45
26.155,0.45
26.156,0.45
26.157,0.45
26.158,0.45
26.159,0.45
26.16,0.45
26.161,0.45
26.162,0.45
26.163,0.45
26.164,0.45
26.165,0.45
26.166,0.45
26.167,0.45
26.168,0.45
26.169,0.45
26.17,0.45
26.171,0.45
26.172,0.45
26.173,0.45
26.174,0.45
26.175,0.45
26.176,0.45
26.177,0.45
26.178,0.45
26.179,0.45
26.18,0.45
26.181,0.45
26.182,0.45
26.183,0.45
26.184,0.45
26.185,0.45
26.186,0.45
26.187,0.45
26.188,0.45
26.189,0.45
26.19,0.45
26.191,0.45
26.192,0.45
26.193,0.45
26.194,0.45
26.195,0.45
26.196,0.45
26.197,0.45
26.198,0.45
26.199,0.45
26.2,0.45
26.201,0.45
26.202,0.45
26.203,0.45
26.204,0.45
26.205,0.45
26.206,0.45
26.207,0.45
26.208,0.45
26.209,0.45
26.21,0.45
26.211,0.45
26.212,0.45
26.213,0.45
26.214,0.45
26.215,0.45
26.216,0.45
26.217,0.45
26.218,0.45
26.219,0.45
26.22,0.45
26.221,0.45
26.222,0.45
26.223,0.45
26.224,0.45
26.225,0.45
26.226,0.45
26.227,0.45
26.228,0.45
26.229,0.45
26.23,0.45
26.231,0.45
26.232,0.45
26.233,0.45
26.234,0.45
26.235,0.45
26.236,0.45
26.237,0.45
26.238,0.45
26.239,0.45
26.24,0.45
26.241,0.45
26.242,0.45
26.243,0.45
26.244,0.45
26.245,0.45
26.246,0.45
26.247,0.45
26.248,0.45
26.249,0.45
26.25,0.45
26.251,0.45
26.252,0.45
26.253,0.45
26.254,0.45
26.255,0.45
26.256,0.45
26.257,0.45
26.258,0.45
26.259,0.45
26.26,0.45
26.261,0.45
26.262,0.45
26.263,0.45
26.264,0.45
26.265,0.45
26.266,0.45
26.267,0.45
26.268,0.45
26.269,0.45
26.27,0.45
26.271,0.45
26.272,0.45
26.273,0.45
26.274,0.45
26.275,0.45
26.276,0.45
26.277,0.45
26.278,0.45
26.279,0.45
26.28,0.45
26.281,0.45
26.282,0.45
26.283,0.45
26.284,0.45
26.285,0.45
26.286,0.45
26.287,0.45
26.288,0.45
26.289,0.45
26.29,0.45
26.291,0.45
26.292,0.45
26.293,0.45
26.294,0.45
26.295,0.45
26.296,0.45
26.297,0.45
26.298,0.45
26.299,0.45
26.3,0.45
26.301,0.45
26.302,0.45
26.303,0.45
26.304,0.45
26.305,0.45
26.306,0.45
26.307,0.45
26.308,0.45
26.309,0.45
26.31,0.45
26.311,0.45
26.312,0.45
26.313,0.45
26.314,0.45
26.315,0.45
26.316,0.45
26.317,0.45
26.318,0.45
26.319,0.45
26.32,0.45
26.321,0.45
26.322,0.45
26.323,0.45
26.324,0.45
26.325,0.45
26.326,0.45
26.327,0.45
26.328,0.45
26.329,0.45
26.33,0.45
26.331,0.45
26.332,0.45
26.333,0.45
26.334,0.45
26.335,0.45
26.336,0.45
26.337,0.45
26.338,0.45
26.339,0.45
26.34,0.45
26.341,0.45
26.342,0.45
26.343,0.45
26.344,0.45
26.345,0.45
26.346,0.45
26.347,0.45
26.348,0.45
26.349,0.45
26.35,0.45
26.351,0.45
26.352,0.45
26.353,0.45
26.354,0.45
26.355,0.45
26.356,0.45
26.357,0.45
26.358,0.45
26.359,0.45
26.36,0.45
26.361,0.45
26.362,0.45
26.363,0.45
26.364,0.45
26.365,0.45
26.366,0.45
26.367,0.45
26.368,0.45
26.369,0.45
26.37,0.45
26.371,0.45
26.372,0.45
26.373,0.45
26.374,0.45
26.375,0.45
26.376,0.45
26.377,0.45
26.378,0.45
26.379,0.45
26.38,0.45
26.381,0.45
26.382,0.45
26.383,0.45
26.384,0.45
26.385,0.45
26.386,0.45
26.387,0.45
26.388,0.45
26.389,0.45
26.39,0.0
26.391,0.0
26.392,0.0
26.393,0.0
26.394,0.0
26.395,0.0
26.396,0.0
26.397,0.0
26.398,0.0
26.399,0.0
26.4,0.0
26.401,0.0
26.402,0.0
26.403,0.0
26.404,0.0
26.405,0.0
26.406,0.0
26.407,0.0
26.408,0.0
26.409,0.0
26.41,0.0
26.411,0.0
26.412,0.0
26.413,0.0
26.414,0.0
26.415,0.0
26.416,0.0
26.417,0.0
26.418,0.0
26.419,0.0
26.42,0.0
26.421,0.0
26.422,0.0
26.423,0.0
26.424,0.0
26.425,0.0
26.426,0.0
26.427,0.0
26.428,0.0
26.429,0.0
26.43,0.0
26.431,0.0
26.432,0.0
26.433,0.0
26.434,0.0
26.435,0.0
26.436,0.0
26.437,0.0
26.438,0.0
26.439,0.0
26.44,0.0
26.441,0.0
26.442,0.0
26.443,0.0
26.444,0.0
26.445,0.0
26.446,0.0
26.447,0.0
26.448,0.0
26.449,0.0
26.45,0.0
26.451,0.0
26.452,0.0
26.453,0.0
26.454,0.0
26.455,0.0
26.456,0.0
26.457,0.0
26.458,0.0
26.459,0.0
26.46,0.0
26.461,0.0
26.462,0.0
26.463,0.0
26.464,0.0
26.465,0.0
26.466,0.0
26.467,0.0
26.468,0.0
26.469,0.0
26.47,0.0
26.471,0.0
26.472,0.0
26.473,0.0
26.474,0.0
26.475,0.0
26.476,0.0
26.477,0.0
26.478,0.0
26.479,0.0
26.48,0.0
26.481,0.0
26.482,0.0
26.483,0.0
26.484,0.0
26.485,0.0
26.486,0.0
26.487,0.0
26.488,0.0
26.489,0.0
26.49,0.0
26.491,0.0
26.492,0.0
26.493,0.0
26.494,0.0
26.495,0.0
26.496,0.0
26.497,0.0
26.498,0.0
26.499,0.0
26.5,0.0
26.501,0.0
26.502,0.0
26.503,0.0
26.504,0.0
26.505,0.0
26.506,0.0
26.507,0.0
26.508,0.0
26.509,0.0
26.51,0.0
26.511,0.0
26.512,0.0
26.513,0.0
26.514,0.0
26.515,0.0
26.516,0.0
26.517,0.0
26.518,0.0
26.519,0.0
26.52,0.0
26.521,0.0
26.522,0.0
26.523,0.0
26.524,0.0
26.525,0.0
26.526,0.0
26.527,0.0
26.528,0.0
26.529,0.0
26.53,0.0
26.531,0.0
26.532,0.0
26.533,0.0
26.534,0.0
26.535,0.0
26.536,0.0
26.537,0.0
26.538,0.0
26.539,0.0
26.54,0.0
26.541,0.0
26.542,0.0
26.543,0.0
26.544,0.0
26.545,0.0
26.546,0.0
26.547,0.0
26.548,0.0
26.549,0.0
26.55,0.0
26.551,0.0
26.552,0.0
26.553,0.0
26.554,0.0
26.555,0.0
26.556,0.0
26.557,0.0
26.558,0.0
26.559,0.0
26.56,0.0
26.561,0.0
26.562,0.0
26.563,0.0
26.564,0.0
26.565,0.0
26.566,0.0
26.567,0.0
26.568,0.0
26.569,0.0
26.57,0.0
26.571,0.0
26.572,0.0
26.573,0.0
26.574,0.0
26.575,0.0
26.576,0.0
26.577,0.0
26.578,0.0
26.579,0.0
26.58,0.0
26.581,0.0
26.582,0.0
26.583,0.0
26.584,0.0
26.585,0.0
26.586,0.0
26.587,0.0
26.588,0.0
26.589,0.0
26.59,0.0
26.591,0.0
26.592,0.0
26.593,0.0
26.594,0.0
26.595,0.0
26.596,0.0
26.597,0.0
26.598,0.0
26.599,0.0
26.6,0.0
26.601,0.0
26.602,0.0
26.603,0.0
26.604,0.0
26.605,0.0
26.606,0.0
26.607,0.0
26.608,0.0
26.609,0.0
26.61,0.0
26.611,0.0
26.612,0.0
26.613,0.0
26.614,0.0
26.615,0.0
26.616,0.0
26.617,0.0
26.618,0.0
26.619,0.0
26.62,0.0
26.621,0.0
26.622,0.0
26.623,0.0
26.624,0.0
26.625,0.0
26.626,0.0
26.627,0.0
26.628,0.0
26.629,0.0
26.63,0.0
26.631,0.0
26.632,0.0
26.633,0.0
26.634,0.0
26.635,0.0
26.636,0.0
26.637,0.0
26.638,0.0
26.639,0.0
26.64,0.0
26.641,0.0
26.642,0.0
26.643,0.0
26.644,0.0
26.645,0.0
26.646,0.0
26.647,0.0
26.648,0.0
26.649,0.0
26.65,0.0
26.651,0.0
26.652,0.0
26.653,0.0
26.654,0.0
26.655,0.0
26.656,0.0
26.657,0.0
26.658,0.0
26.659,0.0
26.66,0.0
26.661,0.0
26.662,0.0
26.663,0.0
26.664,0.0
26.665,0.0
26.666,0.0
26.667,0.0
26.668,0.0
26.669,0.0
26.67,0.0
26.671,0.0
26.672,0.0
26.673,0.0
26.674,0.0
26.675,0.0
26.676,0.0
26.677,0.0
26.678,0.0
26.679,0.0
26.68,0.0
26.681,0.0
26.682,0.0
26.683,0.0
26.684,0.0
26.685,0.0
26.686,0.0
26.687,0.0
26.688,0.0
26.689,0.0
26.69,0.0
26.691,0.0
26.692,0.0
26.693,0.0
26.694,0.0
26.695,0.0
26.696,0.0
26.697,0.0
26.698,0.0
26.699,0.0
26.7,0.0
26.701,0.0
26.702,0.0
26.703,0.0
26.704,0.0
26.705,0.0
26.706,0.0
26.707,0.0
26.708,0.0
26.709,0.0
26.71,0.0
26.711,0.0
26.712,0.0
26.713,0.0
26.714,0.0
26.715,0.0
26.716,0.0
26.717,0.0
26.718,0.0
26.719,0.0
26.72,0.0
26.721,0.0
26.722,0.0
26.723,0.0
26.724,0.0
26.725,0.0
26.726,0.0
26.727,0.0
26.728,0.0
26.729,0.0
26.73,0.0
26.731,0.0
26.732,0.0
26.733,0.0
26.734,0.0
26.735,0.0
26.736,0.0
26.737,0.0
26.738,0.0
26.739,0.0
26.74,0.0
26.741,0.0
26.742,0.0
26.743,0.0
26.744,0.0
26.745,0.0
26.746,0.0
26.747,0.0
26.748,0.0
26.749,0.0
26.75,0.0
26.751,0.0
26.752,0.0
26.753,0.0
26.754,0.0
26.755,0.0
26.756,0.0
26.757,0.0
26.758,0.0
26.759,0.0
26.76,0.0
26.761,0.0
26.762,0.0
26.763,0.0
26.764,0.0
26.765,0.0
26.766,0.0
26.767,0.0
26.768,0.0
26.769,0.0
26.77,0.0
26.771,0.0
26.772,0.0
26.773,0.0
26.774,0.0
26.775,0.0
26.776,0.0
26.777,0.0
26.778,0.0
26.779,0.0
26.78,0.0
26.781,0.0
26.782,0.0
26.783,0.0
26.784,0.0
26.785,0.0
26.786,0.0
26.787,0.0
26.788,0.0
26.789,0.0
26.79,0.0
26.791,0.0
26.792,0.0
26.793,0.0
26.794,0.0
26.795,0.0
26.796,0.0
26.797,0.0
26.798,0.0
26.799,0.0
26.8,0.0
26.801,0.0
26.802,0.0
26.803,0.0
26.804,0.0
26.805,0.0
26.806,0.0
26.807,0.0
26.808,0.0
26.809,0.0
26.81,0.0
26.811,0.0
26.812,0.0
26.813,0.0
26.814,0.0
26.815,0.0
26.816,0.0
26.817,0.0
26.818,0.0
26.819,0.0
26.82,0.0
26.821,0.0
26.822,0.0
26.823,0.0
26.824,0.0
26.825,0.0
26.826,0.0
26.827,0.0
26.828,0.0
26.829,0.0
26.83,0.0
26.831,0.0
26.832,0.0
26.833,0.0
26.834,0.0
26.835,0.0
26.836,0.0
26.837,0.0
26.838,0.0
26.839,0.0
26.84,0.0
26.841,0.0
26.842,0.0
26.843,0.0
26.844,0.0
26.845,0.0
26.846,0.0
26.847,0.0
26.848,0.0
26.849,0.0
26.85,0.0
26.851,0.0
26.852,0.0
26.853,0.0
26.854,0.0
26.855,0.0
26.856,0.0
26.857,0.0
26.858,0.0
26.859,0.0
26.86,0.0
26.861,0.0
26.862,0.0
26.863,0.0
26.864,0.0
26.865,0.0
26.866,0.0
26.867,0.0
26.868,0.0
26.869,0.0
26.87,0.0
26.871,0.0
26.872,0.0
26.873,0.0
26.874,0.0
26.875,0.0
26.876,0.0
26.877,0.0
26.878,0.0
26.879,0.0
26.88,0.0
26.881,0.0
26.882,0.0
26.883,0.0
26.884,0.0
26.885,0.0
26.886,0.0
26.887,0.0
26.888,0.0
26.889,0.0
26.89,0.0
26.891,0.0
26.892,0.0
26.893,0.0
26.894,0.0
26.895,0.0
26.896,0.0
26.897,0.0
26.898,0.0
26.899,0.0
26.9,0.0
26.901,0.0
26.902,0.0
26.903,0.0
26.904,0.0
26.905,0.0
26.906,0.0
26.907,0.0
26.908,0.0
26.909,0.0
26.91,0.0
26.911,0.0
26.912,0.0
26.913,0.0
26.914,0.0
26.915,0.0
26.916,0.0
26.917,0.0
26.918,0.0
26.919,0.0
26.92,0.0
26.921,0.0
26.922,0.0
26.923,0.0
26.924,0.0
26.925,0.0
26.926,0.0
26.927,0.0
26.928,0.0
26.929,0.0
26.93,0.0
26.931,0.0
26.932,0.0
26.933,0.0
26.934,0.0
26.935,0.0
26.936,0.0
26.937,0.0
26.938,0.0
26.939,0.0
26.94,0.0
26.941,0.0
26.942,0.0
26.943,0.0
26.944,0.0
26.945,0.0
26.946,0.0
26.947,0.0
26.948,0.0
26.949,0.0
26.95,0.0
26.951,0.0
26.952,0.0
26.953,0.0
26.954,0.0
26.955,0.0
26.956,0.0
26.957,0.0
26.958,0.0
26.959,0.0
26.96,0.0
26.961,0.0
26.962,0.0
26.963,0.0
26.964,0.0
26.965,0.0
26.966,0.0
26.967,0.0
26.968,0.0
26.969,0.0
26.97,0.0
26.971,0.0
26.972,0.0
26.973,0.0
26.974,0.0
26.975,0.0
26.976,0.0
26.977,0.0
26.978,0.0
26.979,0.0
26.98,0.0
26.981,0.0
26.982,0.0
26.983,0.0
26.984,0.0
26.985,0.0
26.986,0.0
26.987,0.0
26.988,0.0
26.989,0.0
26.99,0.0
26.991,0.0
26.992,0.0
26.993,0.0
26.994,0.0
26.995,0.0
26.996,0.0
26.997,0.0
26.998,0.0
26.999,0.0
27.0,0.0
27.001,0.0
27.002,0.0
27.003,0.0
27.004,0.0
27.005,0.0
27.006,0.0
27.007,0.0
27.008,0.0
27.009,0.0
27.01,0.0
27.011,0.0
27.012,0.0
27.013,0.0
27.014,0.0
27.015,0.0
27.016,0.0
27.017,0.0
27.018,0.0
27.019,0.0
27.02,0.0
27.021,0.0
27.022,0.0
27.023,0.0
27.024,0.0
27.025,0.0
27.026,0.0
27.027,0.0
27.028,0.0
27.029,0.0
27.03,0.0
27.031,0.0
27.032,0.0
27.033,0.0
27.034,0.0
27.035,0.0
27.036,0.0
27.037,0.0
27.038,0.0
27.039,0.0
27.04,0.0
27.041,0.0
27.042,0.0
27.043,0.0
27.044,0.0
27.045,0.0
27.046,0.0
27.047,0.0
27.048,0.0
27.049,0.0
27.05,0.0
27.051,0.0
27.052,0.0
27.053,0.0
27.054,0.0
27.055,0.0
27.056,0.0
27.057,0.0
27.058,0.0
27.059,0.0
27.06,0.0
27.061,0.0
27.062,0.0
27.063,0.0
27.064,0.0
27.065,0.0
27.066,0.0
27.067,0.0
27.068,0.0
27.069,0.0
27.07,0.0
27.071,0.0
27.072,0.0
27.073,0.0
27.074,0.0
27.075,0.0
27.076,0.0
27.077,0.0
27.078,0.0
27.079,0.0
27.08,0.0
27.081,0.0
27.082,0.0
27.083,0.0
27.084,0.0
27.085,0.0
27.086,0.0
27.087,0.0
27.088,0.0
27.089,0.0
27.09,0.0
27.091,0.0
27.092,0.0
27.093,0.0
27.094,0.0
27.095,0.0
27.096,0.0
27.097,0.0
27.098,0.0
27.099,0.0
27.1,0.0
27.101,0.0
27.102,0.0
27.103,0.0
27.104,0.0
27.105,0.0
27.106,0.0
27.107,0.0
27.108,0.0
27.109,0.0
27.11,0.0
27.111,0.0
27.112,0.0
27.113,0.0
27.114,0.0
27.115,0.0
27.116,0.0
27.117,0.0
27.118,0.0
27.119,0.0
27.12,0.0
27.121,0.0
27.122,0.0
27.123,0.0
27.124,0.0
27.125,0.0
27.126,0.0
27.127,0.0
27.128,0.0
27.129,0.0
27.13,0.0
27.131,0.0
27.132,0.0
27.133,0.0
27.134,0.0
27.135,0.0
27.136,0.0
27.137,0.0
27.138,0.0
27.139,0.0
27.14,0.0
27.141,0.0
27.142,0.0
27.143,0.0
27.144,0.0
27.145,0.0
27.146,0.0
27.147,0.0
27.148,0.0
27.149,0.0
27.15,0.0
27.151,0.0
27.152,0.0
27.153,0.0
27.154,0.0
27.155,0.0
27.156,0.0
27.157,0.0
27.158,0.0
27.159,0.0
27.16,0.0
27.161,0.0
27.162,0.0
27.163,0.0
27.164,0.0
27.165,0.0
27.166,0.0
27.167,0.0
27.168,0.0
27.169,0.0
27.17,0.0
27.171,0.0
27.172,0.0
27.173,0.0
27.174,0.0
27.175,0.0
27.176,0.0
27.177,0.0
27.178,0.0
27.179,0.0
27.18,0.0
27.181,0.0
27.182,0.0
27.183,0.0
27.184,0.0
27.185,0.0
27.186,0.0
27.187,0.0
27.188,0.0
27.189,0.0
27.19,0.0
27.191,0.0
27.192,0.0
27.193,0.0
27.194,0.0
27.195,0.0
27.196,0.0
27.197,0.0
27.198,0.0
27.199,0.0
27.2,0.0
27.201,0.0
27.202,0.0
27.203,0.0
27.204,0.0
27.205,0.0
27.206,0.0
27.207,0.0
27.208,0.0
27.209,0.0
27.21,0.0
27.211,0.0
27.212,0.0
27.213,0.0
27.214,0.0
27.215,0.0
27.216,0.0
27.217,0.0
27.218,0.0
27.219,0.0
27.22,0.0
27.221,0.0
27.222,0.0
27.223,0.0
27.224,0.0
27.225,0.0
27.226,0.0
27.227,0.0
27.228,0.0
27.229,0.0
27.23,0.0
27.231,0.0
27.232,0.0
27.233,0.0
27.234,0.0
27.235,0.0
27.236,0.0
27.237,0.0
27.238,0.0
27.239,0.0
27.24,0.0
27.241,0.0
27.242,0.0
27.243,0.0
27.244,0.0
27.245,0.0
27.246,0.0
27.247,0.0
27.248,0.0
27.249,0.0
27.25,0.0
27.251,0.0
27.252,0.0
27.253,0.0
27.254,0.0
27.255,0.0
27.256,0.0
27.257,0.0
27.258,0.0
27.259,0.0
27.26,0.0
27.261,0.0
27.262,0.0
27.263,0.0
27.264,0.0
27.265,0.0
27.266,0.0
27.267,0.0
27.268,0.0
27.269,0.0
27.27,0.0
27.271,0.0
27.272,0.0
27.273,0.0
27.274,0.0
27.275,0.0
27.276,0.0
27.277,0.0
27.278,0.0
27.279,0.0
27.28,0.0
27.281,0.0
27.282,0.0
27.283,0.0
27.284,0.0
27.285,0.0
27.286,0.0
27.287,0.0
27.288,0.0
27.289,0.0
27.29,0.0
27.291,0.0
27.292,0.0
27.293,0.0
27.294,0.0
27.295,0.0
27.296,0.0
27.297,0.0
27.298,0.0
27.299,0.0
27.3,0.0
27.301,0.0
27.302,0.0
27.303,0.0
27.304,0.0
27.305,0.0
27.306,0.0
27.307,0.0
27.308,0.0
27.309,0.0
27.31,0.0
27.311,0.0
27.312,0.0
27.313,0.0
27.314,0.0
27.315,0.0
27.316,0.0
27.317,0.0
27.318,0.0
27.319,0.0
27.32,0.0
27.321,0.0
27.322,0.0
27.323,0.0
27.324,0.0
27.325,0.0
27.326,0.0
27.327,0.0
27.328,0.0
27.329,0.0
27.33,0.0
27.331,0.0
27.332,0.0
27.333,0.0
27.334,0.0
27.335,0.0
27.336,0.0
27.337,0.0
27.338,0.0
27.339,0.0
27.34,0.0
27.341,0.0
27.342,0.0
27.343,0.0
27.344,0.0
27.345,0.0
27.346,0.0
27.347,0.0
27.348,0.0
27.349,0.0
27.35,0.0
27.351,0.0
27.352,0.0
27.353,0.0
27.354,0.0
27.355,0.0
27.356,0.0
27.357,0.0
27.358,0.0
27.359,0.0
27.36,0.0
27.361,0.0
27.362,0.0
27.363,0.0
27.364,0.0
27.365,0.0
27.366,0.0
27.367,0.0
27.368,0.0
27.369,0.0
27.37,0.0
27.371,0.0
27.372,0.0
27.373,0.0
27.374,0.0
27.375,0.0
27.376,0.0
27.377,0.0
27.378,0.0
27.379,0.0
27.38,0.0
27.381,0.0
27.382,0.0
27.383,0.0
27.384,0.0
27.385,0.0
27.386,0.0
27.387,0.0
27.388,0.0
27.389,0.0
27.39,0.0
27.391,0.0
27.392,0.0
27.393,0.0
27.394,0.0
27.395,0.0
27.396,0.0
27.397,0.0
27.398,0.0
27.399,0.0
27.4,0.0
27.401,0.0
27.402,0.0
27.403,0.0
27.404,0.0
27.405,0.0
27.406,0.0
27.407,0.0
27.408,0.0
27.409,0.0
27.41,0.0
27.411,0.0
27.412,0.0
27.413,0.0
27.414,0.0
27.415,0.0
27.416,0.0
27.417,0.0
27.418,0.0
27.419,0.0
27.42,0.0
27.421,0.0
27.422,0.0
27.423,0.0
27.424,0.0
27.425,0.0
27.426,0.0
27.427,0.0
27.428,0.0
27.429,0.0
27.43,0.0
27.431,0.0
27.432,0.0
27.433,0.0
27.434,0.0
27.435,0.0
27.436,0.0
27.437,0.0
27.438,0.0
27.439,0.0
27.44,0.0
27.441,0.0
27.442,0.0
27.443,0.0
27.444,0.0
27.445,0.0
27.446,0.0
27.447,0.0
27.448,0.0
27.449,0.0
27.45,0.0
27.451,0.0
27.452,0.0
27.453,0.0
27.454,0.0
27.455,0.0
27.456,0.0
27.457,0.0
27.458,0.0
27.459,0.0
27.46,0.0
27.461,0.0
27.462,0.0
27.463,0.0
27.464,0.0
27.465,0.0
27.466,0.0
27.467,0.0
27.468,0.0
27.469,0.0
27.47,0.0
27.471,0.0
27.472,0.0
27.473,0.0
27.474,0.0
27.475,0.0
27.476,0.0
27.477,0.0
27.478,0.0
27.479,0.0
27.48,0.0
27.481,0.0
27.482,0.0
27.483,0.0
27.484,0.0
27.485,0.0
27.486,0.0
27.487,0.0
27.488,0.0
27.489,0.0
27.49,0.0
27.491,0.0
27.492,0.0
27.493,0.0
27.494,0.0
27.495,0.0
27.496,0.0
27.497,0.0
27.498,0.0
27.499,0.0
27.5,0.0
27.501,0.0
27.502,0.0
27.503,0.0
27.504,0.0
27.505,0.0
27.506,0.0
27.507,0.0
27.508,0.0
27.509,0.0
27.51,0.0
27.511,0.0
27.512,0.0
27.513,0.0
27.514,0.0
27.515,0.0
27.516,0.0
27.517,0.0
27.518,0.0
27.519,0.0
27.52,0.0
27.521,0.0
27.522,0.0
27.523,0.0
27.524,0.0
27.525,0.0
27.526,0.0
27.527,0.0
27.528,0.0
27.529,0.0
27.53,0.0
27.531,0.0
27.532,0.0
27.533,0.0
27.534,0.0
27.535,0.0
27.536,0.0
27.537,0.0
27.538,0.0
27.539,0.0
27.54,0.0
27.541,0.0
27.542,0.0
27.543,0.0
27.544,0.0
27.545,0.0
27.546,0.0
27.547,0.0
27.548,0.0
27.549,0.0
27.55,0.0
27.551,0.0
27.552,0.0
27.553,0.0
27.554,0.0
27.555,0.0
27.556,0.0
27.557,0.0
27.558,0.0
27.559,0.0
27.56,0.0
27.561,0.0
27.562,0.0
27.563,0.0
27.564,0.0
27.565,0.0
27.566,0.0
27.567,0.0
27.568,0.0
27.569,0.0
27.57,0.0
27.571,0.0
27.572,0.0
27.573,0.0
27.574,0.0
27.575,0.0
27.576,0.0
27.577,0.0
27.578,0.0
27.579,0.0
27.58,0.0
27.581,0.0
27.582,0.0
27.583,0.0
27.584,0.0
27.585,0.0
27.586,0.0
27.587,0.0
27.588,0.0
27.589,0.0
27.59,0.0
27.591,0.0
27.592,0.0
27.593,0.0
27.594,0.0
27.595,0.0
27.596,0.0
27.597,0.0
27.598,0.0
27.599,0.0
27.6,0.0
27.601,0.0
27.602,0.0
27.603,0.0
27.604,0.0
27.605,0.0
27.606,0.0
27.607,0.0
27.608,0.0
27.609,0.0
27.61,0.0
27.611,0.0
27.612,0.0
27.613,0.0
27.614,0.0
27.615,0.0
27.616,0.0
27.617,0.0
27.618,0.0
27.619,0.0
27.62,0.0
27.621,0.0
27.622,0.0
27.623,0.0
27.624,0.0
27.625,0.0
27.626,0.0
27.627,0.0
27.628,0.0
27.629,0.0
27.63,0.0
27.631,0.0
27.632,0.0
27.633,0.0
27.634,0.0
27.635,0.0
27.636,0.0
27.637,0.0
27.638,0.0
27.639,0.0
27.64,0.0
27.641,0.0
27.642,0.0
27.643,0.0
27.644,0.0
27.645,0.0
27.646,0.0
27.647,0.0
27.648,0.0
27.649,0.0
27.65,0.0
27.651,0.0
27.652,0.0
27.653,0.0
27.654,0.0
27.655,0.0
27.656,0.0
27.657,0.0
27.658,0.0
27.659,0.0
27.66,0.0
27.661,0.0
27.662,0.0
27.663,0.0
27.664,0.0
27.665,0.0
27.666,0.0
27.667,0.0
27.668,0.0
27.669,0.0
27.67,0.0
27.671,0.0
27.672,0.0
27.673,0.0
27.674,0.0
27.675,0.0
27.676,0.0
27.677,0.0
27.678,0.0
27.679,0.0
27.68,0.0
27.681,0.0
27.682,0.0
27.683,0.0
27.684,0.0
27.685,0.0
27.686,0.0
27.687,0.0
27.688,0.0
27.689,0.0
27.69,0.0
27.691,0.0
27.692,0.0
27.693,0.0
27.694,0.0
27.695,0.0
27.696,0.0
27.697,0.0
27.698,0.0
27.699,0.0
27.7,0.0
27.701,0.0
27.702,0.0
27.703,0.0
27.704,0.0
27.705,0.0
27.706,0.0
27.707,0.0
27.708,0.0
27.709,0.0
27.71,0.0
27.711,0.0
27.712,0.0
27.713,0.0
27.714,0.0
27.715,0.0
27.716,0.0
27.717,0.0
27.718,0.0
27.719,0.0
27.72,0.0
27.721,0.0
27.722,0.0
27.723,0.0
27.724,0.0
27.725,0.0
27.726,0.0
27.727,0.0
27.728,0.0
27.729,0.0
27.73,0.0
27.731,0.0
27.732,0.0
27.733,0.0
27.734,0.0
27.735,0.0
27.736,0.0
27.737,0.0
27.738,0.0
27.739,0.0
27.74,0.0
27.741,0.0
27.742,0.0
27.743,0.0
27.744,0.0
27.745,0.0
27.746,0.0
27.747,0.0
27.748,0.0
27.749,0.0
27.75,0.0
27.751,0.0
27.752,0.0
27.753,0.0
27.754,0.0
27.755,0.0
27.756,0.0
27.757,0.0
27.758,0.0
27.759,0.0
27.76,0.0
27.761,0.0
27.762,0.0
27.763,0.0
27.764,0.0
27.765,0.0
27.766,0.0
27.767,0.0
27.768,0.0
27.769,0.0
27.77,0.0
27.771,0.0
27.772,0.0
27.773,0.0
27.774,0.0
27.775,0.0
27.776,0.0
27.777,0.0
27.778,0.0
27.779,0.0
27.78,0.0
27.781,0.0
27.782,0.0
27.783,0.0
27.784,0.0
27.785,0.0
27.786,0.0
27.787,0.0
27.788,0.0
27.789,0.0
27.79,0.0
27.791,0.0
27.792,0.0
27.793,0.0
27.794,0.0
27.795,0.0
27.796,0.0
27.797,0.0
27.798,0.0
27.799,0.0
27.8,0.0
27.801,0.0
27.802,0.0
27.803,0.0
27.804,0.0
27.805,0.0
27.806,0.0
27.807,0.0
27.808,0.0
27.809,0.0
27.81,0.0
27.811,0.0
27.812,0.0
27.813,0.0
27.814,0.0
27.815,0.0
27.816,0.0
27.817,0.0
27.818,0.0
27.819,0.0
27.82,0.0
27.821,0.0
27.822,0.0
27.823,0.0
27.824,0.0
27.825,0.0
27.826,0.0
27.827,0.0
27.828,0.0
27.829,0.0
27.83,0.0
27.831,0.0
27.832,0.0
27.833,0.0
27.834,0.0
27.835,0.0
27.836,0.0
27.837,0.0
27.838,0.0
27.839,0.0
27.84,0.0
27.841,0.0
27.842,0.0
27.843,0.0
27.844,0.0
27.845,0.0
27.846,0.0
27.847,0.0
27.848,0.0
27.849,0.0
27.85,0.0
27.851,0.0
27.852,0.0
27.853,0.0
27.854,0.0
27.855,0.0
27.856,0.0
27.857,0.0
27.858,0.0
27.859,0.0
27.86,0.0
27.861,0.0
27.862,0.0
27.863,0.0
27.864,0.0
27.865,0.0
27.866,0.0
27.867,0.0
27.868,0.0
27.869,0.0
27.87,0.0
27.871,0.0
27.872,0.0
27.873,0.0
27.874,0.0
27.875,0.0
27.876,0.0
27.877,0.0
27.878,0.0
27.879,0.0
27.88,0.0
27.881,0.0
27.882,0.0
27.883,0.0
27.884,0.0
27.885,0.0
27.886,0.0
27.887,0.0
27.888,0.0
27.889,0.0
27.89,0.0
27.891,0.0
27.892,0.0
27.893,0.0
27.894,0.0
27.895,0.0
27.896,0.0
27.897,0.0
27.898,0.0
27.899,0.0
27.9,0.0
27.901,0.0
27.902,0.0
27.903,0.0
27.904,0.0
27.905,0.0
27.906,0.0
27.907,0.0
27.908,0.0
27.909,0.0
27.91,0.0
27.911,0.0
27.912,0.0
27.913,0.0
27.914,0.0
27.915,0.0
27.916,0.0
27.917,0.0
27.918,0.0
27.919,0.0
27.92,0.0
27.921,0.0
27.922,0.0
27.923,0.0
27.924,0.0
27.925,0.0
27.926,0.0
27.927,0.0
27.928,0.0
27.929,0.0
27.93,0.0
27.931,0.0
27.932,0.0
27.933,0.0
27.934,0.0
27.935,0.0
27.936,0.0
27.937,0.0
27.938,0.0
27.939,0.0
27.94,0.0
27.941,0.0
27.942,0.0
27.943,0.0
27.944,0.0
27.945,0.0
27.946,0.0
27.947,0.0
27.948,0.0
27.949,0.0
27.95,0.0
27.951,0.0
27.952,0.0
27.953,0.0
27.954,0.0
27.955,0.0
27.956,0.0
27.957,0.0
27.958,0.0
27.959,0.0
27.96,0.0
27.961,0.0
27.962,0.0
27.963,0.0
27.964,0.0
27.965,0.0
27.966,0.0
27.967,0.0
27.968,0.0
27.969,0.0
27.97,0.0
27.971,0.0
27.972,0.0
27.973,0.0
27.974,0.0
27.975,0.0
27.976,0.0
27.977,0.0
27.978,0.0
27.979,0.0
27.98,0.0
27.981,0.0
27.982,0.0
27.983,0.0
27.984,0.0
27.985,0.0
27.986,0.0
27.987,0.0
27.988,0.0
27.989,0.0
27.99,0.0
27.991,0.0
27.992,0.0
27.993,0.0
27.994,0.0
27.995,0.0
27.996,0.0
27.997,0.0
27.998,0.0
27.999,0.0
28.0,0.0
28.001,0.0
28.002,0.0
28.003,0.0
28.004,0.0
28.005,0.0
28.006,0.0
28.007,0.0
28.008,0.0
28.009,0.0
28.01,0.0
28.011,0.0
28.012,0.0
28.013,0.0
28.014,0.0
28.015,0.0
28.016,0.0
28.017,0.0
28.018,0.0
28.019,0.0
28.02,0.0
28.021,0.0
28.022,0.0
28.023,0.0
28.024,0.0
28.025,0.0
28.026,0.0
28.027,0.0
28.028,0.0
28.029,0.0
28.03,0.0
28.031,0.0
28.032,0.0
28.033,0.0
28.034,0.0
28.035,0.0
28.036,0.0
28.037,0.0
28.038,0.0
28.039,0.0
28.04,0.0
28.041,0.0
28.042,0.0
28.043,0.0
28.044,0.0
28.045,0.0
28.046,0.0
28.047,0.0
28.048,0.0
28.049,0.0
28.05,0.0
28.051,0.0
28.052,0.0
28.053,0.0
28.054,0.0
28.055,0.0
28.056,0.0
28.057,0.0
28.058,0.0
28.059,0.0
28.06,0.0
28.061,0.0
28.062,0.0
28.063,0.0
28.064,0.0
28.065,0.0
28.066,0.0
28.067,0.0
28.068,0.0
28.069,0.0
28.07,0.0
28.071,0.0
28.072,0.0
28.073,0.0
28.074,0.0
28.075,0.0
28.076,0.0
28.077,0.0
28.078,0.0
28.079,0.0
28.08,0.0
28.081,0.0
28.082,0.0
28.083,0.0
28.084,0.0
28.085,0.0
28.086,0.0
28.087,0.0
28.088,0.0
28.089,0.0
28.09,0.0
28.091,0.0
28.092,0.0
28.093,0.0
28.094,0.0
28.095,0.0
28.096,0.0
28.097,0.0
28.098,0.0
28.099,0.0
28.1,0.0
28.101,0.0
28.102,0.0
28.103,0.0
28.104,0.0
28.105,0.0
28.106,0.0
28.107,0.0
28.108,0.0
28.109,0.0
28.11,0.0
28.111,0.0
28.112,0.0
28.113,0.0
28.114,0.0
28.115,0.0
28.116,0.0
28.117,0.0
28.118,0.0
28.119,0.0
28.12,0.0
28.121,0.0
28.122,0.0
28.123,0.0
28.124,0.0
28.125,0.0
28.126,0.0
28.127,0.0
28.128,0.0
28.129,0.0
28.13,0.0
28.131,0.0
28.132,0.0
28.133,0.0
28.134,0.0
28.135,0.0
28.136,0.0
28.137,0.0
28.138,0.0
28.139,0.0
28.14,0.0
28.141,0.0
28.142,0.0
28.143,0.0
28.144,0.0
28.145,0.0
28.146,0.0
28.147,0.0
28.148,0.0
28.149,0.0
28.15,0.0
28.151,0.0
28.152,0.0
28.153,0.0
28.154,0.0
28.155,0.0
28.156,0.0
28.157,0.0
28.158,0.0
28.159,0.0
28.16,0.0
28.161,0.0
28.162,0.0
28.163,0.0
28.164,0.0
28.165,0.0
28.166,0.0
28.167,0.0
28.168,0.0
28.169,0.0
28.17,0.0
28.171,0.0
28.172,0.0
28.173,0.0
28.174,0.0
28.175,0.0
28.176,0.0
28.177,0.0
28.178,0.0
28.179,0.0
28.18,0.0
28.181,0.0
28.182,0.0
28.183,0.0
28.184,0.0
28.185,0.0
28.186,0.0
28.187,0.0
28.188,0.0
28.189,0.0
28.19,0.0
28.191,0.0
28.192,0.0
28.193,0.0
28.194,0.0
28.195,0.0
28.196,0.0
28.197,0.0
28.198,0.0
28.199,0.0
28.2,0.0
28.201,0.0
28.202,0.0
28.203,0.0
28.204,0.0
28.205,0.0
28.206,0.0
28.207,0.0
28.208,0.0
28.209,0.0
28.21,0.0
28.211,0.0
28.212,0.0
28.213,0.0
28.214,0.0
28.215,0.0
28.216,0.0
28.217,0.0
28.218,0.0
28.219,0.0
28.22,0.0
28.221,0.0
28.222,0.0
28.223,0.0
28.224,0.0
28.225,0.0
28.226,0.0
28.227,0.0
28.228,0.0
28.229,0.0
28.23,0.0
28.231,0.0
28.232,0.0
28.233,0.0
28.234,0.0
28.235,0.0
28.236,0.0
28.237,0.0
28.238,0.0
28.239,0.0
28.24,0.0
28.241,0.0
28.242,0.0
28.243,0.0
28.244,0.0
28.245,0.0
28.246,0.0
28.247,0.0
28.248,0.0
28.249,0.0
28.25,0.0
28.251,0.0
28.252,0.0
28.253,0.0
28.254,0.0
28.255,0.0
28.256,0.0
28.257,0.0
28.258,0.0
28.259,0.0
28.26,0.0
28.261,0.0
28.262,0.0
28.263,0.0
28.264,0.0
28.265,0.0
28.266,0.0
28.267,0.0
28.268,0.0
28.269,0.0
28.27,0.0
28.271,0.0
28.272,0.0
28.273,0.0
28.274,0.0
28.275,0.0
28.276,0.0
28.277,0.0
28.278,0.0
28.279,0.0
28.28,0.0
28.281,0.0
28.282,0.0
28.283,0.0
28.284,0.0
28.285,0.0
28.286,0.0
28.287,0.0
28.288,0.0
28.289,0.0
28.29,0.0
28.291,0.0
28.292,0.0
28.293,0.0
28.294,0.0
28.295,0.0
28.296,0.0
28.297,0.0
28.298,0.0
28.299,0.0
28.3,0.0
28.301,0.0
28.302,0.0
28.303,0.0
28.304,0.0
28.305,0.0
28.306,0.0
28.307,0.0
28.308,0.0
28.309,0.0
28.31,0.0
28.311,0.0
28.312,0.0
28.313,0.0
28.314,0.0
28.315,0.0
28.316,0.0
28.317,0.0
28.318,0.0
28.319,0.0
28.32,0.0
28.321,0.0
28.322,0.0
28.323,0.0
28.324,0.0
28.325,0.0
28.326,0.0
28.327,0.0
28.328,0.0
28.329,0.0
28.33,0.0
28.331,0.0
28.332,0.0
28.333,0.0
28.334,0.0
28.335,0.0
28.336,0.0
28.337,0.0
28.338,0.0
28.339,0.0
28.34,0.0
28.341,0.0
28.342,0.0
28.343,0.0
28.344,0.0
28.345,0.0
28.346,0.0
28.347,0.0
28.348,0.0
28.349,0.0
28.35,0.0
28.351,0.0
28.352,0.0
28.353,0.0
28.354,0.0
28.355,0.0
28.356,0.0
28.357,0.0
28.358,0.0
28.359,0.0
28.36,0.0
28.361,0.0
28.362,0.0
28.363,0.0
28.364,0.0
28.365,0.0
28.366,0.0
28.367,0.0
28.368,0.0
28.369,0.0
28.37,0.0
28.371,0.0
28.372,0.0
28.373,0.0
28.374,0.0
28.375,0.0
28.376,0.0
28.377,0.0
28.378,0.0
28.379,0.0
28.38,0.0
28.381,0.0
28.382,0.0
28.383,0.0
28.384,0.0
28.385,0.0
28.386,0.0
28.387,0.0
28.388,0.0
28.389,0.0
28.39,0.0
28.391,0.0
28.392,0.0
28.393,0.0
28.394,0.0
28.395,0.0
28.396,0.0
28.397,0.0
28.398,0.0
28.399,0.0
28.4,0.0
28.401,0.0
28.402,0.0
28.403,0.0
28.404,0.0
28.405,0.0
28.406,0.0
28.407,0.0
28.408,0.0
28.409,0.0
28.41,0.0
28.411,0.0
28.412,0.0
28.413,0.0
28.414,0.0
28.415,0.0
28.416,0.0
28.417,0.0
28.418,0.0
28.419,0.0
28.42,0.0
28.421,0.0
28.422,0.0
28.423,0.0
28.424,0.0
28.425,0.0
28.426,0.0
28.427,0.0
28.428,0.0
28.429,0.0
28.43,0.0
28.431,0.0
28.432,0.0
28.433,0.0
28.434,0.0
28.435,0.0
28.436,0.0
28.437,0.0
28.438,0.0
28.439,0.0
28.44,0.0
28.441,0.0
28.442,0.0
28.443,0.0
28.444,0.0
28.445,0.0
28.446,0.0
28.447,0.0
28.448,0.0
28.449,0.0
28.45,0.0
28.451,0.0
28.452,0.0
28.453,0.0
28.454,0.0
28.455,0.0
28.456,0.0
28.457,0.0
28.458,0.0
28.459,0.0
28.46,0.0
28.461,0.0
28.462,0.0
28.463,0.0
28.464,0.0
28.465,0.0
28.466,0.0
28.467,0.0
28.468,0.0
28.469,0.0
28.47,0.0
28.471,0.0
28.472,0.0
28.473,0.0
28.474,0.0
28.475,0.0
28.476,0.0
28.477,0.0
28.478,0.0
28.479,0.0
28.48,0.0
28.481,0.0
28.482,0.0
28.483,0.0
28.484,0.0
28.485,0.0
28.486,0.0
28.487,0.0
28.488,0.0
28.489,0.0
28.49,0.0
28.491,0.0
28.492,0.0
28.493,0.0
28.494,0.0
28.495,0.0
28.496,0.0
28.497,0.0
28.498,0.0
28.499,0.0
28.5,0.0
28.501,0.0
28.502,0.0
28.503,0.0
28.504,0.0
28.505,0.0
28.506,0.0
28.507,0.0
28.508,0.0
28.509,0.0
28.51,0.0
28.511,0.0
28.512,0.0
28.513,0.0
28.514,0.0
28.515,0.0
28.516,0.0
28.517,0.0
28.518,0.0
28.519,0.0
28.52,0.0
28.521,0.0
28.522,0.0
28.523,0.0
28.524,0.0
28.525,0.0
28.526,0.0
28.527,0.0
28.528,0.0
28.529,0.0
28.53,0.0
28.531,0.0
28.532,0.0
28.533,0.0
28.534,0.0
28.535,0.0
28.536,0.0
28.537,0.0
28.538,0.0
28.539,0.0
28.54,0.0
28.541,0.0
28.542,0.0
28.543,0.0
28.544,0.0
28.545,0.0
28.546,0.0
28.547,0.0
28.548,0.0
28.549,0.0
28.55,0.0
28.551,0.0
28.552,0.0
28.553,0.0
28.554,0.0
28.555,0.0
28.556,0.0
28.557,0.0
28.558,0.0
28.559,0.0
28.56,0.0
28.561,0.0
28.562,0.0
28.563,0.0
28.564,0.0
28.565,0.0
28.566,0.0
28.567,0.0
28.568,0.0
28.569,0.0
28.57,0.0
28.571,0.0
28.572,0.0
28.573,0.0
28.574,0.0
28.575,0.0
28.576,0.0
28.577,0.0
28.578,0.0
28.579,0.0
28.58,0.0
28.581,0.0
28.582,0.0
28.583,0.0
28.584,0.0
28.585,0.0
28.586,0.0
28.587,0.0
28.588,0.0
28.589,0.0
28.59,0.0
28.591,0.0
28.592,0.0
28.593,0.0
28.594,0.0
28.595,0.0
28.596,0.0
28.597,0.0
28.598,0.0
28.599,0.0
28.6,0.0
28.601,0.0
28.602,0.0
28.603,0.0
28.604,0.0
28.605,0.0
28.606,0.0
28.607,0.0
28.608,0.0
28.609,0.0
28.61,0.0
28.611,0.0
28.612,0.0
28.613,0.0
28.614,0.0
28.615,0.0
28.616,0.0
28.617,0.0
28.618,0.0
28.619,0.0
28.62,0.0
28.621,0.0
28.622,0.0
28.623,0.0
28.624,0.0
28.625,0.0
28.626,0.0
28.627,0.0
28.628,0.0
28.629,0.0
28.63,0.0
28.631,0.0
28.632,0.0
28.633,0.0
28.634,0.0
28.635,0.0
28.636,0.0
28.637,0.0
28.638,0.0
28.639,0.0
28.64,0.0
28.641,0.0
28.642,0.0
28.643,0.0
28.644,0.0
28.645,0.0
28.646,0.0
28.647,0.0
28.648,0.0
28.649,0.0
28.65,0.0
28.651,0.0
28.652,0.0
28.653,0.0
28.654,0.0
28.655,0.0
28.656,0.0
28.657,0.0
28.658,0.0
28.659,0.0
28.66,0.0
28.661,0.0
28.662,0.0
28.663,0.0
28.664,0.0
28.665,0.0
28.666,0.0
28.667,0.0
28.668,0.0
28.669,0.0
28.67,0.0
28.671,0.0
28.672,0.0
28.673,0.0
28.674,0.0
28.675,0.0
28.676,0.0
28.677,0.0
28.678,0.0
28.679,0.0
28.68,0.0
28.681,0.0
28.682,0.0
28.683,0.0
28.684,0.0
28.685,0.0
28.686,0.0
28.687,0.0
28.688,0.0
28.689,0.0
28.69,0.0
28.691,0.0
28.692,0.0
28.693,0.0
28.694,0.0
28.695,0.0
28.696,0.0
28.697,0.0
28.698,0.0
28.699,0.0
28.7,0.0
28.701,0.0
28.702,0.0
28.703,0.0
28.704,0.0
28.705,0.0
28.706,0.0
28.707,0.0
28.708,0.0
28.709,0.0
28.71,0.0
28.711,0.0
28.712,0.0
28.713,0.0
28.714,0.0
28.715,0.0
28.716,0.0
28.717,0.0
28.718,0.0
28.719,0.0
28.72,0.0
28.721,0.0
28.722,0.0
28.723,0.0
28.724,0.0
28.725,0.0
28.726,0.0
28.727,0.0
28.728,0.0
28.729,0.0
28.73,0.0
28.731,0.0
28.732,0.0
28.733,0.0
28.734,0.0
28.735,0.0
28.736,0.0
28.737,0.0
28.738,0.0
28.739,0.0
28.74,0.0
28.741,0.0
28.742,0.0
28.743,0.0
28.744,0.0
28.745,0.0
28.746,0.0
28.747,0.0
28.748,0.0
28.749,0.0
28.75,0.0
28.751,0.0
28.752,0.0
28.753,0.0
28.754,0.0
28.755,0.0
28.756,0.0
28.757,0.0
28.758,0.0
28.759,0.0
28.76,0.0
28.761,0.0
28.762,0.0
28.763,0.0
28.764,0.0
28.765,0.0
28.766,0.0
28.767,0.0
28.768,0.0
28.769,0.0
28.77,0.0
28.771,0.0
28.772,0.0
28.773,0.0
28.774,0.0
28.775,0.0
28.776,0.0
28.777,0.0
28.778,0.0
28.779,0.0
28.78,0.0
28.781,0.0
28.782,0.0
28.783,0.0
28.784,0.0
28.785,0.0
28.786,0.0
28.787,0.0
28.788,0.0
28.789,0.0
28.79,0.0
28.791,0.0
28.792,0.0
28.793,0.0
28.794,0.0
28.795,0.0
28.796,0.0
28.797,0.0
28.798,0.0
28.799,0.0
28.8,0.0
28.801,0.0
28.802,0.0
28.803,0.0
28.804,0.0
28.805,0.0
28.806,0.0
28.807,0.0
28.808,0.0
28.809,0.0
28.81,0.0
28.811,0.0
28.812,0.0
28.813,0.0
28.814,0.0
28.815,0.0
28.816,0.0
28.817,0.0
28.818,0.0
28.819,0.0
28.82,0.0
28.821,0.0
28.822,0.0
28.823,0.0
28.824,0.0
28.825,0.0
28.826,0.0
28.827,0.0
28.828,0.0
28.829,0.0
28.83,0.0
28.831,0.0
28.832,0.0
28.833,0.0
28.834,0.0
28.835,0.0
28.836,0.0
28.837,0.0
28.838,0.0
28.839,0.0
28.84,0.0
28.841,0.0
28.842,0.0
28.843,0.0
28.844,0.0
28.845,0.0
28.846,0.0
28.847,0.0
28.848,0.0
28.849,0.0
28.85,0.0
28.851,0.0
28.852,0.0
28.853,0.0
28.854,0.0
28.855,0.0
28.856,0.0
28.857,0.0
28.858,0.0
28.859,0.0
28.86,0.0
28.861,0.0
28.862,0.0
28.863,0.0
28.864,0.0
28.865,0.0
28.866,0.0
28.867,0.0
28.868,0.0
28.869,0.0
28.87,0.0
28.871,0.0
28.872,0.0
28.873,0.0
28.874,0.0
28.875,0.0
28.876,0.0
28.877,0.0
28.878,0.0
28.879,0.0
28.88,0.0
28.881,0.0
28.882,0.0
28.883,0.0
28.884,0.0
28.885,0.0
28.886,0.0
28.887,0.0
28.888,0.0
28.889,0.0
28.89,0.0
28.891,0.0
28.892,0.0
28.893,0.0
28.894,0.0
28.895,0.0
28.896,0.0
28.897,0.0
28.898,0.0
28.899,0.0
28.9,0.0
28.901,0.0
28.902,0.0
28.903,0.0
28.904,0.0
28.905,0.0
28.906,0.0
28.907,0.0
28.908,0.0
28.909,0.0
28.91,0.0
28.911,0.0
28.912,0.0
28.913,0.0
28.914,0.0
28.915,0.0
28.916,0.0
28.917,0.0
28.918,0.0
28.919,0.0
28.92,0.0
28.921,0.0
28.922,0.0
28.923,0.0
28.924,0.0
28.925,0.0
28.926,0.0
28.927,0.0
28.928,0.0
28.929,0.0
28.93,0.0
28.931,0.0
28.932,0.0
28.933,0.0
28.934,0.0
28.935,0.0
28.936,0.0
28.937,0.0
28.938,0.0
28.939,0.0
28.94,0.0
28.941,0.0
28.942,0.0
28.943,0.0
28.944,0.0
28.945,0.0
28.946,0.0
28.947,0.0
28.948,0.0
28.949,0.0
28.95,0.0
28.951,0.0
28.952,0.0
28.953,0.0
28.954,0.0
28.955,0.0
28.956,0.0
28.957,0.0
28.958,0.0
28.959,0.0
28.96,0.0
28.961,0.0
28.962,0.0
28.963,0.0
28.964,0.0
28.965,0.0
28.966,0.0
28.967,0.0
28.968,0.0
28.969,0.0
28.97,0.0
28.971,0.0
28.972,0.0
28.973,0.0
28.974,0.0
28.975,0.0
28.976,0.0
28.977,0.0
28.978,0.0
28.979,0.0
28.98,0.0
28.981,0.0
28.982,0.0
28.983,0.0
28.984,0.0
28.985,0.0
28.986,0.0
28.987,0.0
28.988,0.0
28.989,0.0
28.99,0.0
28.991,0.0
28.992,0.0
28.993,0.0
28.994,0.0
28.995,0.0
28.996,0.0
28.997,0.0
28.998,0.0
28.999,0.0
29.0,0.0
29.001,0.0
29.002,0.0
29.003,0.0
29.004,0.0
29.005,0.0
29.006,0.0
29.007,0.0
29.008,0.0
29.009,0.0
29.01,0.0
29.011,0.0
29.012,0.0
29.013,0.0
29.014,0.0
29.015,0.0
29.016,0.0
29.017,0.0
29.018,0.0
29.019,0.0
29.02,0.0
29.021,0.0
29.022,0.0
29.023,0.0
29.024,0.0
29.025,0.0
29.026,0.0
29.027,0.0
29.028,0.0
29.029,0.0
29.03,0.0
29.031,0.0
29.032,0.0
29.033,0.0
29.034,0.0
29.035,0.0
29.036,0.0
29.037,0.0
29.038,0.0
29.039,0.0
29.04,0.0
29.041,0.0
29.042,0.0
29.043,0.0
29.044,0.0
29.045,0.0
29.046,0.0
29.047,0.0
29.048,0.0
29.049,0.0
29.05,0.0
29.051,0.0
29.052,0.0
29.053,0.0
29.054,0.0
29.055,0.0
29.056,0.0
29.057,0.0
29.058,0.0
29.059,0.0
29.06,0.0
29.061,0.0
29.062,0.0
29.063,0.0
29.064,0.0
29.065,0.0
29.066,0.0
29.067,0.0
29.068,0.0
29.069,0.0
29.07,0.0
29.071,0.0
29.072,0.0
29.073,0.0
29.074,0.0
29.075,0.0
29.076,0.0
29.077,0.0
29.078,0.0
29.079,0.0
29.08,0.0
29.081,0.0
29.082,0.0
29.083,0.0
29.084,0.0
29.085,0.0
29.086,0.0
29.087,0.0
29.088,0.0
29.089,0.0
29.09,0.0
29.091,0.0
29.092,0.0
29.093,0.0
29.094,0.0
29.095,0.0
29.096,0.0
29.097,0.0
29.098,0.0
29.099,0.0
29.1,0.0
29.101,0.0
29.102,0.0
29.103,0.0
29.104,0.0
29.105,0.0
29.106,0.0
29.107,0.0
29.108,0.0
29.109,0.0
29.11,0.0
29.111,0.0
29.112,0.0
29.113,0.0
29.114,0.0
29.115,0.0
29.116,0.0
29.117,0.0
29.118,0.0
29.119,0.0
29.12,0.0
29.121,0.0
29.122,0.0
29.123,0.0
29.124,0.0
29.125,0.0
29.126,0.0
29.127,0.0
29.128,0.0
29.129,0.0
29.13,0.0
29.131,0.0
29.132,0.0
29.133,0.0
29.134,0.0
29.135,0.0
29.136,0.0
29.137,0.0
29.138,0.0
29.139,0.0
29.14,0.0
29.141,0.0
29.142,0.0
29.143,0.0
29.144,0.0
29.145,0.0
29.146,0.0
29.147,0.0
29.148,0.0
29.149,0.0
29.15,0.0
29.151,0.0
29.152,0.0
29.153,0.0
29.154,0.0
29.155,0.0
29.156,0.0
29.157,0.0
29.158,0.0
29.159,0.0
29.16,0.0
29.161,0.0
29.162,0.0
29.163,0.0
29.164,0.0
29.165,0.0
29.166,0.0
29.167,0.0
29.168,0.0
29.169,0.0
29.17,0.0
29.171,0.0
29.172,0.0
29.173,0.0
29.174,0.0
29.175,0.0
29.176,0.0
29.177,0.0
29.178,0.0
29.179,0.0
29.18,0.0
29.181,0.0
29.182,0.0
29.183,0.0
29.184,0.0
29.185,0.0
29.186,0.0
29.187,0.0
29.188,0.0
29.189,0.0
29.19,0.0
29.191,0.0
29.192,0.0
29.193,0.0
29.194,0.0
29.195,0.0
29.196,0.0
29.197,0.0
29.198,0.0
29.199,0.0
29.2,0.0
29.201,0.0
29.202,0.0
29.203,0.0
29.204,0.0
29.205,0.0
29.206,0.0
29.207,0.0
29.208,0.0
29.209,0.0
29.21,0.0
29.211,0.0
29.212,0.0
29.213,0.0
29.214,0.0
29.215,0.0
29.216,0.0
29.217,0.0
29.218,0.0
29.219,0.0
29.22,0.0
29.221,0.0
29.222,0.0
29.223,0.0
29.224,0.0
29.225,0.0
29.226,0.0
29.227,0.0
29.228,0.0
29.229,0.0
29.23,0.0
29.231,0.0
29.232,0.45
29.233,0.45
29.234,0.45
29.235,0.45
29.236,0.45
29.237,0.45
29.238,0.45
29.239,0.45
29.24,0.45
29.241,0.45
29.242,0.45
29.243,0.45
29.244,0.45
29.245,0.45
29.246,0.45
29.247,0.45
29.248,0.45
29.249,0.45
29.25,0.45
29.251,0.45
29.252,0.45
29.253,0.45
29.254,0.45
29.255,0.45
29.256,0.45
29.257,0.45
29.258,0.45
29.259,0.45
29.26,0.45
29.261,0.45
29.262,0.45
29.263,0.45
29.264,0.45
29.265,0.45
29.266,0.45
29.267,0.45
29.268,0.45
29.269,0.45
29.27,0.45
29.271,0.45
29.272,0.45
29.273,0.45
29.274,0.45
29.275,0.45
29.276,0.45
29.277,0.45
29.278,0.45
29.279,0.45
29.28,0.45
29.281,0.45
29.282,0.45
29.283,0.45
29.284,0.45
29.285,0.45
29.286,0.45
29.287,0.45
29.288,0.45
29.289,0.45
29.29,0.45
29.291,0.45
29.292,0.45
29.293,0.45
29.294,0.45
29.295,0.45
29.296,0.45
29.297,0.45
29.298,0.45
29.299,0.45
29.3,0.45
29.301,0.45
29.302,0.45
29.303,0.45
29.304,0.45
29.305,0.45
29.306,0.45
29.307,0.45
29.308,0.45
29.309,0.45
29.31,0.45
29.311,0.45
29.312,0.45
29.313,0.45
29.314,0.45
29.315,0.45
29.316,0.45
29.317,0.45
29.318,0.45
29.319,0.45
29.32,0.45
29.321,0.45
29.322,0.45
29.323,0.45
29.324,0.45
29.325,0.45
29.326,0.45
29.327,0.45
29.328,0.45
29.329,0.45
29.33,0.45
29.331,0.45
29.332,0.45
29.333,0.45
29.334,0.45
29.335,0.45
29.336,0.45
29.337,0.45
29.338,0.45
29.339,0.45
29.34,0.45
29.341,0.45
29.342,0.45
29.343,0.45
29.344,0.45
29.345,0.45
29.346,0.45
29.347,0.45
29.348,0.45
29.349,0.45
29.35,0.45
29.351,0.45
29.352,0.45
29.353,0.45
29.354,0.45
29.355,0.45
29.356,0.45
29.357,0.45
29.358,0.45
29.359,0.45
29.36,0.45
29.361,0.45
29.362,0.45
29.363,0.45
29.364,0.45
29.365,0.45
29.366,0.45
29.367,0.45
29.368,0.45
29.369,0.45
29.37,0.45
29.371,0.45
29.372,0.45
29.373,0.45
29.374,0.45
29.375,0.45
29.376,0.45
29.377,0.45
29.378,0.45
29.379,0.45
29.38,0.45
29.381,0.45
29.382,0.45
29.383,0.45
29.384,0.45
29.385,0.45
29.386,0.45
29.387,0.45
29.388,0.45
29.389,0.45
29.39,0.45
29.391,0.45
29.392,0.45
29.393,0.45
29.394,0.45
29.395,0.45
29.396,0.45
29.397,0.45
29.398,0.45
29.399,0.45
29.4,0.45
29.401,0.45
29.402,0.45
29.403,0.45
29.404,0.45
29.405,0.45
29.406,0.45
29.407,0.45
29.408,0.45
29.409,0.45
29.41,0.45
29.411,0.45
29.412,0.45
29.413,0.45
29.414,0.45
29.415,0.45
29.416,0.45
29.417,0.45
29.418,0.45
29.419,0.45
29.42,0.45
29.421,0.45
29.422,0.45
29.423,0.45
29.424,0.45
29.425,0.45
29.426,0.45
29.427,0.45
29.428,0.45
29.429,0.45
29.43,0.45
29.431,0.45
29.432,0.45
29.433,0.45
29.434,0.45
29.435,0.45
29.436,0.45
29.437,0.45
29.438,0.45
29.439,0.45
29.44,0.45
29.441,0.45
29.442,0.45
29.443,0.45
29.444,0.45
29.445,0.45
29.446,0.45
29.447,0.45
29.448,0.45
29.449,0.45
29.45,0.45
29.451,0.45
29.452,0.45
29.453,0.45
29.454,0.45
29.455,0.45
29.456,0.45
29.457,0.45
29.458,0.45
29.459,0.45
29.46,0.45
29.461,0.45
29.462,0.45
29.463,0.45
29.464,0.45
29.465,0.45
29.466,0.45
29.467,0.45
29.468,0.45
29.469,0.45
29.47,0.45
29.471,0.45
29.472,0.45
29.473,0.45
29.474,0.45
29.475,0.45
29.476,0.45
29.477,0.45
29.478,0.45
29.479,0.45
29.48,0.45
29.481,0.45
29.482,0.45
29.483,0.45
29.484,0.45
29.485,0.45
29.486,0.45
29.487,0.45
29.488,0.45
29.489,0.45
29.49,0.45
29.491,0.45
29.492,0.45
29.493,0.45
29.494,0.45
29.495,0.45
29.496,0.45
29.497,0.45
29.498,0.45
29.499,0.45
29.5,0.45
29.501,0.45
29.502,0.45
29.503,0.45
29.504,0.45
29.505,0.45
29.506,0.45
29.507,0.45
29.508,0.45
29.509,0.45
29.51,0.45
29.511,0.45
29.512,0.45
29.513,0.45
29.514,0.45
29.515,0.45
29.516,0.45
29.517,0.45
29.518,0.45
29.519,0.45
29.52,0.45
29.521,0.45
29.522,0.45
29.523,0.45
29.524,0.45
29.525,0.45
29.526,0.45
29.527,0.45
29.528,0.45
29.529,0.45
29.53,0.45
29.531,0.45
29.532,0.45
29.533,0.45
29.534,0.45
29.535,0.45
29.536,0.45
29.537,0.45
29.538,0.45
29.539,0.45
29.54,0.45
29.541,0.45
29.542,0.45
29.543,0.45
29.544,0.45
29.545,0.45
29.546,0.45
29.547,0.45
29.548,0.45
29.549,0.45
29.55,0.45
29.551,0.45
29.552,0.45
29.553,0.45
29.554,0.45
29.555,0.45
29.556,0.45
29.557,0.45
29.558,0.45
29.559,0.45
29.56,0.45
29.561,0.45
29.562,0.45
29.563,0.45
29.564,0.45
29.565,0.45
29.566,0.45
29.567,0.45
29.568,0.45
29.569,0.45
29.57,0.45
29.571,0.45
29.572,0.45
29.573,0.45
29.574,0.45
29.575,0.45
29.576,0.45
29.577,0.45
29.578,0.45
29.579,0.45
29.58,0.45
29.581,0.45
29.582,0.45
29.583,0.45
29.584,0.45
29.585,0.45
29.586,0.45
29.587,0.45
29.588,0.45
29.589,0.45
29.59,0.45
29.591,0.45
29.592,0.45
29.593,0.45
29.594,0.45
29.595,0.45
29.596,0.45
29.597,0.45
29.598,0.45
29.599,0.45
29.6,0.45
29.601,0.45
29.602,0.45
29.603,0.45
29.604,0.45
29.605,0.45
29.606,0.45
29.607,0.45
29.608,0.45
29.609,0.45
29.61,0.45
29.611,0.45
29.612,0.45
29.613,0.45
29.614,0.45
29.615,0.45
29.616,0.45
29.617,0.45
29.618,0.45
29.619,0.45
29.62,0.45
29.621,0.45
29.622,0.45
29.623,0.45
29.624,0.45
29.625,0.45
29.626,0.45
29.627,0.45
29.628,0.45
29.629,0.45
29.63,0.45
29.631,0.45
29.632,0.45
29.633,0.45
29.634,0.45
29.635,0.45
29.636,0.45
29.637,0.45
29.638,0.45
29.639,0.45
29.64,0.45
29.641,0.45
29.642,0.45
29.643,0.45
29.644,0.45
29.645,0.45
29.646,0.45
29.647,0.45
29.648,0.45
29.649,0.45
29.65,0.45
29.651,0.45
29.652,0.45
29.653,0.45
29.654,0.45
29.655,0.45
29.656,0.45
29.657,0.45
29.658,0.45
29.659,0.45
29.66,0.45
29.661,0.45
29.662,0.45
29.663,0.45
29.664,0.45
29.665,0.45
29.666,0.45
29.667,0.45
29.668,0.45
29.669,0.45
29.67,0.45
29.671,0.45
29.672,0.45
29.673,0.45
29.674,0.45
29.675,0.45
29.676,0.45
29.677,0.45
29.678,0.45
29.679,0.45
29.68,0.45
29.681,0.45
29.682,0.45
29.683,0.45
29.684,0.45
29.685,0.45
29.686,0.45
29.687,0.45
29.688,0.45
29.689,0.45
29.69,0.45
29.691,0.45
29.692,0.45
29.693,0.45
29.694,0.45
29.695,0.45
29.696,0.45
29.697,0.45
29.698,0.45
29.699,0.45
29.7,0.45
29.701,0.45
29.702,0.45
29.703,0.45
29.704,0.45
29.705,0.45
29.706,0.45
29.707,0.45
29.708,0.45
29.709,0.45
29.71,0.45
29.711,0.45
29.712,0.45
29.713,0.45
29.714,0.45
29.715,0.45
29.716,0.45
29.717,0.45
29.718,0.45
29.719,0.45
29.72,0.45
29.721,0.45
29.722,0.45
29.723,0.45
29.724,0.45
29.725,0.45
29.726,0.45
29.727,0.45
29.728,0.45
29.729,0.45
29.73,0.45
29.731,0.45
29.732,0.45
29.733,0.45
29.734,0.45
29.735,0.45
29.736,0.45
29.737,0.45
29.738,0.45
29.739,0.45
29.74,0.45
29.741,0.45
29.742,0.45
29.743,0.45
29.744,0.45
29.745,0.45
29.746,0.45
29.747,0.45
29.748,0.45
29.749,0.45
29.75,0.45
29.751,0.45
29.752,0.45
29.753,0.45
29.754,0.45
29.755,0.45
29.756,0.45
29.757,0.45
29.758,0.45
29.759,0.45
29.76,0.45
29.761,0.45
29.762,0.45
29.763,0.45
29.764,0.45
29.765,0.45
29.766,0.45
29.767,0.45
29.768,0.45
29.769,0.45
29.77,0.45
29.771,0.45
29.772,0.45
29.773,0.45
29.774,0.45
29.775,0.45
29.776,0.45
29.777,0.45
29.778,0.45
29.779,0.45
29.78,0.45
29.781,0.45
29.782,0.45
29.783,0.45
29.784,0.45
29.785,0.45
29.786,0.45
29.787,0.45
29.788,0.45
29.789,0.45
29.79,0.45
29.791,0.45
29.792,0.45
29.793,0.45
29.794,0.45
29.795,0.45
29.796,0.45
29.797,0.45
29.798,0.45
29.799,0.45
29.8,0.45
29.801,0.45
29.802,0.45
29.803,0.45
29.804,0.45
29.805,0.45
29.806,0.45
29.807,0.45
29.808,0.45
29.809,0.45
29.81,0.45
29.811,0.45
29.812,0.45
29.813,0.45
29.814,0.45
29.815,0.45
29.816,0.45
29.817,0.45
29.818,0.45
29.819,0.45
29.82,0.45
29.821,0.45
29.822,0.45
29.823,0.45
29.824,0.45
29.825,0.45
29.826,0.45
29.827,0.45
29.828,0.45
29.829,0.45
29.83,0.45
29.831,0.45
29.832,0.45
29.833,0.45
29.834,0.45
29.835,0.45
29.836,0.45
29.837,0.45
29.838,0.45
29.839,0.45
29.84,0.45
29.841,0.45
29.842,0.45
29.843,0.45
29.844,0.45
29.845,0.45
29.846,0.45
29.847,0.45
29.848,0.45
29.849,0.45
29.85,0.45
29.851,0.45
29.852,0.45
29.853,0.45
29.854,0.45
29.855,0.45
29.856,0.45
29.857,0.45
29.858,0.45
29.859,0.45
29.86,0.45
29.861,0.45
29.862,0.45
29.863,0.45
29.864,0.45
29.865,0.45
29.866,0.45
29.867,0.45
29.868,0.45
29.869,0.45
29.87,0.45
29.871,0.45
29.872,0.45
29.873,0.45
29.874,0.45
29.875,0.45
29.876,0.45
29.877,0.45
29.878,0.45
29.879,0.45
29.88,0.45
29.881,0.45
29.882,0.45
29.883,0.45
29.884,0.45
29.885,0.45
29.886,0.45
29.887,0.45
29.888,0.45
29.889,0.45
29.89,0.45
29.891,0.45
29.892,0.45
29.893,0.45
29.894,0.45
29.895,0.45
29.896,0.45
29.897,0.45
29.898,0.45
29.899,0.45
29.9,0.45
29.901,0.45
29.902,0.45
29.903,0.45
29.904,0.45
29.905,0.45
29.906,0.45
29.907,0.45
29.908,0.45
29.909,0.45
29.91,0.45
29.911,0.45
29.912,0.45
29.913,0.45
29.914,0.45
29.915,0.45
29.916,0.45
29.917,0.45
29.918,0.45
29.919,0.45
29.92,0.45
29.921,0.45
29.922,0.45
29.923,0.45
29.924,0.45
29.925,0.45
29.926,0.45
29.927,0.45
29.928,0.45
29.929,0.45
29.93,0.45
29.931,0.45
29.932,0.45
29.933,0.45
29.934,0.45
29.935,0.45
29.936,0.45
29.937,0.45
29.938,0.45
29.939,0.45
29.94,0.45
29.941,0.45
29.942,0.45
29.943,0.45
29.944,0.45
29.945,0.45
29.946,0.45
29.947,0.45
29.948,0.45
29.949,0.45
29.95,0.45
29.951,0.45
29.952,0.45
29.953,0.45
29.954,0.45
29.955,0.45
29.956,0.45
29.957,0.45
29.958,0.45
29.959,0.45
29.96,0.45
29.961,0.45
29.962,0.45
29.963,0.45
29.964,0.45
29.965,0.45
29.966,0.45
29.967,0.45
29.968,0.45
29.969,0.45
29.97,0.45
29.971,0.45
29.972,0.45
29.973,0.45
29.974,0.45
29.975,0.45
29.976,0.45
29.977,0.45
29.978,0.45
29.979,0.45
29.98,0.45
29.981,0.45
29.982,0.45
29.983,0.45
29.984,0.45
29.985,0.45
29.986,0.45
29.987,0.45
29.988,0.45
29.989,0.45
29.99,0.45
29.991,0.45
29.992,0.45
29.993,0.45
29.994,0.45
29.995,0.45
29.996,0.45
29.997,0.45
29.998,0.45
29.999,0.45
30.0,0.45
30.001,0.45
30.002,0.45
30.003,0.45
30.004,0.45
30.005,0.45
30.006,0.45
30.007,0.45
30.008,0.45
30.009,0.45
30.01,0.45
30.011,0.45
30.012,0.45
30.013,0.45
30.014,0.45
30.015,0.45
30.016,0.45
30.017,0.45
30.018,0.45
30.019,0.45
30.02,0.45
30.021,0.45
30.022,0.45
30.023,0.45
30.024,0.45
30.025,0.45
30.026,0.45
30.027,0.45
30.028,0.45
30.029,0.45
30.03,0.45
30.031,0.45
30.032,0.45
30.033,0.45
30.034,0.45
30.035,0.45
30.036,0.45
30.037,0.45
30.038,0.45
30.039,0.45
30.04,0.45
30.041,0.45
30.042,0.45
30.043,0.45
30.044,0.45
30.045,0.45
30.046,0.45
30.047,0.45
30.048,0.45
30.049,0.45
30.05,0.45
30.051,0.45
30.052,0.45
30.053,0.45
30.054,0.45
30.055,0.45
30.056,0.45
30.057,0.45
30.058,0.45
30.059,0.45
30.06,0.45
30.061,0.45
30.062,0.45
30.063,0.45
30.064,0.45
30.065,0.45
30.066,0.45
30.067,0.45
30.068,0.45
30.069,0.45
30.07,0.45
30.071,0.45
30.072,0.45
30.073,0.45
30.074,0.45
30.075,0.45
30.076,0.45
30.077,0.45
30.078,0.45
30.079,0.45
30.08,0.45
30.081,0.45
30.082,0.45
30.083,0.45
30.084,0.45
30.085,0.45
30.086,0.45
30.087,0.45
30.088,0.45
30.089,0.45
30.09,0.45
30.091,0.45
30.092,0.45
30.093,0.45
30.094,0.45
30.095,0.45
30.096,0.45
30.097,0.45
30.098,0.45
30.099,0.45
30.1,0.45
30.101,0.45
30.102,0.45
30.103,0.45
30.104,0.45
30.105,0.45
30.106,0.45
30.107,0.45
30.108,0.45
30.109,0.45
30.11,0.45
30.111,0.45
30.112,0.45
30.113,0.45
30.114,0.45
30.115,0.45
30.116,0.45
30.117,0.45
30.118,0.45
30.119,0.45
30.12,0.45
30.121,0.45
30.122,0.45
30.123,0.45
30.124,0.45
30.125,0.45
30.126,0.45
30.127,0.45
30.128,0.45
30.129,0.45
30.13,0.45
30.131,0.45
30.132,0.45
30.133,0.45
30.134,0.45
30.135,0.45
30.136,0.45
30.137,0.45
30.138,0.45
30.139,0.45
30.14,0.45
30.141,0.45
30.142,0.45
30.143,0.45
30.144,0.45
30.145,0.45
30.146,0.45
30.147,0.45
30.148,0.45
30.149,0.45
30.15,0.45
30.151,0.45
30.152,0.45
30.153,0.45
30.154,0.45
30.155,0.45
30.156,0.45
30.157,0.45
30.158,0.45
30.159,0.45
30.16,0.45
30.161,0.45
30.162,0.45
30.163,0.45
30.164,0.45
30.165,0.45
30.166,0.45
30.167,0.45
30.168,0.45
30.169,0.45
30.17,0.45
30.171,0.45
30.172,0.45
30.173,0.45
30.174,0.45
30.175,0.45
30.176,0.45
30.177,0.45
30.178,0.45
30.179,0.45
30.18,0.45
30.181,0.45
30.182,0.45
30.183,0.45
30.184,0.45
30.185,0.45
30.186,0.45
30.187,0.45
30.188,0.45
30.189,0.45
30.19,0.45
30.191,0.45
30.192,0.45
30.193,0.45
30.194,0.45
30.195,0.45
30.196,0.45
30.197,0.45
30.198,0.45
30.199,0.45
30.2,0.45
30.201,0.45
30.202,0.45
30.203,0.45
30.204,0.45
30.205,0.45
30.206,0.45
30.207,0.45
30.208,0.45
30.209,0.45
30.21,0.45
30.211,0.45
30.212,0.45
30.213,0.45
30.214,0.45
30.215,0.45
30.216,0.45
30.217,0.45
30.218,0.45
30.219,0.45
30.22,0.45
30.221,0.45
30.222,0.45
30.223,0.45
30.224,0.45
30.225,0.45
30.226,0.45
30.227,0.45
30.228,0.45
30.229,0.45
30.23,0.45
30.231,0.45
30.232,0.45
30.233,0.45
30.234,0.45
30.235,0.45
30.236,0.45
30.237,0.45
30.238,0.45
30.239,0.45
30.24,0.45
30.241,0.45
30.242,0.45
30.243,0.45
30.244,0.45
30.245,0.45
30.246,0.45
30.247,0.45
30.248,0.45
30.249,0.45
30.25,0.45
30.251,0.45
30.252,0.45
30.253,0.45
30.254,0.45
30.255,0.45
30.256,0.45
30.257,0.45
30.258,0.45
30.259,0.45
30.26,0.45
30.261,0.45
30.262,0.45
30.263,0.45
30.264,0.45
30.265,0.45
30.266,0.45
30.267,0.45
30.268,0.45
30.269,0.45
30.27,0.45
30.271,0.45
30.272,0.45
30.273,0.45
30.274,0.45
30.275,0.45
30.276,0.45
30.277,0.45
30.278,0.45
30.279,0.45
30.28,0.45
30.281,0.45
30.282,0.45
30.283,0.45
30.284,0.45
30.285,0.45
30.286,0.45
30.287,0.45
30.288,0.45
30.289,0.45
30.29,0.45
30.291,0.45
30.292,0.45
30.293,0.45
30.294,0.45
30.295,0.45
30.296,0.45
30.297,0.45
30.298,0.45
30.299,0.45
30.3,0.45
30.301,0.45
30.302,0.45
30.303,0.45
30.304,0.45
30.305,0.45
30.306,0.45
30.307,0.45
30.308,0.45
30.309,0.45
30.31,0.45
30.311,0.45
30.312,0.45
30.313,0.45
30.314,0.45
30.315,0.45
30.316,0.45
30.317,0.45
30.318,0.45
30.319,0.45
30.32,0.45
30.321,0.45
30.322,0.45
30.323,0.45
30.324,0.45
30.325,0.45
30.326,0.45
30.327,0.45
30.328,0.45
30.329,0.45
30.33,0.45
30.331,0.45
30.332,0.45
30.333,0.45
30.334,0.45
30.335,0.45
30.336,0.45
30.337,0.45
30.338,0.45
30.339,0.45
30.34,0.45
30.341,0.45
30.342,0.45
30.343,0.45
30.344,0.45
30.345,0.45
30.346,0.45
30.347,0.45
30.348,0.45
30.349,0.45
30.35,0.45
30.351,0.45
30.352,0.45
30.353,0.45
30.354,0.45
30.355,0.45
30.356,0.45
30.357,0.45
30.358,0.45
30.359,0.45
30.36,0.45
30.361,0.45
30.362,0.45
30.363,0.45
30.364,0.45
30.365,0.45
30.366,0.45
30.367,0.45
30.368,0.45
30.369,0.45
30.37,0.45
30.371,0.45
30.372,0.45
30.373,0.45
30.374,0.45
30.375,0.45
30.376,0.45
30.377,0.45
30.378,0.45
30.379,0.45
30.38,0.45
30.381,0.45
30.382,0.45
30.383,0.45
30.384,0.45
30.385,0.45
30.386,0.45
30.387,0.45
30.388,0.45
30.389,0.45
30.39,0.45
30.391,0.45
30.392,0.45
30.393,0.45
30.394,0.45
30.395,0.45
30.396,0.45
30.397,0.45
30.398,0.45
30.399,0.45
30.4,0.45
30.401,0.45
30.402,0.45
30.403,0.45
30.404,0.45
30.405,0.45
30.406,0.45
30.407,0.45
30.408,0.45
30.409,0.45
30.41,0.45
30.411,0.45
30.412,0.45
30.413,0.45
30.414,0.45
30.415,0.45
30.416,0.45
30.417,0.45
30.418,0.45
30.419,0.45
30.42,0.45
30.421,0.45
30.422,0.45
30.423,0.45
30.424,0.45
30.425,0.45
30.426,0.45
30.427,0.45
30.428,0.45
30.429,0.45
30.43,0.45
30.431,0.45
30.432,0.45
30.433,0.45
30.434,0.45
30.435,0.45
30.436,0.45
30.437,0.45
30.438,0.45
30.439,0.45
30.44,0.45
30.441,0.45
30.442,0.45
30.443,0.45
30.444,0.45
30.445,0.45
30.446,0.45
30.447,0.45
30.448,0.45
30.449,0.45
30.45,0.45
30.451,0.45
30.452,0.45
30.453,0.45
30.454,0.45
30.455,0.45
30.456,0.45
30.457,0.45
30.458,0.45
30.459,0.45
30.46,0.45
30.461,0.45
30.462,0.45
30.463,0.45
30.464,0.45
30.465,0.45
30.466,0.45
30.467,0.45
30.468,0.45
30.469,0.45
30.47,0.45
30.471,0.45
30.472,0.45
30.473,0.45
30.474,0.45
30.475,0.45
30.476,0.45
30.477,0.45
30.478,0.45
30.479,0.45
30.48,0.45
30.481,0.45
30.482,0.45
30.483,0.45
30.484,0.45
30.485,0.45
30.486,0.45
30.487,0.45
30.488,0.45
30.489,0.45
30.49,0.45
30.491,0.45
30.492,0.45
30.493,0.45
30.494,0.45
30.495,0.45
30.496,0.45
30.497,0.45
30.498,0.45
30.499,0.45
30.5,0.45
30.501,0.45
30.502,0.45
30.503,0.45
30.504,0.45
30.505,0.45
30.506,0.45
30.507,0.45
30.508,0.45
30.509,0.45
30.51,0.45
30.511,0.45
30.512,0.45
30.513,0.45
30.514,0.45
30.515,0.45
30.516,0.45
30.517,0.45
30.518,0.45
30.519,0.45
30.52,0.45
30.521,0.45
30.522,0.45
30.523,0.45
30.524,0.45
30.525,0.45
30.526,0.45
30.527,0.45
30.528,0.45
30.529,0.45
30.53,0.45
30.531,0.45
30.532,0.45
30.533,0.45
30.534,0.45
30.535,0.45
30.536,0.45
30.537,0.45
30.538,0.45
30.539,0.45
30.54,0.45
30.541,0.45
30.542,0.45
30.543,0.45
30.544,0.45
30.545,0.45
30.546,0.45
30.547,0.45
30.548,0.45
30.549,0.45
30.55,0.45
30.551,0.45
30.552,0.45
30.553,0.45
30.554,0.45
30.555,0.45
30.556,0.45
30.557,0.45
30.558,0.45
30.559,0.45
30.56,0.45
30.561,0.45
30.562,0.45
30.563,0.45
30.564,0.45
30.565,0.45
30.566,0.45
30.567,0.45
30.568,0.45
30.569,0.45
30.57,0.45
30.571,0.45
30.572,0.45
30.573,0.45
30.574,0.45
30.575,0.45
30.576,0.45
30.577,0.45
30.578,0.45
30.579,0.45
30.58,0.45
30.581,0.45
30.582,0.45
30.583,0.45
30.584,0.45
30.585,0.45
30.586,0.45
30.587,0.45
30.588,0.45
30.589,0.45
30.59,0.45
30.591,0.45
30.592,0.45
30.593,0.45
30.594,0.45
30.595,0.45
30.596,0.45
30.597,0.45
30.598,0.45
30.599,0.45
30.6,0.45
30.601,0.45
30.602,0.45
30.603,0.45
30.604,0.45
30.605,0.45
30.606,0.45
30.607,0.45
30.608,0.45
30.609,0.45
30.61,0.45
30.611,0.45
30.612,0.45
30.613,0.45
30.614,0.45
30.615,0.45
30.616,0.45
30.617,0.45
30.618,0.45
30.619,0.45
30.62,0.45
30.621,0.45
30.622,0.45
30.623,0.45
30.624,0.45
30.625,0.45
30.626,0.45
30.627,0.45
30.628,0.45
30.629,0.45
30.63,0.45
30.631,0.45
30.632,0.45
30.633,0.45
30.634,0.45
30.635,0.45
30.636,0.45
30.637,0.45
30.638,0.45
30.639,0.45
30.64,0.45
30.641,0.45
30.642,0.45
30.643,0.45
30.644,0.45
30.645,0.45
30.646,0.45
30.647,0.45
30.648,0.45
30.649,0.45
30.65,0.45
30.651,0.45
30.652,0.45
30.653,0.45
30.654,0.45
30.655,0.45
30.656,0.45
30.657,0.45
30.658,0.45
30.659,0.45
30.66,0.45
30.661,0.45
30.662,0.45
30.663,0.45
30.664,0.45
30.665,0.45
30.666,0.45
30.667,0.45
30.668,0.45
30.669,0.45
30.67,0.45
30.671,0.45
30.672,0.45
30.673,0.45
30.674,0.45
30.675,0.45
30.676,0.45
30.677,0.45
30.678,0.45
30.679,0.45
30.68,0.45
30.681,0.45
30.682,0.45
30.683,0.45
30.684,0.45
30.685,0.45
30.686,0.45
30.687,0.45
30.688,0.45
30.689,0.45
30.69,0.45
30.691,0.45
30.692,0.45
30.693,0.45
30.694,0.45
30.695,0.45
30.696,0.45
30.697,0.45
30.698,0.45
30.699,0.45
30.7,0.45
30.701,0.45
30.702,0.45
30.703,0.45
30.704,0.45
30.705,0.45
30.706,0.45
30.707,0.45
30.708,0.45
30.709,0.45
30.71,0.45
30.711,0.45
30.712,0.45
30.713,0.45
30.714,0.45
30.715,0.45
30.716,0.45
30.717,0.45
30.718,0.45
30.719,0.45
30.72,0.45
30.721,0.45
30.722,0.45
30.723,0.45
30.724,0.45
30.725,0.45
30.726,0.45
30.727,0.45
30.728,0.45
30.729,0.45
30.73,0.45
30.731,0.45
30.732,0.45
30.733,0.45
30.734,0.45
30.735,0.45
30.736,0.45
30.737,0.45
30.738,0.45
30.739,0.45
30.74,0.45
30.741,0.45
30.742,0.45
30.743,0.45
30.744,0.45
30.745,0.45
30.746,0.45
30.747,0.45
30.748,0.45
30.749,0.45
30.75,0.45
30.751,0.45
30.752,0.45
30.753,0.45
30.754,0.45
30.755,0.45
30.756,0.45
30.757,0.45
30.758,0.45
30.759,0.45
30.76,0.45
30.761,0.45
30.762,0.45
30.763,0.45
30.764,0.45
30.765,0.45
30.766,0.45
30.767,0.45
30.768,0.45
30.769,0.45
30.77,0.45
30.771,0.45
30.772,0.45
30.773,0.45
30.774,0.45
30.775,0.45
30.776,0.45
30.777,0.45
30.778,0.45
30.779,0.45
30.78,0.45
30.781,0.45
30.782,0.45
30.783,0.45
30.784,0.45
30.785,0.45
30.786,0.45
30.787,0.45
30.788,0.45
30.789,0.45
30.79,0.45
30.791,0.45
30.792,0.45
30.793,0.45
30.794,0.45
30.795,0.45
30.796,0.45
30.797,0.45
30.798,0.45
30.799,0.45
30.8,0.45
30.801,0.45
30.802,0.45
30.803,0.45
30.804,0.45
30.805,0.45
30.806,0.45
30.807,0.45
30.808,0.45
30.809,0.45
30.81,0.45
30.811,0.45
30.812,0.45
30.813,0.45
30.814,0.45
30.815,0.45
30.816,0.45
30.817,0.45
30.818,0.45
30.819,0.45
30.82,0.45
30.821,0.45
30.822,0.45
30.823,0.45
30.824,0.45
30.825,0.45
30.826,0.45
30.827,0.45
30.828,0.45
30.829,0.45
30.83,0.45
30.831,0.45
30.832,0.45
30.833,0.45
30.834,0.45
30.835,0.45
30.836,0.45
30.837,0.45
30.838,0.45
30.839,0.45
30.84,0.45
30.841,0.45
30.842,0.45
30.843,0.45
30.844,0.45
30.845,0.45
30.846,0.45
30.847,0.45
30.848,0.45
30.849,0.45
30.85,0.45
30.851,0.45
30.852,0.45
30.853,0.45
30.854,0.45
30.855,0.45
30.856,0.45
30.857,0.45
30.858,0.45
30.859,0.45
30.86,0.45
30.861,0.45
30.862,0.45
30.863,0.45
30.864,0.45
30.865,0.45
30.866,0.45
30.867,0.45
30.868,0.45
30.869,0.45
30.87,0.45
30.871,0.45
30.872,0.45
30.873,0.45
30.874,0.45
30.875,0.45
30.876,0.45
30.877,0.45
30.878,0.45
30.879,0.45
30.88,0.45
30.881,0.45
30.882,0.45
30.883,0.45
30.884,0.45
30.885,0.45
30.886,0.45
30.887,0.45
30.888,0.45
30.889,0.45
30.89,0.45
30.891,0.45
30.892,0.45
30.893,0.45
30.894,0.45
30.895,0.45
30.896,0.45
30.897,0.45
30.898,0.45
30.899,0.45
30.9,0.45
30.901,0.45
30.902,0.45
30.903,0.45
30.904,0.45
30.905,0.45
30.906,0.45
30.907,0.45
30.908,0.45
30.909,0.45
30.91,0.45
30.911,0.45
30.912,0.45
30.913,0.45
30.914,0.45
30.915,0.45
30.916,0.45
30.917,0.45
30.918,0.45
30.919,0.45
30.92,0.45
30.921,0.45
30.922,0.45
30.923,0.45
30.924,0.45
30.925,0.45
30.926,0.45
30.927,0.45
30.928,0.45
30.929,0.45
30.93,0.45
30.931,0.45
30.932,0.45
30.933,0.45
30.934,0.45
30.935,0.45
30.936,0.45
30.937,0.45
30.938,0.45
30.939,0.45
30.94,0.45
30.941,0.45
30.942,0.45
30.943,0.45
30.944,0.45
30.945,0.45
30.946,0.45
30.947,0.45
30.948,0.45
30.949,0.45
30.95,0.45
30.951,0.45
30.952,0.45
30.953,0.45
30.954,0.45
30.955,0.45
30.956,0.45
30.957,0.45
30.958,0.45
30.959,0.45
30.96,0.45
30.961,0.45
30.962,0.45
30.963,0.45
30.964,0.45
30.965,0.45
30.966,0.45
30.967,0.45
30.968,0.45
30.969,0.45
30.97,0.45
30.971,0.45
30.972,0.45
30.973,0.45
30.974,0.45
30.975,0.45
30.976,0.45
30.977,0.45
30.978,0.45
30.979,0.45
30.98,0.45
30.981,0.45
30.982,0.45
30.983,0.45
30.984,0.45
30.985,0.45
30.986,0.45
30.987,0.45
30.988,0.45
30.989,0.45
30.99,0.45
30.991,0.45
30.992,0.45
30.993,0.45
30.994,0.45
30.995,0.45
30.996,0.45
30.997,0.45
30.998,0.45
30.999,0.45
31.0,0.45
31.001,0.45
31.002,0.45
31.003,0.45
31.004,0.45
31.005,0.45
31.006,0.45
31.007,0.45
31.008,0.45
31.009,0.45
31.01,0.45
31.011,0.45
31.012,0.45
31.013,0.45
31.014,0.45
31.015,0.45
31.016,0.45
31.017,0.45
31.018,0.45
31.019,0.45
31.02,0.45
31.021,0.45
31.022,0.45
31.023,0.45
31.024,0.45
31.025,0.45
31.026,0.45
31.027,0.45
31.028,0.45
31.029,0.45
31.03,0.45
31.031,0.45
31.032,0.45
31.033,0.45
31.034,0.45
31.035,0.45
31.036,0.45
31.037,0.45
31.038,0.45
31.039,0.45
31.04,0.45
31.041,0.45
31.042,0.45
31.043,0.45
31.044,0.45
31.045,0.45
31.046,0.45
31.047,0.45
31.048,0.45
31.049,0.45
31.05,0.45
31.051,0.45
31.052,0.45
31.053,0.45
31.054,0.45
31.055,0.45
31.056,0.45
31.057,0.45
31.058,0.45
31.059,0.45
31.06,0.45
31.061,0.45
31.062,0.45
31.063,0.45
31.064,0.45
31.065,0.45
31.066,0.45
31.067,0.45
31.068,0.45
31.069,0.45
31.07,0.45
31.071,0.45
31.072,0.45
31.073,0.45
31.074,0.45
31.075,0.45
31.076,0.45
31.077,0.45
31.078,0.45
31.079,0.45
31.08,0.45
31.081,0.45
31.082,0.45
31.083,0.45
31.084,0.45
31.085,0.45
31.086,0.45
31.087,0.45
31.088,0.45
31.089,0.45
31.09,0.45
31.091,0.45
31.092,0.45
31.093,0.45
31.094,0.45
31.095,0.45
31.096,0.45
31.097,0.45
31.098,0.45
31.099,0.45
31.1,0.45
31.101,0.45
31.102,0.45
31.103,0.45
31.104,0.45
31.105,0.45
31.106,0.45
31.107,0.45
31.108,0.45
31.109,0.45
31.11,0.45
31.111,0.45
31.112,0.45
31.113,0.45
31.114,0.45
31.115,0.45
31.116,0.45
31.117,0.45
31.118,0.45
31.119,0.45
31.12,0.45
31.121,0.45
31.122,0.45
31.123,0.45
31.124,0.45
31.125,0.45
31.126,0.45
31.127,0.45
31.128,0.45
31.129,0.45
31.13,0.45
31.131,0.45
31.132,0.45
31.133,0.45
31.134,0.45
31.135,0.45
31.136,0.45
31.137,0.45
31.138,0.45
31.139,0.45
31.14,0.45
31.141,0.45
31.142,0.45
31.143,0.45
31.144,0.45
31.145,0.45
31.146,0.45
31.147,0.45
31.148,0.45
31.149,0.45
31.15,0.45
31.151,0.45
31.152,0.45
31.153,0.45
31.154,0.45
31.155,0.45
31.156,0.45
31.157,0.45
31.158,0.45
31.159,0.45
31.16,0.45
31.161,0.45
31.162,0.45
31.163,0.45
31.164,0.45
31.165,0.45
31.166,0.45
31.167,0.45
31.168,0.45
31.169,0.45
31.17,0.45
31.171,0.45
31.172,0.45
31.173,0.45
31.174,0.45
31.175,0.45
31.176,0.45
31.177,0.45
31.178,0.45
31.179,0.45
31.18,0.45
31.181,0.45
31.182,0.45
31.183,0.45
31.184,0.45
31.185,0.45
31.186,0.45
31.187,0.45
31.188,0.45
31.189,0.45
31.19,0.45
31.191,0.45
31.192,0.45
31.193,0.45
31.194,0.45
31.195,0.45
31.196,0.45
31.197,0.45
31.198,0.45
31.199,0.45
31.2,0.45
31.201,0.45
31.202,0.45
31.203,0.45
31.204,0.45
31.205,0.45
31.206,0.45
31.207,0.45
31.208,0.45
31.209,0.45
31.21,0.45
31.211,0.45
31.212,0.45
31.213,0.45
31.214,0.45
31.215,0.45
31.216,0.45
31.217,0.45
31.218,0.45
31.219,0.45
31.22,0.45
31.221,0.45
31.222,0.45
31.223,0.45
31.224,0.45
31.225,0.45
31.226,0.45
31.227,0.45
31.228,0.45
31.229,0.45
31.23,0.45
31.231,0.45
31.232,0.45
31.233,0.45
31.234,0.45
31.235,0.45
31.236,0.45
31.237,0.45
31.238,0.45
31.239,0.45
31.24,0.45
31.241,0.45
31.242,0.45
31.243,0.45
31.244,0.45
31.245,0.45
31.246,0.45
31.247,0.45
31.248,0.45
31.249,0.45
31.25,0.45
31.251,0.45
31.252,0.45
31.253,0.45
31.254,0.45
31.255,0.45
31.256,0.45
31.257,0.45
31.258,0.45
31.259,0.45
31.26,0.45
31.261,0.45
31.262,0.45
31.263,0.45
31.264,0.45
31.265,0.45
31.266,0.45
31.267,0.45
31.268,0.45
31.269,0.45
31.27,0.45
31.271,0.45
31.272,0.45
31.273,0.45
31.274,0.45
31.275,0.45
31.276,0.45
31.277,0.45
31.278,0.45
31.279,0.45
31.28,0.45
31.281,0.45
31.282,0.45
31.283,0.45
31.284,0.45
31.285,0.45
31.286,0.45
31.287,0.45
31.288,0.45
31.289,0.45
31.29,0.45
31.291,0.45
31.292,0.45
31.293,0.45
31.294,0.45
31.295,0.45
31.296,0.45
31.297,0.45
31.298,0.45
31.299,0.45
31.3,0.45
31.301,0.45
31.302,0.45
31.303,0.45
31.304,0.45
31.305,0.45
31.306,0.45
31.307,0.45
31.308,0.45
31.309,0.45
31.31,0.45
31.311,0.45
31.312,0.45
31.313,0.45
31.314,0.45
31.315,0.45
31.316,0.45
31.317,0.45
31.318,0.45
31.319,0.45
31.32,0.45
31.321,0.45
31.322,0.45
31.323,0.45
31.324,0.45
31.325,0.45
31.326,0.45
31.327,0.45
31.328,0.45
31.329,0.45
31.33,0.45
31.331,0.45
31.332,0.45
31.333,0.45
31.334,0.45
31.335,0.45
31.336,0.45
31.337,0.45
31.338,0.45
31.339,0.45
31.34,0.45
31.341,0.45
31.342,0.45
31.343,0.45
31.344,0.45
31.345,0.45
31.346,0.45
31.347,0.45
31.348,0.45
31.349,0.45
31.35,0.45
31.351,0.45
31.352,0.45
31.353,0.45
31.354,0.45
31.355,0.45
31.356,0.45
31.357,0.45
31.358,0.45
31.359,0.45
31.36,0.45
31.361,0.45
31.362,0.45
31.363,0.45
31.364,0.45
31.365,0.45
31.366,0.45
31.367,0.45
31.368,0.45
31.369,0.45
31.37,0.45
31.371,0.45
31.372,0.45
31.373,0.45
31.374,0.45
31.375,0.45
31.376,0.45
31.377,0.45
31.378,0.45
31.379,0.45
31.38,0.45
31.381,0.45
31.382,0.45
31.383,0.45
31.384,0.45
31.385,0.45
31.386,0.45
31.387,0.45
31.388,0.45
31.389,0.45
31.39,0.45
31.391,0.45
31.392,0.45
31.393,0.45
31.394,0.45
31.395,0.45
31.396,0.45
31.397,0.45
31.398,0.45
31.399,0.45
31.4,0.45
31.401,0.45
31.402,0.45
31.403,0.45
31.404,0.45
31.405,0.45
31.406,0.45
31.407,0.45
31.408,0.45
31.409,0.45
31.41,0.45
31.411,0.45
31.412,0.45
31.413,0.45
31.414,0.45
31.415,0.45
31.416,0.45
31.417,0.45
31.418,0.45
31.419,0.45
31.42,0.45
31.421,0.45
31.422,0.45
31.423,0.45
31.424,0.45
31.425,0.45
31.426,0.45
31.427,0.45
31.428,0.45
31.429,0.45
31.43,0.45
31.431,0.45
31.432,0.45
31.433,0.45
31.434,0.45
31.435,0.45
31.436,0.45
31.437,0.45
31.438,0.45
31.439,0.45
31.44,0.45
31.441,0.45
31.442,0.45
31.443,0.45
31.444,0.45
31.445,0.45
31.446,0.45
31.447,0.45
31.448,0.45
31.449,0.45
31.45,0.45
31.451,0.45
31.452,0.45
31.453,0.45
31.454,0.45
31.455,0.45
31.456,0.45
31.457,0.45
31.458,0.45
31.459,0.45
31.46,0.45
31.461,0.45
31.462,0.45
31.463,0.45
31.464,0.45
31.465,0.45
31.466,0.45
31.467,0.45
31.468,0.45
31.469,0.45
31.47,0.45
31.471,0.45
31.472,0.45
31.473,0.45
31.474,0.45
31.475,0.45
31.476,0.45
31.477,0.45
31.478,0.45
31.479,0.45
31.48,0.45
31.481,0.45
31.482,0.45
31.483,0.45
31.484,0.45
31.485,0.45
31.486,0.45
31.487,0.45
31.488,0.45
31.489,0.45
31.49,0.45
31.491,0.45
31.492,0.45
31.493,0.45
31.494,0.45
31.495,0.45
31.496,0.45
31.497,0.45
31.498,0.45
31.499,0.45
31.5,0.45
31.501,0.45
31.502,0.45
31.503,0.45
31.504,0.45
31.505,0.45
31.506,0.45
31.507,0.45
31.508,0.45
31.509,0.45
31.51,0.45
31.511,0.45
31.512,0.45
31.513,0.45
31.514,0.45
31.515,0.45
31.516,0.45
31.517,0.45
31.518,0.45
31.519,0.45
31.52,0.45
31.521,0.45
31.522,0.45
31.523,0.45
31.524,0.45
31.525,0.45
31.526,0.45
31.527,0.45
31.528,0.45
31.529,0.45
31.53,0.45
31.531,0.45
31.532,0.45
31.533,0.45
31.534,0.45
31.535,0.45
31.536,0.45
31.537,0.45
31.538,0.45
31.539,0.45
31.54,0.45
31.541,0.45
31.542,0.45
31.543,0.45
31.544,0.45
31.545,0.45
31.546,0.45
31.547,0.45
31.548,0.45
31.549,0.45
31.55,0.45
31.551,0.45
31.552,0.45
31.553,0.45
31.554,0.45
31.555,0.45
31.556,0.45
31.557,0.45
31.558,0.45
31.559,0.45
31.56,0.45
31.561,0.45
31.562,0.45
31.563,0.45
31.564,0.45
31.565,0.45
31.566,0.45
31.567,0.45
31.568,0.45
31.569,0.45
31.57,0.45
31.571,0.45
31.572,0.45
31.573,0.45
31.574,0.45
31.575,0.45
31.576,0.45
31.577,0.45
31.578,0.45
31.579,0.45
31.58,0.45
31.581,0.45
31.582,0.45
31.583,0.45
31.584,0.45
31.585,0.45
31.586,0.45
31.587,0.45
31.588,0.45
31.589,0.45
31.59,0.45
31.591,0.45
31.592,0.45
31.593,0.45
31.594,0.45
31.595,0.45
31.596,0.45
31.597,0.45
31.598,0.45
31.599,0.45
31.6,0.45
31.601,0.45
31.602,0.45
31.603,0.45
31.604,0.45
31.605,0.45
31.606,0.45
31.607,0.45
31.608,0.45
31.609,0.45
31.61,0.45
31.611,0.45
31.612,0.45
31.613,0.45
31.614,0.45
31.615,0.45
31.616,0.45
31.617,0.45
31.618,0.45
31.619,0.45
31.62,0.45
31.621,0.45
31.622,0.45
31.623,0.45
31.624,0.45
31.625,0.45
31.626,0.45
31.627,0.45
31.628,0.45
31.629,0.45
31.63,0.45
31.631,0.45
31.632,0.45
31.633,0.45
31.634,0.45
31.635,0.45
31.636,0.45
31.637,0.45
31.638,0.45
31.639,0.45
31.64,0.45
31.641,0.45
31.642,0.45
31.643,0.45
31.644,0.45
31.645,0.45
31.646,0.45
31.647,0.45
31.648,0.45
31.649,0.45
31.65,0.45
31.651,0.45
31.652,0.45
31.653,0.45
31.654,0.45
31.655,0.45
31.656,0.45
31.657,0.45
31.658,0.45
31.659,0.45
31.66,0.45
31.661,0.45
31.662,0.45
31.663,0.45
31.664,0.45
31.665,0.45
31.666,0.45
31.667,0.45
31.668,0.45
31.669,0.45
31.67,0.45
31.671,0.45
31.672,0.45
31.673,0.45
31.674,0.45
31.675,0.45
31.676,0.45
31.677,0.45
31.678,0.45
31.679,0.45
31.68,0.45
31.681,0.45
31.682,0.45
31.683,0.45
31.684,0.45
31.685,0.45
31.686,0.45
31.687,0.45
31.688,0.45
31.689,0.45
31.69,0.45
31.691,0.45
31.692,0.45
31.693,0.45
31.694,0.45
31.695,0.45
31.696,0.45
31.697,0.45
31.698,0.45
31.699,0.45
31.7,0.45
31.701,0.45
31.702,0.45
31.703,0.45
31.704,0.45
31.705,0.45
31.706,0.45
31.707,0.45
31.708,0.45
31.709,0.45
31.71,0.45
31.711,0.45
31.712,0.45
31.713,0.45
31.714,0.45
31.715,0.45
31.716,0.45
31.717,0.45
31.718,0.45
31.719,0.45
31.72,0.45
31.721,0.45
31.722,0.45
31.723,0.45
31.724,0.45
31.725,0.45
31.726,0.45
31.727,0.45
31.728,0.45
31.729,0.45
31.73,0.45
31.731,0.45
31.732,0.45
31.733,0.45
31.734,0.45
31.735,0.45
31.736,0.45
31.737,0.45
31.738,0.45
31.739,0.45
31.74,0.45
31.741,0.45
31.742,0.45
31.743,0.45
31.744,0.45
31.745,0.45
31.746,0.45
31.747,0.45
31.748,0.45
31.749,0.45
31.75,0.45
31.751,0.45
31.752,0.45
31.753,0.45
31.754,0.45
31.755,0.45
31.756,0.45
31.757,0.45
31.758,0.45
31.759,0.45
31.76,0.45
31.761,0.45
31.762,0.45
31.763,0.45
31.764,0.45
31.765,0.45
31.766,0.45
31.767,0.45
31.768,0.45
31.769,0.45
31.77,0.45
31.771,0.45
31.772,0.45
31.773,0.45
31.774,0.45
31.775,0.45
31.776,0.45
31.777,0.45
31.778,0.45
31.779,0.45
31.78,0.45
31.781,0.45
31.782,0.45
31.783,0.45
31.784,0.45
31.785,0.45
31.786,0.45
31.787,0.45
31.788,0.45
31.789,0.45
31.79,0.45
31.791,0.45
31.792,0.45
31.793,0.45
31.794,0.45
31.795,0.45
31.796,0.45
31.797,0.45
31.798,0.45
31.799,0.45
31.8,0.45
31.801,0.45
31.802,0.45
31.803,0.45
31.804,0.45
31.805,0.45
31.806,0.45
31.807,0.45
31.808,0.45
31.809,0.45
31.81,0.45
31.811,0.45
31.812,0.45
31.813,0.45
31.814,0.45
31.815,0.45
31.816,0.45
31.817,0.45
31.818,0.45
31.819,0.45
31.82,0.45
31.821,0.45
31.822,0.45
31.823,0.45
31.824,0.45
31.825,0.45
31.826,0.45
31.827,0.45
31.828,0.45
31.829,0.45
31.83,0.45
31.831,0.45
31.832,0.45
31.833,0.45
31.834,0.45
31.835,0.45
31.836,0.45
31.837,0.45
31.838,0.45
31.839,0.45
31.84,0.45
31.841,0.45
31.842,0.45
31.843,0.45
31.844,0.45
31.845,0.45
31.846,0.45
31.847,0.45
31.848,0.45
31.849,0.45
31.85,0.45
31.851,0.45
31.852,0.45
31.853,0.45
31.854,0.45
31.855,0.45
31.856,0.45
31.857,0.45
31.858,0.45
31.859,0.45
31.86,0.45
31.861,0.45
31.862,0.45
31.863,0.45
31.864,0.45
31.865,0.45
31.866,0.45
31.867,0.45
31.868,0.45
31.869,0.45
31.87,0.45
31.871,0.45
31.872,0.45
31.873,0.45
31.874,0.45
31.875,0.45
31.876,0.45
31.877,0.45
31.878,0.45
31.879,0.45
31.88,0.45
31.881,0.45
31.882,0.45
31.883,0.45
31.884,0.45
31.885,0.45
31.886,0.45
31.887,0.45
31.888,0.45
31.889,0.45
31.89,0.45
31.891,0.45
31.892,0.45
31.893,0.45
31.894,0.45
31.895,0.45
31.896,0.45
31.897,0.45
31.898,0.45
31.899,0.45
31.9,0.45
31.901,0.45
31.902,0.45
31.903,0.45
31.904,0.45
31.905,0.45
31.906,0.45
31.907,0.45
31.908,0.45
31.909,0.45
31.91,0.45
31.911,0.45
31.912,0.45
31.913,0.45
31.914,0.45
31.915,0.45
31.916,0.45
31.917,0.45
31.918,0.45
31.919,0.45
31.92,0.45
31.921,0.45
31.922,0.45
31.923,0.45
31.924,0.45
31.925,0.45
31.926,0.45
31.927,0.45
31.928,0.45
31.929,0.45
31.93,0.45
31.931,0.45
31.932,0.45
31.933,0.45
31.934,0.45
31.935,0.45
31.936,0.45
31.937,0.45
31.938,0.45
31.939,0.45
31.94,0.45
31.941,0.45
31.942,0.45
31.943,0.45
31.944,0.45
31.945,0.45
31.946,0.45
31.947,0.45
31.948,0.45
31.949,0.45
31.95,0.45
31.951,0.45
31.952,0.45
31.953,0.45
31.954,0.45
31.955,0.45
31.956,0.45
31.957,0.45
31.958,0.45
31.959,0.45
31.96,0.45
31.961,0.45
31.962,0.45
31.963,0.45
31.964,0.45
31.965,0.45
31.966,0.45
31.967,0.45
31.968,0.45
31.969,0.45
31.97,0.45
31.971,0.45
31.972,0.45
31.973,0.45
31.974,0.45
31.975,0.45
31.976,0.45
31.977,0.45
31.978,0.45
31.979,0.45
31.98,0.45
31.981,0.45
31.982,0.45
31.983,0.45
31.984,0.45
31.985,0.45
31.986,0.45
31.987,0.45
31.988,0.45
31.989,0.45
31.99,0.45
31.991,0.45
31.992,0.45
31.993,0.45
31.994,0.45
31.995,0.45
31.996,0.45
31.997,0.45
31.998,0.45
31.999,0.45
32.0,0.45
32.001,0.45
32.002,0.45
32.003,0.45
32.004,0.45
32.005,0.45
32.006,0.45
32.007,0.45
32.008,0.45
32.009,0.45
32.01,0.45
32.011,0.45
32.012,0.45
32.013,0.45
32.014,0.45
32.015,0.45
32.016,0.45
32.017,0.45
32.018,0.45
32.019,0.45
32.02,0.45
32.021,0.45
32.022,0.45
32.023,0.45
32.024,0.45
32.025,0.45
32.026,0.45
32.027,0.45
32.028,0.45
32.029,0.45
32.03,0.45
32.031,0.45
32.032,0.45
32.033,0.45
32.034,0.45
32.035,0.45
32.036,0.45
32.037,0.45
32.038,0.45
32.039,0.45
32.04,0.45
32.041,0.45
32.042,0.45
32.043,0.45
32.044,0.45
32.045,0.45
32.046,0.45
32.047,0.45
32.048,0.45
32.049,0.45
32.05,0.45
32.051,0.45
32.052,0.45
32.053,0.45
32.054,0.45
32.055,0.45
32.056,0.45
32.057,0.45
32.058,0.45
32.059,0.45
32.06,0.45
32.061,0.45
32.062,0.45
32.063,0.45
32.064,0.45
32.065,0.45
32.066,0.45
32.067,0.45
32.068,0.45
32.069,0.45
32.07,0.45
32.071,0.45
32.072,0.45
32.073,0.45
32.074,0.45
32.075,0.45
32.076,0.45
32.077,0.45
32.078,0.45
32.079,0.45
32.08,0.45
32.081,0.45
32.082,0.45
32.083,0.45
32.084,0.45
32.085,0.45
32.086,0.45
32.087,0.45
32.088,0.45
32.089,0.45
32.09,0.45
32.091,0.45
32.092,0.45
32.093,0.45
32.094,0.45
32.095,0.45
32.096,0.45
32.097,0.45
32.098,0.45
32.099,0.45
32.1,0.45
32.101,0.45
32.102,0.45
32.103,0.45
32.104,0.45
32.105,0.45
32.106,0.45
32.107,0.45
32.108,0.45
32.109,0.45
32.11,0.45
32.111,0.45
32.112,0.45
32.113,0.45
32.114,0.45
32.115,0.45
32.116,0.45
32.117,0.45
32.118,0.45
32.119,0.45
32.12,0.45
32.121,0.45
32.122,0.45
32.123,0.45
32.124,0.45
32.125,0.45
32.126,0.45
32.127,0.45
32.128,0.45
32.129,0.45
32.13,0.45
32.131,0.45
32.132,0.45
32.133,0.45
32.134,0.45
32.135,0.45
32.136,0.45
32.137,0.45
32.138,0.45
32.139,0.45
32.14,0.45
32.141,0.45
32.142,0.45
32.143,0.45
32.144,0.45
32.145,0.45
32.146,0.45
32.147,0.45
32.148,0.45
32.149,0.45
32.15,0.45
32.151,0.45
32.152,0.45
32.153,0.45
32.154,0.45
32.155,0.45
32.156,0.45
32.157,0.45
32.158,0.45
32.159,0.45
32.16,0.45
32.161,0.45
32.162,0.45
32.163,0.45
32.164,0.45
32.165,0.45
32.166,0.45
32.167,0.45
32.168,0.45
32.169,0.45
32.17,0.45
32.171,0.45
32.172,0.45
32.173,0.45
32.174,0.45
32.175,0.45
32.176,0.45
32.177,0.45
32.178,0.45
32.179,0.45
32.18,0.45
32.181,0.45
32.182,0.45
32.183,0.45
32.184,0.45
32.185,0.45
32.186,0.45
32.187,0.45
32.188,0.45
32.189,0.45
32.19,0.45
32.191,0.45
32.192,0.45
32.193,0.45
32.194,0.45
32.195,0.45
32.196,0.45
32.197,0.45
32.198,0.45
32.199,0.45
32.2,0.45
32.201,0.45
32.202,0.45
32.203,0.45
32.204,0.45
32.205,0.45
32.206,0.45
32.207,0.45
32.208,0.45
32.209,0.45
32.21,0.45
32.211,0.45
32.212,0.45
32.213,0.45
32.214,0.45
32.215,0.45
32.216,0.45
32.217,0.45
32.218,0.45
32.219,0.45
32.22,0.45
32.221,0.45
32.222,0.45
32.223,0.45
32.224,0.45
32.225,0.45
32.226,0.45
32.227,0.45
32.228,0.45
32.229,0.45
32.23,0.45
32.231,0.45
32.232,0.45
32.233,0.45
32.234,0.45
32.235,0.45
32.236,0.45
32.237,0.45
32.238,0.45
32.239,0.45
32.24,0.45
32.241,0.45
32.242,0.45
32.243,0.45
32.244,0.45
32.245,0.45
32.246,0.45
32.247,0.45
32.248,0.45
32.249,0.45
32.25,0.45
32.251,0.45
32.252,0.45
32.253,0.45
32.254,0.45
32.255,0.45
32.256,0.45
32.257,0.45
32.258,0.45
32.259,0.45
32.26,0.45
32.261,0.45
32.262,0.45
32.263,0.45
32.264,0.45
32.265,0.45
32.266,0.45
32.267,0.45
32.268,0.45
32.269,0.45
32.27,0.45
32.271,0.45
32.272,0.45
32.273,0.45
32.274,0.45
32.275,0.45
32.276,0.45
32.277,0.0
32.278,0.0
32.279,0.0
32.28,0.0
32.281,0.0
32.282,0.0
32.283,0.0
32.284,0.0
32.285,0.0
32.286,0.0
32.287,0.0
32.288,0.0
32.289,0.0
32.29,0.0
32.291,0.0
32.292,0.0
32.293,0.0
32.294,0.0
32.295,0.0
32.296,0.0
32.297,0.0
32.298,0.0
32.299,0.0
32.3,0.0
32.301,0.0
32.302,0.0
32.303,0.0
32.304,0.0
32.305,0.0
32.306,0.0
32.307,0.0
32.308,0.0
32.309,0.0
32.31,0.0
32.311,0.0
32.312,0.0
32.313,0.0
32.314,0.0
32.315,0.0
32.316,0.0
32.317,0.0
32.318,0.0
32.319,0.0
32.32,0.0
32.321,0.0
32.322,0.0
32.323,0.0
32.324,0.0
32.325,0.0
32.326,0.0
32.327,0.0
32.328,0.0
32.329,0.0
32.33,0.0
32.331,0.0
32.332,0.0
32.333,0.0
32.334,0.0
32.335,0.0
32.336,0.0
32.337,0.0
32.338,0.0
32.339,0.0
32.34,0.0
32.341,0.0
32.342,0.0
32.343,0.0
32.344,0.0
32.345,0.0
32.346,0.0
32.347,0.0
32.348,0.0
32.349,0.0
32.35,0.0
32.351,0.0
32.352,0.0
32.353,0.0
32.354,0.0
32.355,0.0
32.356,0.0
32.357,0.0
32.358,0.0
32.359,0.0
32.36,0.0
32.361,0.0
32.362,0.0
32.363,0.0
32.364,0.0
32.365,0.0
32.366,0.0
32.367,0.0
32.368,0.0
32.369,0.0
32.37,0.0
32.371,0.0
32.372,0.0
32.373,0.0
32.374,0.0
32.375,0.0
32.376,0.0
32.377,0.0
32.378,0.0
32.379,0.0
32.38,0.0
32.381,0.0
32.382,0.0
32.383,0.0
32.384,0.0
32.385,0.0
32.386,0.0
32.387,0.0
32.388,0.0
32.389,0.0
32.39,0.0
32.391,0.0
32.392,0.0
32.393,0.0
32.394,0.0
32.395,0.0
32.396,0.0
32.397,0.0
32.398,0.0
32.399,0.0
32.4,0.0
32.401,0.0
32.402,0.0
32.403,0.0
32.404,0.0
32.405,0.0
32.406,0.0
32.407,0.0
32.408,0.0
32.409,0.0
32.41,0.0
32.411,0.0
32.412,0.0
32.413,0.0
32.414,0.0
32.415,0.0
32.416,0.0
32.417,0.0
32.418,0.0
32.419,0.0
32.42,0.0
32.421,0.0
32.422,0.0
32.423,0.0
32.424,0.0
32.425,0.0
32.426,0.0
32.427,0.0
32.428,0.0
32.429,0.0
32.43,0.0
32.431,0.0
32.432,0.0
32.433,0.0
32.434,0.0
32.435,0.0
32.436,0.0
32.437,0.0
32.438,0.0
32.439,0.0
32.44,0.0
32.441,0.0
32.442,0.0
32.443,0.0
32.444,0.0
32.445,0.0
32.446,0.0
32.447,0.0
32.448,0.0
32.449,0.0
32.45,0.0
32.451,0.0
32.452,0.0
32.453,0.0
32.454,0.0
32.455,0.0
32.456,0.0
32.457,0.0
32.458,0.0
32.459,0.0
32.46,0.0
32.461,0.0
32.462,0.0
32.463,0.0
32.464,0.0
32.465,0.0
32.466,0.0
32.467,0.0
32.468,0.0
32.469,0.0
32.47,0.0
32.471,0.0
32.472,0.0
32.473,0.0
32.474,0.0
32.475,0.0
32.476,0.0
32.477,0.0
32.478,0.0
32.479,0.0
32.48,0.0
32.481,0.0
32.482,0.0
32.483,0.0
32.484,0.0
32.485,0.0
32.486,0.0
32.487,0.0
32.488,0.0
32.489,0.0
32.49,0.0
32.491,0.0
32.492,0.0
32.493,0.0
32.494,0.0
32.495,0.0
32.496,0.0
32.497,0.0
32.498,0.0
32.499,0.0
32.5,0.0
32.501,0.0
32.502,0.0
32.503,0.0
32.504,0.0
32.505,0.0
32.506,0.0
32.507,0.0
32.508,0.0
32.509,0.0
32.51,0.0
32.511,0.0
32.512,0.0
32.513,0.0
32.514,0.0
32.515,0.0
32.516,0.0
32.517,0.0
32.518,0.0
32.519,0.0
32.52,0.0
32.521,0.0
32.522,0.0
32.523,0.0
32.524,0.0
32.525,0.0
32.526,0.0
32.527,0.0
32.528,0.0
32.529,0.0
32.53,0.0
32.531,0.0
32.532,0.0
32.533,0.0
32.534,0.0
32.535,0.0
32.536,0.0
32.537,0.0
32.538,0.0
32.539,0.0
32.54,0.0
32.541,0.0
32.542,0.0
32.543,0.0
32.544,0.0
32.545,0.0
32.546,0.0
32.547,0.0
32.548,0.0
32.549,0.0
32.55,0.0
32.551,0.0
32.552,0.0
32.553,0.0
32.554,0.0
32.555,0.0
32.556,0.0
32.557,0.0
32.558,0.0
32.559,0.0
32.56,0.0
32.561,0.0
32.562,0.0
32.563,0.0
32.564,0.0
32.565,0.0
32.566,0.0
32.567,0.0
32.568,0.0
32.569,0.0
32.57,0.0
32.571,0.0
32.572,0.0
32.573,0.0
32.574,0.0
32.575,0.0
32.576,0.0
32.577,0.0
32.578,0.0
32.579,0.0
32.58,0.0
32.581,0.0
32.582,0.0
32.583,0.0
32.584,0.0
32.585,0.0
32.586,0.0
32.587,0.0
32.588,0.0
32.589,0.0
32.59,0.0
32.591,0.0
32.592,0.0
32.593,0.0
32.594,0.0
32.595,0.0
32.596,0.0
32.597,0.0
32.598,0.0
32.599,0.0
32.6,0.0
32.601,0.0
32.602,0.0
32.603,0.0
32.604,0.0
32.605,0.0
32.606,0.0
32.607,0.0
32.608,0.0
32.609,0.0
32.61,0.0
32.611,0.0
32.612,0.0
32.613,0.0
32.614,0.0
32.615,0.0
32.616,0.0
32.617,0.0
32.618,0.0
32.619,0.0
32.62,0.0
32.621,0.0
32.622,0.0
32.623,0.0
32.624,0.0
32.625,0.0
32.626,0.0
32.627,0.0
32.628,0.0
32.629,0.0
32.63,0.0
32.631,0.0
32.632,0.0
32.633,0.0
32.634,0.0
32.635,0.0
32.636,0.0
32.637,0.0
32.638,0.0
32.639,0.0
32.64,0.0
32.641,0.0
32.642,0.0
32.643,0.0
32.644,0.0
32.645,0.0
32.646,0.0
32.647,0.0
32.648,0.0
32.649,0.0
32.65,0.0
32.651,0.0
32.652,0.0
32.653,0.0
32.654,0.0
32.655,0.0
32.656,0.0
32.657,0.0
32.658,0.0
32.659,0.0
32.66,0.0
32.661,0.0
32.662,0.0
32.663,0.0
32.664,0.0
32.665,0.0
32.666,0.0
32.667,0.0
32.668,0.0
32.669,0.0
32.67,0.0
32.671,0.0
32.672,0.0
32.673,0.0
32.674,0.0
32.675,0.0
32.676,0.0
32.677,0.0
32.678,0.0
32.679,0.0
32.68,0.0
32.681,0.0
32.682,0.0
32.683,0.0
32.684,0.0
32.685,0.0
32.686,0.0
32.687,0.0
32.688,0.0
32.689,0.0
32.69,0.0
32.691,0.0
32.692,0.0
32.693,0.0
32.694,0.0
32.695,0.0
32.696,0.0
32.697,0.0
32.698,0.0
32.699,0.0
32.7,0.0
32.701,0.0
32.702,0.0
32.703,0.0
32.704,0.0
32.705,0.0
32.706,0.0
32.707,0.0
32.708,0.0
32.709,0.0
32.71,0.0
32.711,0.0
32.712,0.0
32.713,0.0
32.714,0.0
32.715,0.0
32.716,0.0
32.717,0.0
32.718,0.0
32.719,0.0
32.72,0.0
32.721,0.0
32.722,0.0
32.723,0.0
32.724,0.0
32.725,0.0
32.726,0.0
32.727,0.0
32.728,0.0
32.729,0.0
32.73,0.0
32.731,0.0
32.732,0.0
32.733,0.0
32.734,0.0
32.735,0.0
32.736,0.0
32.737,0.0
32.738,0.0
32.739,0.0
32.74,0.0
32.741,0.0
32.742,0.0
32.743,0.0
32.744,0.0
32.745,0.0
32.746,0.0
32.747,0.0
32.748,0.0
32.749,0.0
32.75,0.0
32.751,0.0
32.752,0.0
32.753,0.0
32.754,0.0
32.755,0.0
32.756,0.0
32.757,0.0
32.758,0.0
32.759,0.0
32.76,0.0
32.761,0.0
32.762,0.0
32.763,0.0
32.764,0.0
32.765,0.0
32.766,0.0
32.767,0.0
32.768,0.0
32.769,0.0
32.77,0.0
32.771,0.0
32.772,0.0
32.773,0.0
32.774,0.0
32.775,0.0
32.776,0.0
32.777,0.0
32.778,0.0
32.779,0.0
32.78,0.0
32.781,0.0
32.782,0.0
32.783,0.0
32.784,0.0
32.785,0.0
32.786,0.0
32.787,0.0
32.788,0.0
32.789,0.0
32.79,0.0
32.791,0.0
32.792,0.0
32.793,0.0
32.794,0.0
32.795,0.0
32.796,0.0
32.797,0.0
32.798,0.0
32.799,0.0
32.8,0.0
32.801,0.0
32.802,0.0
32.803,0.0
32.804,0.0
32.805,0.0
32.806,0.0
32.807,0.0
32.808,0.0
32.809,0.0
32.81,0.0
32.811,0.0
32.812,0.0
32.813,0.0
32.814,0.0
32.815,0.0
32.816,0.0
32.817,0.0
32.818,0.0
32.819,0.0
32.82,0.0
32.821,0.0
32.822,0.0
32.823,0.0
32.824,0.0
32.825,0.0
32.826,0.0
32.827,0.0
32.828,0.0
32.829,0.0
32.83,0.0
32.831,0.0
32.832,0.0
32.833,0.0
32.834,0.0
32.835,0.0
32.836,0.0
32.837,0.0
32.838,0.0
32.839,0.0
32.84,0.0
32.841,0.0
32.842,0.0
32.843,0.0
32.844,0.0
32.845,0.0
32.846,0.0
32.847,0.0
32.848,0.0
32.849,0.0
32.85,0.0
32.851,0.0
32.852,0.0
32.853,0.0
32.854,0.0
32.855,0.0
32.856,0.0
32.857,0.0
32.858,0.0
32.859,0.0
32.86,0.0
32.861,0.0
32.862,0.0
32.863,0.0
32.864,0.0
32.865,0.0
32.866,0.0
32.867,0.0
32.868,0.0
32.869,0.0
32.87,0.0
32.871,0.0
32.872,0.0
32.873,0.0
32.874,0.0
32.875,0.0
32.876,0.0
32.877,0.0
32.878,0.0
32.879,0.0
32.88,0.0
32.881,0.0
32.882,0.0
32.883,0.0
32.884,0.0
32.885,0.0
32.886,0.0
32.887,0.0
32.888,0.0
32.889,0.0
32.89,0.0
32.891,0.0
32.892,0.0
32.893,0.0
32.894,0.0
32.895,0.0
32.896,0.0
32.897,0.0
32.898,0.0
32.899,0.0
32.9,0.0
32.901,0.0
32.902,0.0
32.903,0.0
32.904,0.0
32.905,0.0
32.906,0.0
32.907,0.0
32.908,0.0
32.909,0.0
32.91,0.0
32.911,0.0
32.912,0.0
32.913,0.0
32.914,0.0
32.915,0.0
32.916,0.0
32.917,0.0
32.918,0.0
32.919,0.0
32.92,0.0
32.921,0.0
32.922,0.0
32.923,0.0
32.924,0.0
32.925,0.0
32.926,0.0
32.927,0.0
32.928,0.0
32.929,0.0
32.93,0.0
32.931,0.0
32.932,0.0
32.933,0.0
32.934,0.0
32.935,0.0
32.936,0.0
32.937,0.0
32.938,0.0
32.939,0.0
32.94,0.0
32.941,0.0
32.942,0.0
32.943,0.0
32.944,0.0
32.945,0.0
32.946,0.0
32.947,0.0
32.948,0.0
32.949,0.0
32.95,0.0
32.951,0.0
32.952,0.0
32.953,0.0
32.954,0.0
32.955,0.0
32.956,0.0
32.957,0.0
32.958,0.0
32.959,0.0
32.96,0.0
32.961,0.0
32.962,0.0
32.963,0.0
32.964,0.0
32.965,0.0
32.966,0.0
32.967,0.0
32.968,0.0
32.969,0.0
32.97,0.0
32.971,0.0
32.972,0.0
32.973,0.0
32.974,0.0
32.975,0.0
32.976,0.0
32.977,0.0
32.978,0.0
32.979,0.0
32.98,0.0
32.981,0.0
32.982,0.0
32.983,0.0
32.984,0.0
32.985,0.0
32.986,0.0
32.987,0.0
32.988,0.0
32.989,0.0
32.99,0.0
32.991,0.0
32.992,0.0
32.993,0.0
32.994,0.0
32.995,0.0
32.996,0.0
32.997,0.0
32.998,0.0
32.999,0.0
33.0,0.0
33.001,0.0
33.002,0.0
33.003,0.0
33.004,0.0
33.005,0.0
33.006,0.0
33.007,0.0
33.008,0.0
33.009,0.0
33.01,0.0
33.011,0.0
33.012,0.0
33.013,0.0
33.014,0.0
33.015,0.0
33.016,0.0
33.017,0.0
33.018,0.0
33.019,0.0
33.02,0.0
33.021,0.0
33.022,0.0
33.023,0.0
33.024,0.0
33.025,0.0
33.026,0.0
33.027,0.0
33.028,0.0
33.029,0.0
33.03,0.0
33.031,0.0
33.032,0.0
33.033,0.0
33.034,0.0
33.035,0.0
33.036,0.0
33.037,0.0
33.038,0.0
33.039,0.0
33.04,0.0
33.041,0.0
33.042,0.0
33.043,0.0
33.044,0.0
33.045,0.0
33.046,0.0
33.047,0.0
33.048,0.0
33.049,0.0
33.05,0.0
33.051,0.0
33.052,0.0
33.053,0.0
33.054,0.0
33.055,0.0
33.056,0.0
33.057,0.0
33.058,0.0
33.059,0.0
33.06,0.0
33.061,0.0
33.062,0.0
33.063,0.0
33.064,0.0
33.065,0.0
33.066,0.0
33.067,0.0
33.068,0.0
33.069,0.0
33.07,0.0
33.071,0.0
33.072,0.0
33.073,0.0
33.074,0.0
33.075,0.0
33.076,0.0
33.077,0.0
33.078,0.0
33.079,0.0
33.08,0.0
33.081,0.0
33.082,0.0
33.083,0.0
33.084,0.0
33.085,0.0
33.086,0.0
33.087,0.0
33.088,0.0
33.089,0.0
33.09,0.0
33.091,0.0
33.092,0.0
33.093,0.0
33.094,0.0
33.095,0.0
33.096,0.0
33.097,0.0
33.098,0.0
33.099,0.0
33.1,0.0
33.101,0.0
33.102,0.0
33.103,0.0
33.104,0.0
33.105,0.0
33.106,0.0
33.107,0.0
33.108,0.0
33.109,0.0
33.11,0.0
33.111,0.0
33.112,0.0
33.113,0.0
33.114,0.0
33.115,0.0
33.116,0.0
33.117,0.0
33.118,0.0
33.119,0.0
33.12,0.0
33.121,0.0
33.122,0.0
33.123,0.0
33.124,0.0
33.125,0.0
33.126,0.0
33.127,0.0
33.128,0.0
33.129,0.0
33.13,0.0
33.131,0.0
33.132,0.0
33.133,0.0
33.134,0.0
33.135,0.0
33.136,0.0
33.137,0.0
33.138,0.0
33.139,0.0
33.14,0.0
33.141,0.0
33.142,0.0
33.143,0.0
33.144,0.0
33.145,0.0
33.146,0.0
33.147,0.0
33.148,0.0
33.149,0.0
33.15,0.0
33.151,0.0
33.152,0.0
33.153,0.0
33.154,0.0
33.155,0.0
33.156,0.0
33.157,0.0
33.158,0.0
33.159,0.0
33.16,0.0
33.161,0.0
33.162,0.0
33.163,0.0
33.164,0.0
33.165,0.0
33.166,0.0
33.167,0.0
33.168,0.0
33.169,0.0
33.17,0.0
33.171,0.0
33.172,0.0
33.173,0.0
33.174,0.0
33.175,0.0
33.176,0.0
33.177,0.0
33.178,0.0
33.179,0.0
33.18,0.0
33.181,0.0
33.182,0.0
33.183,0.0
33.184,0.0
33.185,0.0
33.186,0.0
33.187,0.0
33.188,0.0
33.189,0.0
33.19,0.0
33.191,0.0
33.192,0.0
33.193,0.0
33.194,0.0
33.195,0.0
33.196,0.0
33.197,0.0
33.198,0.0
33.199,0.0
33.2,0.0
33.201,0.0
33.202,0.0
33.203,0.0
33.204,0.0
33.205,0.0
33.206,0.0
33.207,0.0
33.208,0.0
33.209,0.0
33.21,0.0
33.211,0.0
33.212,0.0
33.213,0.0
33.214,0.0
33.215,0.0
33.216,0.0
33.217,0.0
33.218,0.0
33.219,0.0
33.22,0.0
33.221,0.0
33.222,0.0
33.223,0.0
33.224,0.0
33.225,0.0
33.226,0.0
33.227,0.0
33.228,0.0
33.229,0.0
33.23,0.0
33.231,0.0
33.232,0.0
33.233,0.0
33.234,0.0
33.235,0.0
33.236,0.0
33.237,0.0
33.238,0.0
33.239,0.0
33.24,0.0
33.241,0.0
33.242,0.0
33.243,0.0
33.244,0.0
33.245,0.0
33.246,0.0
33.247,0.0
33.248,0.0
33.249,0.0
33.25,0.0
33.251,0.0
33.252,0.0
33.253,0.0
33.254,0.0
33.255,0.0
33.256,0.0
33.257,0.0
33.258,0.0
33.259,0.0
33.26,0.0
33.261,0.0
33.262,0.0
33.263,0.0
33.264,0.0
33.265,0.0
33.266,0.0
33.267,0.0
33.268,0.0
33.269,0.0
33.27,0.0
33.271,0.0
33.272,0.0
33.273,0.0
33.274,0.0
33.275,0.0
33.276,0.0
33.277,0.0
33.278,0.0
33.279,0.0
33.28,0.0
33.281,0.0
33.282,0.0
33.283,0.0
33.284,0.0
33.285,0.0
33.286,0.0
33.287,0.0
33.288,0.0
33.289,0.0
33.29,0.0
33.291,0.0
33.292,0.0
33.293,0.0
33.294,0.0
33.295,0.0
33.296,0.0
33.297,0.0
33.298,0.0
33.299,0.0
33.3,0.0
33.301,0.0
33.302,0.0
33.303,0.0
33.304,0.0
33.305,0.0
33.306,0.0
33.307,0.0
33.308,0.0
33.309,0.0
33.31,0.0
33.311,0.0
33.312,0.0
33.313,0.0
33.314,0.0
33.315,0.0
33.316,0.0
33.317,0.0
33.318,0.0
33.319,0.0
33.32,0.0
33.321,0.0
33.322,0.0
33.323,0.0
33.324,0.0
33.325,0.0
33.326,0.0
33.327,0.0
33.328,0.0
33.329,0.0
33.33,0.0
33.331,0.0
33.332,0.0
33.333,0.0
33.334,0.0
33.335,0.0
33.336,0.0
33.337,0.0
33.338,0.0
33.339,0.0
33.34,0.0
33.341,0.0
33.342,0.0
33.343,0.0
33.344,0.0
33.345,0.0
33.346,0.0
33.347,0.0
33.348,0.0
33.349,0.0
33.35,0.0
33.351,0.0
33.352,0.0
33.353,0.0
33.354,0.0
33.355,0.0
33.356,0.0
33.357,0.0
33.358,0.0
33.359,0.0
33.36,0.0
33.361,0.0
33.362,0.0
33.363,0.0
33.364,0.0
33.365,0.0
33.366,0.0
33.367,0.0
33.368,0.0
33.369,0.0
33.37,0.0
33.371,0.0
33.372,0.0
33.373,0.0
33.374,0.0
33.375,0.0
33.376,0.0
33.377,0.0
33.378,0.0
33.379,0.0
33.38,0.0
33.381,0.0
33.382,0.0
33.383,0.0
33.384,0.0
33.385,0.0
33.386,0.0
33.387,0.0
33.388,0.0
33.389,0.0
33.39,0.0
33.391,0.0
33.392,0.0
33.393,0.0
33.394,0.0
33.395,0.0
33.396,0.0
33.397,0.0
33.398,0.0
33.399,0.0
33.4,0.0
33.401,0.0
33.402,0.0
33.403,0.0
33.404,0.0
33.405,0.0
33.406,0.0
33.407,0.0
33.408,0.0
33.409,0.0
33.41,0.0
33.411,0.0
33.412,0.0
33.413,0.0
33.414,0.0
33.415,0.0
33.416,0.0
33.417,0.0
33.418,0.0
33.419,0.0
33.42,0.0
33.421,0.0
33.422,0.0
33.423,0.0
33.424,0.0
33.425,0.0
33.426,0.0
33.427,0.0
33.428,0.0
33.429,0.0
33.43,0.0
33.431,0.0
33.432,0.0
33.433,0.0
33.434,0.0
33.435,0.0
33.436,0.0
33.437,0.0
33.438,0.0
33.439,0.0
33.44,0.0
33.441,0.0
33.442,0.0
33.443,0.0
33.444,0.0
33.445,0.0
33.446,0.0
33.447,0.0
33.448,0.0
33.449,0.0
33.45,0.0
33.451,0.0
33.452,0.0
33.453,0.0
33.454,0.0
33.455,0.0
33.456,0.0
33.457,0.0
33.458,0.0
33.459,0.0
33.46,0.0
33.461,0.0
33.462,0.0
33.463,0.0
33.464,0.0
33.465,0.0
33.466,0.0
33.467,0.0
33.468,0.0
33.469,0.0
33.47,0.0
33.471,0.0
33.472,0.0
33.473,0.0
33.474,0.0
33.475,0.0
33.476,0.0
33.477,0.0
33.478,0.0
33.479,0.0
33.48,0.0
33.481,0.0
33.482,0.0
33.483,0.0
33.484,0.0
33.485,0.0
33.486,0.0
33.487,0.0
33.488,0.0
33.489,0.0
33.49,0.0
33.491,0.0
33.492,0.0
33.493,0.0
33.494,0.0
33.495,0.0
33.496,0.0
33.497,0.0
33.498,0.0
33.499,0.0
33.5,0.0
33.501,0.0
33.502,0.0
33.503,0.0
33.504,0.0
33.505,0.0
33.506,0.0
33.507,0.0
33.508,0.0
33.509,0.0
33.51,0.0
33.511,0.0
33.512,0.0
33.513,0.0
33.514,0.0
33.515,0.0
33.516,0.0
33.517,0.0
33.518,0.0
33.519,0.0
33.52,0.0
33.521,0.0
33.522,0.0
33.523,0.0
33.524,0.0
33.525,0.0
33.526,0.0
33.527,0.0
33.528,0.0
33.529,0.0
33.53,0.0
33.531,0.0
33.532,0.0
33.533,0.0
33.534,0.0
33.535,0.0
33.536,0.0
33.537,0.0
33.538,0.0
33.539,0.0
33.54,0.0
33.541,0.0
33.542,0.0
33.543,0.0
33.544,0.0
33.545,0.0
33.546,0.0
33.547,0.0
33.548,0.0
33.549,0.0
33.55,0.0
33.551,0.0
33.552,0.0
33.553,0.0
33.554,0.0
33.555,0.0
33.556,0.0
33.557,0.0
33.558,0.0
33.559,0.0
33.56,0.0
33.561,0.0
33.562,0.0
33.563,0.0
33.564,0.0
33.565,0.0
33.566,0.0
33.567,0.0
33.568,0.0
33.569,0.0
33.57,0.0
33.571,0.0
33.572,0.0
33.573,0.0
33.574,0.0
33.575,0.0
33.576,0.0
33.577,0.0
33.578,0.0
33.579,0.0
33.58,0.0
33.581,0.0
33.582,0.0
33.583,0.0
33.584,0.0
33.585,0.0
33.586,0.0
33.587,0.0
33.588,0.0
33.589,0.0
33.59,0.0
33.591,0.0
33.592,0.0
33.593,0.0
33.594,0.0
33.595,0.0
33.596,0.0
33.597,0.0
33.598,0.0
33.599,0.0
33.6,0.0
33.601,0.0
33.602,0.0
33.603,0.0
33.604,0.0
33.605,0.0
33.606,0.0
33.607,0.0
33.608,0.0
33.609,0.0
33.61,0.0
33.611,0.0
33.612,0.0
33.613,0.0
33.614,0.0
33.615,0.0
33.616,0.0
33.617,0.0
33.618,0.0
33.619,0.0
33.62,0.0
33.621,0.0
33.622,0.0
33.623,0.0
33.624,0.0
33.625,0.0
33.626,0.0
33.627,0.0
33.628,0.0
33.629,0.0
33.63,0.0
33.631,0.0
33.632,0.0
33.633,0.0
33.634,0.0
33.635,0.0
33.636,0.0
33.637,0.0
33.638,0.0
33.639,0.0
33.64,0.0
33.641,0.0
33.642,0.0
33.643,0.0
33.644,0.0
33.645,0.0
33.646,0.0
33.647,0.0
33.648,0.0
33.649,0.0
33.65,0.0
33.651,0.0
33.652,0.0
33.653,0.0
33.654,0.0
33.655,0.0
33.656,0.0
33.657,0.0
33.658,0.0
33.659,0.0
33.66,0.0
33.661,0.0
33.662,0.0
33.663,0.0
33.664,0.0
33.665,0.0
33.666,0.0
33.667,0.0
33.668,0.0
33.669,0.0
33.67,0.0
33.671,0.0
33.672,0.0
33.673,0.0
33.674,0.0
33.675,0.0
33.676,0.0
33.677,0.0
33.678,0.0
33.679,0.0
33.68,0.0
33.681,0.0
33.682,0.0
33.683,0.0
33.684,0.0
33.685,0.0
33.686,0.0
33.687,0.0
33.688,0.0
33.689,0.0
33.69,0.0
33.691,0.0
33.692,0.0
33.693,0.0
33.694,0.0
33.695,0.0
33.696,0.0
33.697,0.0
33.698,0.0
33.699,0.0
33.7,0.0
33.701,0.0
33.702,0.0
33.703,0.0
33.704,0.0
33.705,0.0
33.706,0.0
33.707,0.0
33.708,0.0
33.709,0.0
33.71,0.0
33.711,0.0
33.712,0.0
33.713,0.0
33.714,0.0
33.715,0.0
33.716,0.0
33.717,0.0
33.718,0.0
33.719,0.0
33.72,0.0
33.721,0.0
33.722,0.0
33.723,0.0
33.724,0.0
33.725,0.0
33.726,0.0
33.727,0.0
33.728,0.0
33.729,0.0
33.73,0.0
33.731,0.0
33.732,0.0
33.733,0.0
33.734,0.0
33.735,0.0
33.736,0.0
33.737,0.0
33.738,0.0
33.739,0.0
33.74,0.0
33.741,0.0
33.742,0.0
33.743,0.0
33.744,0.0
33.745,0.0
33.746,0.0
33.747,0.0
33.748,0.0
33.749,0.0
33.75,0.0
33.751,0.0
33.752,0.0
33.753,0.0
33.754,0.0
33.755,0.0
33.756,0.0
33.757,0.0
33.758,0.0
33.759,0.0
33.76,0.0
33.761,0.0
33.762,0.0
33.763,0.0
33.764,0.0
33.765,0.0
33.766,0.0
33.767,0.0
33.768,0.0
33.769,0.0
33.77,0.0
33.771,0.0
33.772,0.0
33.773,0.0
33.774,0.0
33.775,0.0
33.776,0.0
33.777,0.0
33.778,0.0
33.779,0.0
33.78,0.0
33.781,0.0
33.782,0.0
33.783,0.0
33.784,0.0
33.785,0.0
33.786,0.0
33.787,0.0
33.788,0.0
33.789,0.0
33.79,0.0
33.791,0.0
33.792,0.0
33.793,0.0
33.794,0.0
33.795,0.0
33.796,0.0
33.797,0.0
33.798,0.0
33.799,0.0
33.8,0.0
33.801,0.0
33.802,0.0
33.803,0.0
33.804,0.0
33.805,0.0
33.806,0.0
33.807,0.0
33.808,0.0
33.809,0.0
33.81,0.0
33.811,0.0
33.812,0.0
33.813,0.0
33.814,0.0
33.815,0.0
33.816,0.0
33.817,0.0
33.818,0.0
33.819,0.0
33.82,0.0
33.821,0.0
33.822,0.0
33.823,0.0
33.824,0.0
33.825,0.0
33.826,0.0
33.827,0.0
33.828,0.0
33.829,0.0
33.83,0.0
33.831,0.0
33.832,0.0
33.833,0.0
33.834,0.0
33.835,0.0
33.836,0.0
33.837,0.0
33.838,0.0
33.839,0.0
33.84,0.0
33.841,0.0
33.842,0.0
33.843,0.0
33.844,0.0
33.845,0.0
33.846,0.0
33.847,0.0
33.848,0.0
33.849,0.0
33.85,0.0
33.851,0.0
33.852,0.0
33.853,0.0
33.854,0.0
33.855,0.0
33.856,0.0
33.857,0.0
33.858,0.0
33.859,0.0
33.86,0.0
33.861,0.0
33.862,0.0
33.863,0.0
33.864,0.0
33.865,0.0
33.866,0.0
33.867,0.0
33.868,0.0
33.869,0.0
33.87,0.0
33.871,0.0
33.872,0.0
33.873,0.0
33.874,0.0
33.875,0.0
33.876,0.0
33.877,0.0
33.878,0.0
33.879,0.0
33.88,0.0
33.881,0.0
33.882,0.0
33.883,0.0
33.884,0.0
33.885,0.0
33.886,0.0
33.887,0.0
33.888,0.0
33.889,0.0
33.89,0.0
33.891,0.0
33.892,0.0
33.893,0.0
33.894,0.0
33.895,0.0
33.896,0.0
33.897,0.0
33.898,0.0
33.899,0.0
33.9,0.0
33.901,0.0
33.902,0.0
33.903,0.0
33.904,0.0
33.905,0.0
33.906,0.0
33.907,0.0
33.908,0.0
33.909,0.0
33.91,0.0
33.911,0.0
33.912,0.0
33.913,0.0
33.914,0.0
33.915,0.0
33.916,0.0
33.917,0.0
33.918,0.0
33.919,0.0
33.92,0.0
33.921,0.0
33.922,0.0
33.923,0.0
33.924,0.0
33.925,0.0
33.926,0.0
33.927,0.0
33.928,0.0
33.929,0.0
33.93,0.0
33.931,0.0
33.932,0.0
33.933,0.0
33.934,0.0
33.935,0.0
33.936,0.0
33.937,0.0
33.938,0.0
33.939,0.0
33.94,0.0
33.941,0.0
33.942,0.0
33.943,0.0
33.944,0.0
33.945,0.0
33.946,0.0
33.947,0.0
33.948,0.0
33.949,0.0
33.95,0.0
33.951,0.0
33.952,0.0
33.953,0.0
33.954,0.0
33.955,0.0
33.956,0.0
33.957,0.0
33.958,0.0
33.959,0.0
33.96,0.0
33.961,0.0
33.962,0.0
33.963,0.0
33.964,0.0
33.965,0.0
33.966,0.0
33.967,0.0
33.968,0.0
33.969,0.0
33.97,0.0
33.971,0.0
33.972,0.0
33.973,0.0
33.974,0.0
33.975,0.0
33.976,0.0
33.977,0.0
33.978,0.0
33.979,0.0
33.98,0.0
33.981,0.0
33.982,0.0
33.983,0.0
33.984,0.0
33.985,0.0
33.986,0.0
33.987,0.0
33.988,0.0
33.989,0.0
33.99,0.0
33.991,0.0
33.992,0.0
33.993,0.0
33.994,0.0
33.995,0.0
33.996,0.0
33.997,0.0
33.998,0.0
33.999,0.0
34.0,0.0
34.001,0.0
34.002,0.0
34.003,0.0
34.004,0.0
34.005,0.0
34.006,0.0
34.007,0.0
34.008,0.0
34.009,0.0
34.01,0.0
34.011,0.0
34.012,0.0
34.013,0.0
34.014,0.0
34.015,0.0
34.016,0.0
34.017,0.0
34.018,0.0
34.019,0.0
34.02,0.0
34.021,0.0
34.022,0.0
34.023,0.0
34.024,0.0
34.025,0.0
34.026,0.0
34.027,0.0
34.028,0.0
34.029,0.0
34.03,0.0
34.031,0.0
34.032,0.0
34.033,0.0
34.034,0.0
34.035,0.0
34.036,0.0
34.037,0.0
34.038,0.0
34.039,0.0
34.04,0.0
34.041,0.0
34.042,0.0
34.043,0.0
34.044,0.0
34.045,0.0
34.046,0.0
34.047,0.0
34.048,0.0
34.049,0.0
34.05,0.0
34.051,0.0
34.052,0.0
34.053,0.0
34.054,0.0
34.055,0.0
34.056,0.0
34.057,0.0
34.058,0.0
34.059,0.0
34.06,0.0
34.061,0.0
34.062,0.0
34.063,0.0
34.064,0.0
34.065,0.0
34.066,0.0
34.067,0.0
34.068,0.0
34.069,0.0
34.07,0.0
34.071,0.0
34.072,0.0
34.073,0.0
34.074,0.0
34.075,0.0
34.076,0.0
34.077,0.0
34.078,0.0
34.079,0.0
34.08,0.0
34.081,0.0
34.082,0.0
34.083,0.0
34.084,0.0
34.085,0.0
34.086,0.0
34.087,0.0
34.088,0.0
34.089,0.0
34.09,0.0
34.091,0.0
34.092,0.0
34.093,0.0
34.094,0.0
34.095,0.0
34.096,0.0
34.097,0.0
34.098,0.0
34.099,0.0
34.1,0.0
34.101,0.0
34.102,0.0
34.103,0.0
34.104,0.0
34.105,0.0
34.106,0.0
34.107,0.0
34.108,0.0
34.109,0.0
34.11,0.0
34.111,0.0
34.112,0.0
34.113,0.0
34.114,0.0
34.115,0.0
34.116,0.0
34.117,0.0
34.118,0.0
34.119,0.0
34.12,0.0
34.121,0.0
34.122,0.0
34.123,0.0
34.124,0.0
34.125,0.0
34.126,0.0
34.127,0.0
34.128,0.0
34.129,0.0
34.13,0.0
34.131,0.0
34.132,0.0
34.133,0.0
34.134,0.0
34.135,0.0
34.136,0.0
34.137,0.0
34.138,0.0
34.139,0.0
34.14,0.0
34.141,0.0
34.142,0.0
34.143,0.0
34.144,0.0
34.145,0.0
34.146,0.0
34.147,0.0
34.148,0.0
34.149,0.0
34.15,0.0
34.151,0.0
34.152,0.0
34.153,0.0
34.154,0.0
34.155,0.0
34.156,0.0
34.157,0.0
34.158,0.0
34.159,0.0
34.16,0.0
34.161,0.0
34.162,0.0
34.163,0.0
34.164,0.0
34.165,0.0
34.166,0.0
34.167,0.0
34.168,0.0
34.169,0.0
34.17,0.0
34.171,0.0
34.172,0.0
34.173,0.0
34.174,0.0
34.175,0.0
34.176,0.0
34.177,0.0
34.178,0.0
34.179,0.0
34.18,0.0
34.181,0.0
34.182,0.0
34.183,0.0
34.184,0.0
34.185,0.0
34.186,0.0
34.187,0.0
34.188,0.0
34.189,0.0
34.19,0.0
34.191,0.0
34.192,0.0
34.193,0.0
34.194,0.0
34.195,0.0
34.196,0.0
34.197,0.0
34.198,0.0
34.199,0.0
34.2,0.0
34.201,0.0
34.202,0.0
34.203,0.0
34.204,0.0
34.205,0.0
34.206,0.0
34.207,0.0
34.208,0.0
34.209,0.0
34.21,0.0
34.211,0.0
34.212,0.0
34.213,0.0
34.214,0.0
34.215,0.0
34.216,0.0
34.217,0.0
34.218,0.0
34.219,0.0
34.22,0.0
34.221,0.0
34.222,0.0
34.223,0.0
34.224,0.0
34.225,0.0
34.226,0.0
34.227,0.0
34.228,0.0
34.229,0.0
34.23,0.0
34.231,0.0
34.232,0.0
34.233,0.0
34.234,0.0
34.235,0.0
34.236,0.0
34.237,0.0
34.238,0.0
34.239,0.0
34.24,0.0
34.241,0.0
34.242,0.0
34.243,0.0
34.244,0.0
34.245,0.0
34.246,0.0
34.247,0.0
34.248,0.0
34.249,0.0
34.25,0.0
34.251,0.0
34.252,0.0
34.253,0.0
34.254,0.0
34.255,0.0
34.256,0.0
34.257,0.0
34.258,0.0
34.259,0.0
34.26,0.0
34.261,0.0
34.262,0.0
34.263,0.0
34.264,0.0
34.265,0.0
34.266,0.0
34.267,0.0
34.268,0.0
34.269,0.0
34.27,0.0
34.271,0.0
34.272,0.0
34.273,0.0
34.274,0.0
34.275,0.0
34.276,0.0
34.277,0.0
34.278,0.0
34.279,0.0
34.28,0.0
34.281,0.0
34.282,0.0
34.283,0.0
34.284,0.0
34.285,0.0
34.286,0.0
34.287,0.0
34.288,0.0
34.289,0.0
34.29,0.0
34.291,0.0
34.292,0.0
34.293,0.0
34.294,0.0
34.295,0.0
34.296,0.0
34.297,0.0
34.298,0.0
34.299,0.0
34.3,0.0
34.301,0.0
34.302,0.0
34.303,0.0
34.304,0.0
34.305,0.0
34.306,0.0
34.307,0.0
34.308,0.0
34.309,0.0
34.31,0.0
34.311,0.0
34.312,0.0
34.313,0.0
34.314,0.0
34.315,0.0
34.316,0.0
34.317,0.0
34.318,0.0
34.319,0.0
34.32,0.0
34.321,0.0
34.322,0.0
34.323,0.0
34.324,0.0
34.325,0.0
34.326,0.0
34.327,0.0
34.328,0.0
34.329,0.0
34.33,0.0
34.331,0.0
34.332,0.0
34.333,0.0
34.334,0.0
34.335,0.0
34.336,0.0
34.337,0.0
34.338,0.0
34.339,0.0
34.34,0.0
34.341,0.0
34.342,0.0
34.343,0.0
34.344,0.0
34.345,0.0
34.346,0.0
34.347,0.0
34.348,0.0
34.349,0.0
34.35,0.0
34.351,0.0
34.352,0.0
34.353,0.0
34.354,0.0
34.355,0.0
34.356,0.0
34.357,0.0
34.358,0.0
34.359,0.0
34.36,0.0
34.361,0.0
34.362,0.0
34.363,0.0
34.364,0.0
34.365,0.0
34.366,0.0
34.367,0.0
34.368,0.0
34.369,0.0
34.37,0.0
34.371,0.0
34.372,0.0
34.373,0.0
34.374,0.0
34.375,0.0
34.376,0.0
34.377,0.0
34.378,0.0
34.379,0.0
34.38,0.0
34.381,0.0
34.382,0.0
34.383,0.0
34.384,0.0
34.385,0.0
34.386,0.0
34.387,0.0
34.388,0.0
34.389,0.0
34.39,0.0
34.391,0.0
34.392,0.0
34.393,0.0
34.394,0.0
34.395,0.0
34.396,0.0
34.397,0.0
34.398,0.0
34.399,0.0
34.4,0.0
34.401,0.0
34.402,0.0
34.403,0.0
34.404,0.0
34.405,0.0
34.406,0.0
34.407,0.0
34.408,0.0
34.409,0.0
34.41,0.0
34.411,0.0
34.412,0.0
34.413,0.0
34.414,0.0
34.415,0.0
34.416,0.0
34.417,0.0
34.418,0.0
34.419,0.0
34.42,0.0
34.421,0.0
34.422,0.0
34.423,0.0
34.424,0.0
34.425,0.0
34.426,0.0
34.427,0.0
34.428,0.0
34.429,0.0
34.43,0.0
34.431,0.0
34.432,0.0
34.433,0.0
34.434,0.0
34.435,0.0
34.436,0.0
34.437,0.0
34.438,0.0
34.439,0.0
34.44,0.0
34.441,0.0
34.442,0.0
34.443,0.0
34.444,0.0
34.445,0.0
34.446,0.0
34.447,0.0
34.448,0.0
34.449,0.0
34.45,0.0
34.451,0.0
34.452,0.0
34.453,0.0
34.454,0.0
34.455,0.0
34.456,0.0
34.457,0.0
34.458,0.0
34.459,0.0
34.46,0.0
34.461,0.0
34.462,0.0
34.463,0.0
34.464,0.0
34.465,0.0
34.466,0.0
34.467,0.0
34.468,0.0
34.469,0.0
34.47,0.0
34.471,0.0
34.472,0.0
34.473,0.0
34.474,0.0
34.475,0.0
34.476,0.0
34.477,0.0
34.478,0.0
34.479,0.0
34.48,0.0
34.481,0.0
34.482,0.0
34.483,0.0
34.484,0.0
34.485,0.0
34.486,0.0
34.487,0.0
34.488,0.0
34.489,0.0
34.49,0.0
34.491,0.0
34.492,0.0
34.493,0.0
34.494,0.0
34.495,0.0
34.496,0.0
34.497,0.0
34.498,0.0
34.499,0.0
34.5,0.0
34.501,0.0
34.502,0.0
34.503,0.0
34.504,0.0
34.505,0.0
34.506,0.0
34.507,0.0
34.508,0.0
34.509,0.0
34.51,0.0
34.511,0.0
34.512,0.0
34.513,0.0
34.514,0.0
34.515,0.0
34.516,0.0
34.517,0.0
34.518,0.0
34.519,0.0
34.52,0.0
34.521,0.0
34.522,0.0
34.523,0.0
34.524,0.0
34.525,0.0
34.526,0.0
34.527,0.0
34.528,0.0
34.529,0.0
34.53,0.0
34.531,0.0
34.532,0.0
34.533,0.0
34.534,0.0
34.535,0.0
34.536,0.0
34.537,0.0
34.538,0.0
34.539,0.0
34.54,0.0
34.541,0.0
34.542,0.0
34.543,0.0
34.544,0.0
34.545,0.0
34.546,0.0
34.547,0.0
34.548,0.0
34.549,0.0
34.55,0.0
34.551,0.0
34.552,0.0
34.553,0.0
34.554,0.0
34.555,0.0
34.556,0.0
34.557,0.0
34.558,0.0
34.559,0.0
34.56,0.0
34.561,0.0
34.562,0.0
34.563,0.0
34.564,0.0
34.565,0.0
34.566,0.0
34.567,0.0
34.568,0.0
34.569,0.0
34.57,0.0
34.571,0.0
34.572,0.0
34.573,0.0
34.574,0.0
34.575,0.0
34.576,0.0
34.577,0.0
34.578,0.0
34.579,0.0
34.58,0.0
34.581,0.0
34.582,0.0
34.583,0.0
34.584,0.0
34.585,0.0
34.586,0.0
34.587,0.0
34.588,0.0
34.589,0.0
34.59,0.0
34.591,0.0
34.592,0.0
34.593,0.0
34.594,0.0
34.595,0.0
34.596,0.0
34.597,0.0
34.598,0.0
34.599,0.0
34.6,0.0
34.601,0.0
34.602,0.0
34.603,0.0
34.604,0.0
34.605,0.0
34.606,0.0
34.607,0.0
34.608,0.0
34.609,0.0
34.61,0.0
34.611,0.0
34.612,0.0
34.613,0.0
34.614,0.0
34.615,0.0
34.616,0.0
34.617,0.0
34.618,0.0
34.619,0.0
34.62,0.0
34.621,0.0
34.622,0.0
34.623,0.0
34.624,0.0
34.625,0.0
34.626,0.0
34.627,0.0
34.628,0.0
34.629,0.0
34.63,0.0
34.631,0.0
34.632,0.0
34.633,0.0
34.634,0.0
34.635,0.0
34.636,0.0
34.637,0.0
34.638,0.0
34.639,0.0
34.64,0.0
34.641,0.0
34.642,0.0
34.643,0.0
34.644,0.0
34.645,0.0
34.646,0.0
34.647,0.0
34.648,0.0
34.649,0.0
34.65,0.0
34.651,0.0
34.652,0.0
34.653,0.0
34.654,0.0
34.655,0.0
34.656,0.0
34.657,0.0
34.658,0.0
34.659,0.0
34.66,0.0
34.661,0.0
34.662,0.0
34.663,0.0
34.664,0.0
34.665,0.0
34.666,0.0
34.667,0.0
34.668,0.0
34.669,0.0
34.67,0.0
34.671,0.0
34.672,0.0
34.673,0.0
34.674,0.0
34.675,0.0
34.676,0.0
34.677,0.0
34.678,0.0
34.679,0.0
34.68,0.0
34.681,0.0
34.682,0.0
34.683,0.0
34.684,0.0
34.685,0.0
34.686,0.0
34.687,0.0
34.688,0.0
34.689,0.0
34.69,0.0
34.691,0.0
34.692,0.0
34.693,0.0
34.694,0.0
34.695,0.0
34.696,0.0
34.697,0.0
34.698,0.0
34.699,0.0
34.7,0.0
34.701,0.0
34.702,0.0
34.703,0.0
34.704,0.0
34.705,0.0
34.706,0.0
34.707,0.0
34.708,0.0
34.709,0.0
34.71,0.0
34.711,0.0
34.712,0.0
34.713,0.0
34.714,0.0
34.715,0.0
34.716,0.0
34.717,0.0
34.718,0.0
34.719,0.0
34.72,0.0
34.721,0.0
34.722,0.0
34.723,0.0
34.724,0.0
34.725,0.0
34.726,0.0
34.727,0.0
34.728,0.0
34.729,0.0
34.73,0.0
34.731,0.0
34.732,0.0
34.733,0.0
34.734,0.0
34.735,0.0
34.736,0.0
34.737,0.0
34.738,0.0
34.739,0.0
34.74,0.0
34.741,0.0
34.742,0.0
34.743,0.0
34.744,0.0
34.745,0.0
34.746,0.0
34.747,0.0
34.748,0.0
34.749,0.0
34.75,0.0
34.751,0.0
34.752,0.0
34.753,0.0
34.754,0.0
34.755,0.0
34.756,0.0
34.757,0.0
34.758,0.0
34.759,0.0
34.76,0.0
34.761,0.0
34.762,0.0
34.763,0.0
34.764,0.0
34.765,0.0
34.766,0.0
34.767,0.0
34.768,0.0
34.769,0.0
34.77,0.0
34.771,0.0
34.772,0.0
34.773,0.0
34.774,0.0
34.775,0.0
34.776,0.0
34.777,0.0
34.778,0.0
34.779,0.0
34.78,0.0
34.781,0.0
34.782,0.0
34.783,0.0
34.784,0.0
34.785,0.0
34.786,0.0
34.787,0.0
34.788,0.0
34.789,0.0
34.79,0.0
34.791,0.0
34.792,0.0
34.793,0.0
34.794,0.0
34.795,0.0
34.796,0.0
34.797,0.0
34.798,0.0
34.799,0.0
34.8,0.0
34.801,0.0
34.802,0.0
34.803,0.0
34.804,0.0
34.805,0.0
34.806,0.0
34.807,0.0
34.808,0.0
34.809,0.0
34.81,0.0
34.811,0.0
34.812,0.0
34.813,0.0
34.814,0.0
34.815,0.0
34.816,0.0
34.817,0.0
34.818,0.0
34.819,0.0
34.82,0.0
34.821,0.0
34.822,0.0
34.823,0.0
34.824,0.0
34.825,0.0
34.826,0.0
34.827,0.0
34.828,0.0
34.829,0.0
34.83,0.0
34.831,0.0
34.832,0.0
34.833,0.0
34.834,0.0
34.835,0.0
34.836,0.0
34.837,0.0
34.838,0.0
34.839,0.0
34.84,0.0
34.841,0.0
34.842,0.0
34.843,0.0
34.844,0.0
34.845,0.0
34.846,0.0
34.847,0.0
34.848,0.0
34.849,0.0
34.85,0.0
34.851,0.0
34.852,0.0
34.853,0.0
34.854,0.0
34.855,0.0
34.856,0.0
34.857,0.0
34.858,0.0
34.859,0.0
34.86,0.0
34.861,0.0
34.862,0.0
34.863,0.0
34.864,0.0
34.865,0.0
34.866,0.0
34.867,0.0
34.868,0.0
34.869,0.0
34.87,0.0
34.871,0.0
34.872,0.0
34.873,0.0
34.874,0.0
34.875,0.0
34.876,0.0
34.877,0.0
34.878,0.0
34.879,0.0
34.88,0.0
34.881,0.0
34.882,0.0
34.883,0.0
34.884,0.0
34.885,0.0
34.886,0.0
34.887,0.0
34.888,0.0
34.889,0.0
34.89,0.0
34.891,0.0
34.892,0.0
34.893,0.0
34.894,0.0
34.895,0.0
34.896,0.0
34.897,0.0
34.898,0.0
34.899,0.0
34.9,0.0
34.901,0.0
34.902,0.0
34.903,0.0
34.904,0.0
34.905,0.0
34.906,0.0
34.907,0.0
34.908,0.0
34.909,0.0
34.91,0.0
34.911,0.0
34.912,0.0
34.913,0.0
34.914,0.0
34.915,0.0
34.916,0.0
34.917,0.0
34.918,0.0
34.919,0.0
34.92,0.0
34.921,0.0
34.922,0.0
34.923,0.0
34.924,0.0
34.925,0.0
34.926,0.0
34.927,0.0
34.928,0.0
34.929,0.0
34.93,0.0
34.931,0.0
34.932,0.0
34.933,0.0
34.934,0.0
34.935,0.0
34.936,0.0
34.937,0.0
34.938,0.0
34.939,0.0
34.94,0.0
34.941,0.0
34.942,0.0
34.943,0.0
34.944,0.0
34.945,0.0
34.946,0.0
34.947,0.0
34.948,0.0
34.949,0.0
34.95,0.0
34.951,0.0
34.952,0.0
34.953,0.0
34.954,0.0
34.955,0.0
34.956,0.0
34.957,0.0
34.958,0.0
34.959,0.0
34.96,0.0
34.961,0.0
34.962,0.0
34.963,0.0
34.964,0.0
34.965,0.0
34.966,0.0
34.967,0.0
34.968,0.0
34.969,0.0
34.97,0.0
34.971,0.0
34.972,0.0
34.973,0.0
34.974,0.0
34.975,0.0
34.976,0.0
34.977,0.0
34.978,0.0
34.979,0.0
34.98,0.0
34.981,0.0
34.982,0.0
34.983,0.0
34.984,0.0
34.985,0.0
34.986,0.0
34.987,0.0
34.988,0.0
34.989,0.0
34.99,0.0
34.991,0.0
34.992,0.0
34.993,0.0
34.994,0.0
34.995,0.0
34.996,0.0
34.997,0.0
34.998,0.0
34.999,0.0
35.0,0.0
35.001,0.0
35.002,0.0
35.003,0.0
35.004,0.0
35.005,0.0
35.006,0.0
35.007,0.0
35.008,0.0
35.009,0.0
35.01,0.0
35.011,0.0
35.012,0.0
35.013,0.0
35.014,0.0
35.015,0.0
35.016,0.0
35.017,0.0
35.018,0.0
35.019,0.0
35.02,0.0
35.021,0.0
35.022,0.0
35.023,0.0
35.024,0.0
35.025,0.0
35.026,0.0
35.027,0.0
35.028,0.0
35.029,0.0
35.03,0.0
35.031,0.0
35.032,0.0
35.033,0.0
35.034,0.0
35.035,0.0
35.036,0.0
35.037,0.0
35.038,0.0
35.039,0.0
35.04,0.0
35.041,0.0
35.042,0.0
35.043,0.0
35.044,0.0
35.045,0.0
35.046,0.0
35.047,0.0
35.048,0.0
35.049,0.0
35.05,0.0
35.051,0.0
35.052,0.0
35.053,0.0
35.054,0.0
35.055,0.0
35.056,0.0
35.057,0.0
35.058,0.0
35.059,0.0
35.06,0.0
35.061,0.0
35.062,0.0
35.063,0.0
35.064,0.0
35.065,0.0
35.066,0.0
35.067,0.0
35.068,0.0
35.069,0.0
35.07,0.0
35.071,0.0
35.072,0.0
35.073,0.0
35.074,0.0
35.075,0.0
35.076,0.0
35.077,0.0
35.078,0.0
35.079,0.0
35.08,0.0
35.081,0.0
35.082,0.0
35.083,0.0
35.084,0.0
35.085,0.0
35.086,0.0
35.087,0.0
35.088,0.0
35.089,0.0
35.09,0.0
35.091,0.0
35.092,0.0
35.093,0.0
35.094,0.0
35.095,0.0
35.096,0.0
35.097,0.0
35.098,0.0
35.099,0.0
35.1,0.0
35.101,0.0
35.102,0.0
35.103,0.0
35.104,0.0
35.105,0.0
35.106,0.0
35.107,0.0
35.108,0.0
35.109,0.0
35.11,0.0
35.111,0.0
35.112,0.0
35.113,0.0
35.114,0.0
35.115,0.0
35.116,0.0
35.117,0.0
35.118,0.0
35.119,0.0
35.12,0.0
35.121,0.0
35.122,0.0
35.123,0.0
35.124,0.0
35.125,0.0
35.126,0.0
35.127,0.0
35.128,0.0
35.129,0.0
35.13,0.0
35.131,0.0
35.132,0.0
35.133,0.0
35.134,0.0
35.135,0.0
35.136,0.0
35.137,0.0
35.138,0.0
35.139,0.0
35.14,0.0
35.141,0.0
35.142,0.0
35.143,0.0
35.144,0.0
35.145,0.0
35.146,0.0
35.147,0.0
35.148,0.0
35.149,0.0
35.15,0.0
35.151,0.0
35.152,0.0
35.153,0.0
35.154,0.0
35.155,0.0
35.156,0.0
35.157,0.0
35.158,0.0
35.159,0.0
35.16,0.0
35.161,0.0
35.162,0.0
35.163,0.0
35.164,0.0
35.165,0.0
35.166,0.0
35.167,0.0
35.168,0.0
35.169,0.0
35.17,0.0
35.171,0.0
35.172,0.0
35.173,0.0
35.174,0.0
35.175,0.0
35.176,0.0
35.177,0.0
35.178,0.0
35.179,0.0
35.18,0.0
35.181,0.0
35.182,0.0
35.183,0.0
35.184,0.0
35.185,0.0
35.186,0.0
35.187,0.0
35.188,0.0
35.189,0.0
35.19,0.0
35.191,0.0
35.192,0.0
35.193,0.0
35.194,0.0
35.195,0.0
35.196,0.0
35.197,0.0
35.198,0.0
35.199,0.0
35.2,0.0
35.201,0.0
35.202,0.0
35.203,0.0
35.204,0.0
35.205,0.0
35.206,0.0
35.207,0.0
35.208,0.0
35.209,0.0
35.21,0.0
35.211,0.0
35.212,0.0
35.213,0.0
35.214,0.0
35.215,0.0
35.216,0.0
35.217,0.0
35.218,0.0
35.219,0.0
35.22,0.0
35.221,0.0
35.222,0.0
35.223,0.0
35.224,0.0
35.225,0.0
35.226,0.0
35.227,0.0
35.228,0.0
35.229,0.0
35.23,0.0
35.231,0.0
35.232,0.0
35.233,0.0
35.234,0.0
35.235,0.0
35.236,0.0
35.237,0.0
35.238,0.0
35.239,0.0
35.24,0.0
35.241,0.0
35.242,0.0
35.243,0.0
35.244,0.0
35.245,0.0
35.246,0.0
35.247,0.0
35.248,0.0
35.249,0.0
35.25,0.0
35.251,0.0
35.252,0.0
35.253,0.0
35.254,0.0
35.255,0.0
35.256,0.0
35.257,0.0
35.258,0.0
35.259,0.0
35.26,0.0
35.261,0.0
35.262,0.0
35.263,0.0
35.264,0.0
35.265,0.0
35.266,0.0
35.267,0.0
35.268,0.0
35.269,0.0
35.27,0.0
35.271,0.0
35.272,0.0
35.273,0.0
35.274,0.0
35.275,0.0
35.276,0.0
35.277,0.0
35.278,0.0
35.279,0.0
35.28,0.0
35.281,0.0
35.282,0.0
35.283,0.0
35.284,0.0
35.285,0.0
35.286,0.0
35.287,0.0
35.288,0.0
35.289,0.0
35.29,0.0
35.291,0.0
35.292,0.0
35.293,0.0
35.294,0.0
35.295,0.0
35.296,0.0
35.297,0.0
35.298,0.0
35.299,0.0
35.3,0.0
35.301,0.0
35.302,0.0
35.303,0.0
35.304,0.0
35.305,0.0
35.306,0.0
35.307,0.0
35.308,0.0
35.309,0.0
35.31,0.0
35.311,0.0
35.312,0.0
35.313,0.0
35.314,0.0
35.315,0.0
35.316,0.0
35.317,0.0
35.318,0.0
35.319,0.0
35.32,0.0
35.321,0.0
35.322,0.0
35.323,0.0
35.324,0.0
35.325,0.0
35.326,0.0
35.327,0.0
35.328,0.0
35.329,0.0
35.33,0.0
35.331,0.0
35.332,0.0
35.333,0.0
35.334,0.0
35.335,0.0
35.336,0.0
35.337,0.0
35.338,0.0
35.339,0.0
35.34,0.0
35.341,0.0
35.342,0.0
35.343,0.0
35.344,0.0
35.345,0.0
35.346,0.0
35.347,0.0
35.348,0.0
35.349,0.0
35.35,0.0
35.351,0.0
35.352,0.0
35.353,0.0
35.354,0.0
35.355,0.0
35.356,0.0
35.357,0.0
35.358,0.0
35.359,0.0
35.36,0.0
35.361,0.0
35.362,0.0
35.363,0.0
35.364,0.0
35.365,0.0
35.366,0.0
35.367,0.0
35.368,0.0
35.369,0.0
35.37,0.0
35.371,0.0
35.372,0.0
35.373,0.0
35.374,0.0
35.375,0.0
35.376,0.0
35.377,0.0
35.378,0.0
35.379,0.0
35.38,0.0
35.381,0.0
35.382,0.0
35.383,0.0
35.384,0.0
35.385,0.0
35.386,0.0
35.387,0.0
35.388,0.0
35.389,0.0
35.39,0.0
35.391,0.0
35.392,0.0
35.393,0.0
35.394,0.0
35.395,0.0
35.396,0.0
35.397,0.0
35.398,0.0
35.399,0.0
35.4,0.0
35.401,0.0
35.402,0.0
35.403,0.0
35.404,0.0
35.405,0.0
35.406,0.0
35.407,0.0
35.408,0.0
35.409,0.0
35.41,0.0
35.411,0.0
35.412,0.0
35.413,0.0
35.414,0.0
35.415,0.0
35.416,0.0
35.417,0.0
35.418,0.0
35.419,0.0
35.42,0.0
35.421,0.0
35.422,0.0
35.423,0.0
35.424,0.0
35.425,0.0
35.426,0.0
35.427,0.0
35.428,0.0
35.429,0.0
35.43,0.0
35.431,0.0
35.432,0.0
35.433,0.0
35.434,0.0
35.435,0.0
35.436,0.0
35.437,0.0
35.438,0.0
35.439,0.0
35.44,0.0
35.441,0.0
35.442,0.0
35.443,0.0
35.444,0.0
35.445,0.0
35.446,0.0
35.447,0.0
35.448,0.0
35.449,0.0
35.45,0.0
35.451,0.0
35.452,0.0
35.453,0.0
35.454,0.0
35.455,0.0
35.456,0.0
35.457,0.0
35.458,0.0
35.459,0.0
35.46,0.0
35.461,0.0
35.462,0.0
35.463,0.0
35.464,0.0
35.465,0.0
35.466,0.0
35.467,0.0
35.468,0.0
35.469,0.0
35.47,0.0
35.471,0.0
35.472,0.0
35.473,0.0
35.474,0.0
35.475,0.0
35.476,0.0
35.477,0.0
35.478,0.0
35.479,0.0
35.48,0.0
35.481,0.0
35.482,0.0
35.483,0.0
35.484,0.0
35.485,0.0
35.486,0.0
35.487,0.0
35.488,0.0
35.489,0.0
35.49,0.0
35.491,0.0
35.492,0.0
35.493,0.0
35.494,0.0
35.495,0.0
35.496,0.0
35.497,0.0
35.498,0.0
35.499,0.0
35.5,0.0
35.501,0.0
35.502,0.0
35.503,0.0
35.504,0.0
35.505,0.0
35.506,0.0
35.507,0.0
35.508,0.0
35.509,0.0
35.51,0.0
35.511,0.0
35.512,0.0
35.513,0.0
35.514,0.0
35.515,0.0
35.516,0.0
35.517,0.0
35.518,0.0
35.519,0.0
35.52,0.0
35.521,0.0
35.522,0.0
35.523,0.0
35.524,0.0
35.525,0.45
35.526,0.45
35.527,0.45
35.528,0.45
35.529,0.45
35.53,0.45
35.531,0.45
35.532,0.45
35.533,0.45
35.534,0.45
35.535,0.45
35.536,0.45
35.537,0.45
35.538,0.45
35.539,0.45
35.54,0.45
35.541,0.45
35.542,0.45
35.543,0.45
35.544,0.45
35.545,0.45
35.546,0.45
35.547,0.45
35.548,0.45
35.549,0.45
35.55,0.45
35.551,0.45
35.552,0.45
35.553,0.45
35.554,0.45
35.555,0.45
35.556,0.45
35.557,0.45
35.558,0.45
35.559,0.45
35.56,0.45
35.561,0.45
35.562,0.45
35.563,0.45
35.564,0.45
35.565,0.45
35.566,0.45
35.567,0.45
35.568,0.45
35.569,0.45
35.57,0.45
35.571,0.45
35.572,0.45
35.573,0.45
35.574,0.45
35.575,0.45
35.576,0.45
35.577,0.45
35.578,0.45
35.579,0.45
35.58,0.45
35.581,0.45
35.582,0.45
35.583,0.45
35.584,0.45
35.585,0.45
35.586,0.45
35.587,0.45
35.588,0.45
35.589,0.45
35.59,0.45
35.591,0.45
35.592,0.45
35.593,0.45
35.594,0.45
35.595,0.45
35.596,0.45
35.597,0.45
35.598,0.45
35.599,0.45
35.6,0.45
35.601,0.45
35.602,0.45
35.603,0.45
35.604,0.45
35.605,0.45
35.606,0.45
35.607,0.45
35.608,0.45
35.609,0.45
35.61,0.45
35.611,0.45
35.612,0.45
35.613,0.45
35.614,0.45
35.615,0.45
35.616,0.45
35.617,0.45
35.618,0.45
35.619,0.45
35.62,0.45
35.621,0.45
35.622,0.45
35.623,0.45
35.624,0.45
35.625,0.45
35.626,0.45
35.627,0.45
35.628,0.45
35.629,0.45
35.63,0.45
35.631,0.45
35.632,0.45
35.633,0.45
35.634,0.45
35.635,0.45
35.636,0.45
35.637,0.45
35.638,0.45
35.639,0.45
35.64,0.45
35.641,0.45
35.642,0.45
35.643,0.45
35.644,0.45
35.645,0.45
35.646,0.45
35.647,0.45
35.648,0.45
35.649,0.45
35.65,0.45
35.651,0.45
35.652,0.45
35.653,0.45
35.654,0.45
35.655,0.45
35.656,0.45
35.657,0.45
35.658,0.45
35.659,0.45
35.66,0.45
35.661,0.45
35.662,0.45
35.663,0.45
35.664,0.45
35.665,0.45
35.666,0.45
35.667,0.45
35.668,0.45
35.669,0.45
35.67,0.45
35.671,0.45
35.672,0.45
35.673,0.45
35.674,0.45
35.675,0.45
35.676,0.45
35.677,0.45
35.678,0.45
35.679,0.45
35.68,0.45
35.681,0.45
35.682,0.45
35.683,0.45
35.684,0.45
35.685,0.45
35.686,0.45
35.687,0.45
35.688,0.45
35.689,0.45
35.69,0.45
35.691,0.45
35.692,0.45
35.693,0.45
35.694,0.45
35.695,0.45
35.696,0.45
35.697,0.45
35.698,0.45
35.699,0.45
35.7,0.45
35.701,0.45
35.702,0.45
35.703,0.45
35.704,0.45
35.705,0.45
35.706,0.45
35.707,0.45
35.708,0.45
35.709,0.45
35.71,0.45
35.711,0.45
35.712,0.45
35.713,0.45
35.714,0.45
35.715,0.45
35.716,0.45
35.717,0.45
35.718,0.45
35.719,0.45
35.72,0.45
35.721,0.45
35.722,0.45
35.723,0.45
35.724,0.45
35.725,0.45
35.726,0.45
35.727,0.45
35.728,0.45
35.729,0.45
35.73,0.45
35.731,0.45
35.732,0.45
35.733,0.45
35.734,0.45
35.735,0.45
35.736,0.45
35.737,0.45
35.738,0.45
35.739,0.45
35.74,0.45
35.741,0.45
35.742,0.45
35.743,0.45
35.744,0.45
35.745,0.45
35.746,0.45
35.747,0.45
35.748,0.45
35.749,0.45
35.75,0.45
35.751,0.45
35.752,0.45
35.753,0.45
35.754,0.45
35.755,0.45
35.756,0.45
35.757,0.45
35.758,0.45
35.759,0.45
35.76,0.45
35.761,0.45
35.762,0.45
35.763,0.45
35.764,0.45
35.765,0.45
35.766,0.45
35.767,0.45
35.768,0.45
35.769,0.45
35.77,0.45
35.771,0.45
35.772,0.45
35.773,0.45
35.774,0.45
35.775,0.45
35.776,0.45
35.777,0.45
35.778,0.45
35.779,0.45
35.78,0.45
35.781,0.45
35.782,0.45
35.783,0.45
35.784,0.45
35.785,0.45
35.786,0.45
35.787,0.45
35.788,0.45
35.789,0.45
35.79,0.45
35.791,0.45
35.792,0.45
35.793,0.45
35.794,0.45
35.795,0.45
35.796,0.45
35.797,0.45
35.798,0.45
35.799,0.45
35.8,0.45
35.801,0.45
35.802,0.45
35.803,0.45
35.804,0.45
35.805,0.45
35.806,0.45
35.807,0.45
35.808,0.45
35.809,0.45
35.81,0.45
35.811,0.45
35.812,0.45
35.813,0.45
35.814,0.45
35.815,0.45
35.816,0.45
35.817,0.45
35.818,0.45
35.819,0.45
35.82,0.45
35.821,0.45
35.822,0.45
35.823,0.45
35.824,0.45
35.825,0.45
35.826,0.45
35.827,0.45
35.828,0.45
35.829,0.45
35.83,0.45
35.831,0.45
35.832,0.45
35.833,0.45
35.834,0.45
35.835,0.45
35.836,0.45
35.837,0.45
35.838,0.45
35.839,0.45
35.84,0.45
35.841,0.45
35.842,0.45
35.843,0.45
35.844,0.45
35.845,0.45
35.846,0.45
35.847,0.45
35.848,0.45
35.849,0.45
35.85,0.45
35.851,0.45
35.852,0.45
35.853,0.45
35.854,0.45
35.855,0.45
35.856,0.45
35.857,0.45
35.858,0.45
35.859,0.45
35.86,0.45
35.861,0.45
35.862,0.45
35.863,0.45
35.864,0.45
35.865,0.45
35.866,0.45
35.867,0.45
35.868,0.45
35.869,0.45
35.87,0.45
35.871,0.45
35.872,0.45
35.873,0.45
35.874,0.45
35.875,0.45
35.876,0.45
35.877,0.45
35.878,0.45
35.879,0.45
35.88,0.45
35.881,0.45
35.882,0.45
35.883,0.45
35.884,0.45
35.885,0.45
35.886,0.45
35.887,0.45
35.888,0.45
35.889,0.45
35.89,0.45
35.891,0.45
35.892,0.45
35.893,0.45
35.894,0.45
35.895,0.45
35.896,0.45
35.897,0.45
35.898,0.45
35.899,0.45
35.9,0.45
35.901,0.45
35.902,0.45
35.903,0.45
35.904,0.45
35.905,0.45
35.906,0.45
35.907,0.45
35.908,0.45
35.909,0.45
35.91,0.45
35.911,0.45
35.912,0.45
35.913,0.45
35.914,0.45
35.915,0.45
35.916,0.45
35.917,0.45
35.918,0.45
35.919,0.45
35.92,0.45
35.921,0.45
35.922,0.45
35.923,0.45
35.924,0.45
35.925,0.45
35.926,0.45
35.927,0.45
35.928,0.45
35.929,0.45
35.93,0.45
35.931,0.45
35.932,0.45
35.933,0.45
35.934,0.45
35.935,0.45
35.936,0.45
35.937,0.45
35.938,0.45
35.939,0.45
35.94,0.45
35.941,0.45
35.942,0.45
35.943,0.45
35.944,0.45
35.945,0.45
35.946,0.45
35.947,0.45
35.948,0.45
35.949,0.45
35.95,0.45
35.951,0.45
35.952,0.45
35.953,0.45
35.954,0.45
35.955,0.45
35.956,0.45
35.957,0.45
35.958,0.45
35.959,0.45
35.96,0.45
35.961,0.45
35.962,0.45
35.963,0.45
35.964,0.45
35.965,0.45
35.966,0.45
35.967,0.45
35.968,0.45
35.969,0.45
35.97,0.45
35.971,0.45
35.972,0.45
35.973,0.45
35.974,0.45
35.975,0.45
35.976,0.45
35.977,0.45
35.978,0.45
35.979,0.45
35.98,0.45
35.981,0.45
35.982,0.45
35.983,0.45
35.984,0.45
35.985,0.45
35.986,0.45
35.987,0.45
35.988,0.45
35.989,0.45
35.99,0.45
35.991,0.45
35.992,0.45
35.993,0.45
35.994,0.45
35.995,0.45
35.996,0.45
35.997,0.45
35.998,0.45
35.999,0.45
36.0,0.45
36.001,0.45
36.002,0.45
36.003,0.45
36.004,0.45
36.005,0.45
36.006,0.45
36.007,0.45
36.008,0.45
36.009,0.45
36.01,0.45
36.011,0.45
36.012,0.45
36.013,0.45
36.014,0.45
36.015,0.45
36.016,0.45
36.017,0.45
36.018,0.45
36.019,0.45
36.02,0.45
36.021,0.45
36.022,0.45
36.023,0.45
36.024,0.45
36.025,0.45
36.026,0.45
36.027,0.45
36.028,0.45
36.029,0.45
36.03,0.45
36.031,0.45
36.032,0.45
36.033,0.45
36.034,0.45
36.035,0.45
36.036,0.45
36.037,0.45
36.038,0.45
36.039,0.45
36.04,0.45
36.041,0.45
36.042,0.45
36.043,0.45
36.044,0.45
36.045,0.45
36.046,0.45
36.047,0.45
36.048,0.45
36.049,0.45
36.05,0.45
36.051,0.45
36.052,0.45
36.053,0.45
36.054,0.45
36.055,0.45
36.056,0.45
36.057,0.45
36.058,0.45
36.059,0.45
36.06,0.45
36.061,0.45
36.062,0.45
36.063,0.45
36.064,0.45
36.065,0.45
36.066,0.45
36.067,0.45
36.068,0.45
36.069,0.45
36.07,0.45
36.071,0.45
36.072,0.45
36.073,0.45
36.074,0.45
36.075,0.45
36.076,0.45
36.077,0.45
36.078,0.45
36.079,0.45
36.08,0.45
36.081,0.45
36.082,0.45
36.083,0.45
36.084,0.45
36.085,0.45
36.086,0.45
36.087,0.45
36.088,0.45
36.089,0.45
36.09,0.45
36.091,0.45
36.092,0.45
36.093,0.45
36.094,0.45
36.095,0.45
36.096,0.45
36.097,0.45
36.098,0.45
36.099,0.45
36.1,0.45
36.101,0.45
36.102,0.45
36.103,0.45
36.104,0.45
36.105,0.45
36.106,0.45
36.107,0.45
36.108,0.45
36.109,0.45
36.11,0.45
36.111,0.45
36.112,0.45
36.113,0.45
36.114,0.45
36.115,0.45
36.116,0.45
36.117,0.45
36.118,0.45
36.119,0.45
36.12,0.45
36.121,0.45
36.122,0.45
36.123,0.45
36.124,0.45
36.125,0.45
36.126,0.45
36.127,0.45
36.128,0.45
36.129,0.45
36.13,0.45
36.131,0.45
36.132,0.45
36.133,0.45
36.134,0.45
36.135,0.45
36.136,0.45
36.137,0.45
36.138,0.45
36.139,0.45
36.14,0.45
36.141,0.45
36.142,0.45
36.143,0.45
36.144,0.45
36.145,0.45
36.146,0.45
36.147,0.45
36.148,0.45
36.149,0.45
36.15,0.45
36.151,0.45
36.152,0.45
36.153,0.45
36.154,0.45
36.155,0.45
36.156,0.45
36.157,0.45
36.158,0.45
36.159,0.45
36.16,0.45
36.161,0.45
36.162,0.45
36.163,0.45
36.164,0.45
36.165,0.45
36.166,0.45
36.167,0.45
36.168,0.45
36.169,0.45
36.17,0.45
36.171,0.45
36.172,0.45
36.173,0.45
36.174,0.45
36.175,0.45
36.176,0.45
36.177,0.45
36.178,0.45
36.179,0.45
36.18,0.45
36.181,0.45
36.182,0.45
36.183,0.45
36.184,0.45
36.185,0.45
36.186,0.45
36.187,0.45
36.188,0.45
36.189,0.45
36.19,0.45
36.191,0.45
36.192,0.45
36.193,0.45
36.194,0.45
36.195,0.45
36.196,0.45
36.197,0.45
36.198,0.45
36.199,0.45
36.2,0.45
36.201,0.45
36.202,0.45
36.203,0.45
36.204,0.45
36.205,0.45
36.206,0.45
36.207,0.45
36.208,0.45
36.209,0.45
36.21,0.45
36.211,0.45
36.212,0.45
36.213,0.45
36.214,0.45
36.215,0.45
36.216,0.45
36.217,0.45
36.218,0.45
36.219,0.45
36.22,0.45
36.221,0.45
36.222,0.45
36.223,0.45
36.224,0.45
36.225,0.45
36.226,0.45
36.227,0.45
36.228,0.45
36.229,0.45
36.23,0.45
36.231,0.45
36.232,0.45
36.233,0.45
36.234,0.45
36.235,0.45
36.236,0.45
36.237,0.45
36.238,0.45
36.239,0.45
36.24,0.45
36.241,0.45
36.242,0.45
36.243,0.45
36.244,0.45
36.245,0.45
36.246,0.45
36.247,0.45
36.248,0.45
36.249,0.45
36.25,0.45
36.251,0.45
36.252,0.45
36.253,0.45
36.254,0.45
36.255,0.45
36.256,0.45
36.257,0.45
36.258,0.45
36.259,0.45
36.26,0.45
36.261,0.45
36.262,0.45
36.263,0.45
36.264,0.45
36.265,0.45
36.266,0.45
36.267,0.45
36.268,0.45
36.269,0.45
36.27,0.45
36.271,0.45
36.272,0.45
36.273,0.45
36.274,0.45
36.275,0.45
36.276,0.45
36.277,0.45
36.278,0.45
36.279,0.45
36.28,0.45
36.281,0.45
36.282,0.45
36.283,0.45
36.284,0.45
36.285,0.45
36.286,0.45
36.287,0.45
36.288,0.45
36.289,0.45
36.29,0.45
36.291,0.45
36.292,0.45
36.293,0.45
36.294,0.45
36.295,0.45
36.296,0.45
36.297,0.45
36.298,0.45
36.299,0.45
36.3,0.45
36.301,0.45
36.302,0.45
36.303,0.45
36.304,0.45
36.305,0.45
36.306,0.45
36.307,0.45
36.308,0.45
36.309,0.45
36.31,0.45
36.311,0.45
36.312,0.45
36.313,0.45
36.314,0.45
36.315,0.45
36.316,0.45
36.317,0.45
36.318,0.45
36.319,0.45
36.32,0.45
36.321,0.45
36.322,0.45
36.323,0.45
36.324,0.45
36.325,0.45
36.326,0.45
36.327,0.45
36.328,0.45
36.329,0.45
36.33,0.45
36.331,0.45
36.332,0.45
36.333,0.45
36.334,0.45
36.335,0.45
36.336,0.45
36.337,0.45
36.338,0.45
36.339,0.45
36.34,0.45
36.341,0.45
36.342,0.45
36.343,0.45
36.344,0.45
36.345,0.45
36.346,0.45
36.347,0.45
36.348,0.45
36.349,0.45
36.35,0.45
36.351,0.45
36.352,0.45
36.353,0.45
36.354,0.45
36.355,0.45
36.356,0.45
36.357,0.45
36.358,0.45
36.359,0.45
36.36,0.45
36.361,0.45
36.362,0.45
36.363,0.45
36.364,0.45
36.365,0.45
36.366,0.45
36.367,0.45
36.368,0.45
36.369,0.45
36.37,0.45
36.371,0.45
36.372,0.45
36.373,0.45
36.374,0.45
36.375,0.45
36.376,0.45
36.377,0.45
36.378,0.45
36.379,0.45
36.38,0.45
36.381,0.45
36.382,0.45
36.383,0.45
36.384,0.45
36.385,0.45
36.386,0.45
36.387,0.45
36.388,0.45
36.389,0.45
36.39,0.45
36.391,0.45
36.392,0.45
36.393,0.45
36.394,0.45
36.395,0.45
36.396,0.45
36.397,0.45
36.398,0.45
36.399,0.45
36.4,0.45
36.401,0.45
36.402,0.45
36.403,0.45
36.404,0.45
36.405,0.45
36.406,0.45
36.407,0.45
36.408,0.45
36.409,0.45
36.41,0.45
36.411,0.45
36.412,0.45
36.413,0.45
36.414,0.45
36.415,0.45
36.416,0.45
36.417,0.45
36.418,0.45
36.419,0.45
36.42,0.45
36.421,0.45
36.422,0.45
36.423,0.45
36.424,0.45
36.425,0.45
36.426,0.45
36.427,0.45
36.428,0.45
36.429,0.45
36.43,0.45
36.431,0.45
36.432,0.45
36.433,0.45
36.434,0.45
36.435,0.45
36.436,0.45
36.437,0.45
36.438,0.45
36.439,0.45
36.44,0.45
36.441,0.45
36.442,0.45
36.443,0.45
36.444,0.45
36.445,0.45
36.446,0.45
36.447,0.45
36.448,0.45
36.449,0.45
36.45,0.45
36.451,0.45
36.452,0.45
36.453,0.45
36.454,0.45
36.455,0.45
36.456,0.45
36.457,0.45
36.458,0.45
36.459,0.45
36.46,0.45
36.461,0.45
36.462,0.45
36.463,0.45
36.464,0.45
36.465,0.45
36.466,0.45
36.467,0.45
36.468,0.45
36.469,0.45
36.47,0.45
36.471,0.45
36.472,0.45
36.473,0.45
36.474,0.45
36.475,0.45
36.476,0.45
36.477,0.45
36.478,0.45
36.479,0.45
36.48,0.45
36.481,0.45
36.482,0.45
36.483,0.45
36.484,0.45
36.485,0.45
36.486,0.45
36.487,0.45
36.488,0.45
36.489,0.45
36.49,0.45
36.491,0.45
36.492,0.45
36.493,0.45
36.494,0.45
36.495,0.45
36.496,0.45
36.497,0.45
36.498,0.45
36.499,0.45
36.5,0.45
36.501,0.45
36.502,0.45
36.503,0.45
36.504,0.45
36.505,0.45
36.506,0.45
36.507,0.45
36.508,0.45
36.509,0.45
36.51,0.45
36.511,0.45
36.512,0.45
36.513,0.45
36.514,0.45
36.515,0.45
36.516,0.45
36.517,0.45
36.518,0.45
36.519,0.45
36.52,0.45
36.521,0.45
36.522,0.45
36.523,0.45
36.524,0.45
36.525,0.45
36.526,0.45
36.527,0.45
36.528,0.45
36.529,0.45
36.53,0.45
36.531,0.45
36.532,0.45
36.533,0.45
36.534,0.45
36.535,0.45
36.536,0.45
36.537,0.45
36.538,0.45
36.539,0.45
36.54,0.45
36.541,0.45
36.542,0.45
36.543,0.45
36.544,0.45
36.545,0.45
36.546,0.45
36.547,0.45
36.548,0.45
36.549,0.45
36.55,0.45
36.551,0.45
36.552,0.45
36.553,0.45
36.554,0.45
36.555,0.45
36.556,0.45
36.557,0.45
36.558,0.45
36.559,0.45
36.56,0.45
36.561,0.45
36.562,0.45
36.563,0.45
36.564,0.45
36.565,0.45
36.566,0.45
36.567,0.45
36.568,0.45
36.569,0.45
36.57,0.45
36.571,0.45
36.572,0.45
36.573,0.45
36.574,0.45
36.575,0.45
36.576,0.45
36.577,0.45
36.578,0.45
36.579,0.45
36.58,0.45
36.581,0.45
36.582,0.45
36.583,0.45
36.584,0.45
36.585,0.45
36.586,0.45
36.587,0.45
36.588,0.45
36.589,0.45
36.59,0.45
36.591,0.45
36.592,0.45
36.593,0.45
36.594,0.45
36.595,0.45
36.596,0.45
36.597,0.45
36.598,0.45
36.599,0.45
36.6,0.45
36.601,0.45
36.602,0.45
36.603,0.45
36.604,0.45
36.605,0.45
36.606,0.45
36.607,0.45
36.608,0.45
36.609,0.45
36.61,0.45
36.611,0.45
36.612,0.45
36.613,0.45
36.614,0.45
36.615,0.45
36.616,0.45
36.617,0.45
36.618,0.45
36.619,0.45
36.62,0.45
36.621,0.45
36.622,0.45
36.623,0.45
36.624,0.45
36.625,0.45
36.626,0.45
36.627,0.45
36.628,0.45
36.629,0.45
36.63,0.45
36.631,0.45
36.632,0.45
36.633,0.45
36.634,0.45
36.635,0.45
36.636,0.45
36.637,0.45
36.638,0.45
36.639,0.45
36.64,0.45
36.641,0.45
36.642,0.45
36.643,0.45
36.644,0.45
36.645,0.45
36.646,0.45
36.647,0.45
36.648,0.45
36.649,0.45
36.65,0.45
36.651,0.45
36.652,0.45
36.653,0.45
36.654,0.45
36.655,0.45
36.656,0.45
36.657,0.45
36.658,0.45
36.659,0.45
36.66,0.45
36.661,0.45
36.662,0.45
36.663,0.45
36.664,0.45
36.665,0.45
36.666,0.45
36.667,0.45
36.668,0.45
36.669,0.45
36.67,0.45
36.671,0.45
36.672,0.45
36.673,0.45
36.674,0.45
36.675,0.45
36.676,0.45
36.677,0.45
36.678,0.45
36.679,0.45
36.68,0.45
36.681,0.45
36.682,0.45
36.683,0.45
36.684,0.45
36.685,0.45
36.686,0.45
36.687,0.45
36.688,0.45
36.689,0.45
36.69,0.45
36.691,0.45
36.692,0.45
36.693,0.45
36.694,0.45
36.695,0.45
36.696,0.45
36.697,0.45
36.698,0.45
36.699,0.45
36.7,0.45
36.701,0.45
36.702,0.45
36.703,0.45
36.704,0.45
36.705,0.45
36.706,0.45
36.707,0.45
36.708,0.45
36.709,0.45
36.71,0.45
36.711,0.45
36.712,0.45
36.713,0.45
36.714,0.45
36.715,0.45
36.716,0.45
36.717,0.45
36.718,0.45
36.719,0.45
36.72,0.45
36.721,0.45
36.722,0.45
36.723,0.45
36.724,0.45
36.725,0.45
36.726,0.45
36.727,0.45
36.728,0.45
36.729,0.45
36.73,0.45
36.731,0.45
36.732,0.45
36.733,0.45
36.734,0.45
36.735,0.45
36.736,0.45
36.737,0.45
36.738,0.45
36.739,0.45
36.74,0.45
36.741,0.45
36.742,0.45
36.743,0.45
36.744,0.45
36.745,0.45
36.746,0.45
36.747,0.45
36.748,0.45
36.749,0.45
36.75,0.45
36.751,0.45
36.752,0.45
36.753,0.45
36.754,0.45
36.755,0.45
36.756,0.45
36.757,0.45
36.758,0.45
36.759,0.45
36.76,0.45
36.761,0.45
36.762,0.45
36.763,0.45
36.764,0.45
36.765,0.45
36.766,0.45
36.767,0.45
36.768,0.45
36.769,0.45
36.77,0.45
36.771,0.45
36.772,0.45
36.773,0.45
36.774,0.45
36.775,0.45
36.776,0.45
36.777,0.45
36.778,0.45
36.779,0.45
36.78,0.45
36.781,0.45
36.782,0.45
36.783,0.45
36.784,0.45
36.785,0.45
36.786,0.45
36.787,0.45
36.788,0.45
36.789,0.45
36.79,0.45
36.791,0.45
36.792,0.45
36.793,0.45
36.794,0.45
36.795,0.45
36.796,0.45
36.797,0.45
36.798,0.45
36.799,0.45
36.8,0.45
36.801,0.45
36.802,0.45
36.803,0.45
36.804,0.45
36.805,0.45
36.806,0.45
36.807,0.45
36.808,0.45
36.809,0.45
36.81,0.45
36.811,0.45
36.812,0.45
36.813,0.45
36.814,0.45
36.815,0.45
36.816,0.45
36.817,0.45
36.818,0.45
36.819,0.45
36.82,0.45
36.821,0.45
36.822,0.45
36.823,0.45
36.824,0.45
36.825,0.45
36.826,0.45
36.827,0.45
36.828,0.45
36.829,0.45
36.83,0.45
36.831,0.45
36.832,0.45
36.833,0.45
36.834,0.45
36.835,0.45
36.836,0.45
36.837,0.45
36.838,0.45
36.839,0.45
36.84,0.45
36.841,0.45
36.842,0.45
36.843,0.45
36.844,0.45
36.845,0.45
36.846,0.45
36.847,0.45
36.848,0.45
36.849,0.45
36.85,0.45
36.851,0.45
36.852,0.45
36.853,0.45
36.854,0.45
36.855,0.45
36.856,0.45
36.857,0.45
36.858,0.45
36.859,0.45
36.86,0.45
36.861,0.45
36.862,0.45
36.863,0.45
36.864,0.45
36.865,0.45
36.866,0.45
36.867,0.45
36.868,0.45
36.869,0.45
36.87,0.45
36.871,0.45
36.872,0.45
36.873,0.45
36.874,0.45
36.875,0.45
36.876,0.45
36.877,0.45
36.878,0.45
36.879,0.45
36.88,0.45
36.881,0.45
36.882,0.45
36.883,0.45
36.884,0.45
36.885,0.45
36.886,0.45
36.887,0.45
36.888,0.45
36.889,0.45
36.89,0.45
36.891,0.45
36.892,0.45
36.893,0.45
36.894,0.45
36.895,0.45
36.896,0.45
36.897,0.45
36.898,0.45
36.899,0.45
36.9,0.45
36.901,0.45
36.902,0.45
36.903,0.45
36.904,0.45
36.905,0.45
36.906,0.45
36.907,0.45
36.908,0.45
36.909,0.45
36.91,0.45
36.911,0.45
36.912,0.45
36.913,0.45
36.914,0.45
36.915,0.45
36.916,0.45
36.917,0.45
36.918,0.45
36.919,0.45
36.92,0.45
36.921,0.45
36.922,0.45
36.923,0.45
36.924,0.45
36.925,0.45
36.926,0.45
36.927,0.45
36.928,0.45
36.929,0.45
36.93,0.45
36.931,0.45
36.932,0.45
36.933,0.45
36.934,0.45
36.935,0.45
36.936,0.45
36.937,0.45
36.938,0.45
36.939,0.45
36.94,0.45
36.941,0.45
36.942,0.45
36.943,0.45
36.944,0.45
36.945,0.45
36.946,0.45
36.947,0.45
36.948,0.45
36.949,0.45
36.95,0.45
36.951,0.45
36.952,0.45
36.953,0.45
36.954,0.45
36.955,0.45
36.956,0.45
36.957,0.45
36.958,0.45
36.959,0.45
36.96,0.45
36.961,0.45
36.962,0.45
36.963,0.45
36.964,0.45
36.965,0.45
36.966,0.45
36.967,0.45
36.968,0.45
36.969,0.45
36.97,0.45
36.971,0.45
36.972,0.45
36.973,0.45
36.974,0.45
36.975,0.45
36.976,0.45
36.977,0.45
36.978,0.45
36.979,0.45
36.98,0.45
36.981,0.45
36.982,0.45
36.983,0.45
36.984,0.45
36.985,0.45
36.986,0.45
36.987,0.45
36.988,0.45
36.989,0.45
36.99,0.45
36.991,0.45
36.992,0.45
36.993,0.45
36.994,0.45
36.995,0.45
36.996,0.45
36.997,0.45
36.998,0.45
36.999,0.45
37.0,0.45
37.001,0.45
37.002,0.45
37.003,0.45
37.004,0.45
37.005,0.45
37.006,0.45
37.007,0.45
37.008,0.45
37.009,0.45
37.01,0.45
37.011,0.45
37.012,0.45
37.013,0.45
37.014,0.45
37.015,0.45
37.016,0.45
37.017,0.45
37.018,0.45
37.019,0.45
37.02,0.45
37.021,0.45
37.022,0.45
37.023,0.45
37.024,0.45
37.025,0.45
37.026,0.45
37.027,0.45
37.028,0.45
37.029,0.45
37.03,0.45
37.031,0.45
37.032,0.45
37.033,0.45
37.034,0.45
37.035,0.45
37.036,0.45
37.037,0.45
37.038,0.45
37.039,0.45
37.04,0.45
37.041,0.45
37.042,0.45
37.043,0.45
37.044,0.45
37.045,0.45
37.046,0.45
37.047,0.45
37.048,0.45
37.049,0.45
37.05,0.45
37.051,0.45
37.052,0.45
37.053,0.45
37.054,0.45
37.055,0.45
37.056,0.45
37.057,0.45
37.058,0.45
37.059,0.45
37.06,0.45
37.061,0.45
37.062,0.45
37.063,0.45
37.064,0.45
37.065,0.45
37.066,0.45
37.067,0.45
37.068,0.45
37.069,0.45
37.07,0.45
37.071,0.45
37.072,0.45
37.073,0.45
37.074,0.45
37.075,0.45
37.076,0.45
37.077,0.45
37.078,0.45
37.079,0.45
37.08,0.45
37.081,0.45
37.082,0.45
37.083,0.45
37.084,0.45
37.085,0.45
37.086,0.45
37.087,0.45
37.088,0.45
37.089,0.45
37.09,0.45
37.091,0.45
37.092,0.45
37.093,0.45
37.094,0.45
37.095,0.45
37.096,0.45
37.097,0.45
37.098,0.45
37.099,0.45
37.1,0.45
37.101,0.45
37.102,0.45
37.103,0.45
37.104,0.45
37.105,0.45
37.106,0.45
37.107,0.45
37.108,0.45
37.109,0.45
37.11,0.45
37.111,0.45
37.112,0.45
37.113,0.45
37.114,0.45
37.115,0.45
37.116,0.45
37.117,0.45
37.118,0.45
37.119,0.45
37.12,0.45
37.121,0.45
37.122,0.45
37.123,0.45
37.124,0.45
37.125,0.45
37.126,0.45
37.127,0.45
37.128,0.45
37.129,0.45
37.13,0.45
37.131,0.45
37.132,0.45
37.133,0.45
37.134,0.45
37.135,0.45
37.136,0.45
37.137,0.45
37.138,0.45
37.139,0.45
37.14,0.45
37.141,0.45
37.142,0.45
37.143,0.45
37.144,0.45
37.145,0.45
37.146,0.45
37.147,0.45
37.148,0.45
37.149,0.45
37.15,0.45
37.151,0.45
37.152,0.45
37.153,0.45
37.154,0.45
37.155,0.45
37.156,0.45
37.157,0.45
37.158,0.45
37.159,0.45
37.16,0.45
37.161,0.45
37.162,0.45
37.163,0.45
37.164,0.45
37.165,0.45
37.166,0.45
37.167,0.45
37.168,0.45
37.169,0.45
37.17,0.45
37.171,0.45
37.172,0.45
37.173,0.45
37.174,0.45
37.175,0.45
37.176,0.45
37.177,0.45
37.178,0.45
37.179,0.45
37.18,0.45
37.181,0.45
37.182,0.45
37.183,0.45
37.184,0.45
37.185,0.45
37.186,0.45
37.187,0.45
37.188,0.45
37.189,0.45
37.19,0.45
37.191,0.45
37.192,0.45
37.193,0.45
37.194,0.45
37.195,0.45
37.196,0.45
37.197,0.45
37.198,0.45
37.199,0.45
37.2,0.45
37.201,0.45
37.202,0.45
37.203,0.45
37.204,0.45
37.205,0.45
37.206,0.45
37.207,0.45
37.208,0.45
37.209,0.45
37.21,0.45
37.211,0.45
37.212,0.45
37.213,0.45
37.214,0.45
37.215,0.45
37.216,0.45
37.217,0.45
37.218,0.45
37.219,0.45
37.22,0.45
37.221,0.45
37.222,0.45
37.223,0.45
37.224,0.45
37.225,0.45
37.226,0.45
37.227,0.45
37.228,0.45
37.229,0.45
37.23,0.45
37.231,0.45
37.232,0.45
37.233,0.45
37.234,0.45
37.235,0.45
37.236,0.45
37.237,0.45
37.238,0.45
37.239,0.45
37.24,0.45
37.241,0.45
37.242,0.45
37.243,0.45
37.244,0.45
37.245,0.45
37.246,0.45
37.247,0.45
37.248,0.45
37.249,0.45
37.25,0.45
37.251,0.45
37.252,0.45
37.253,0.45
37.254,0.45
37.255,0.45
37.256,0.45
37.257,0.45
37.258,0.45
37.259,0.45
37.26,0.45
37.261,0.45
37.262,0.45
37.263,0.45
37.264,0.45
37.265,0.45
37.266,0.45
37.267,0.45
37.268,0.45
37.269,0.45
37.27,0.45
37.271,0.45
37.272,0.45
37.273,0.45
37.274,0.45
37.275,0.45
37.276,0.45
37.277,0.45
37.278,0.45
37.279,0.45
37.28,0.45
37.281,0.45
37.282,0.45
37.283,0.45
37.284,0.45
37.285,0.45
37.286,0.45
37.287,0.45
37.288,0.45
37.289,0.45
37.29,0.45
37.291,0.45
37.292,0.45
37.293,0.45
37.294,0.45
37.295,0.45
37.296,0.45
37.297,0.45
37.298,0.45
37.299,0.45
37.3,0.45
37.301,0.45
37.302,0.45
37.303,0.45
37.304,0.45
37.305,0.45
37.306,0.45
37.307,0.45
37.308,0.45
37.309,0.45
37.31,0.45
37.311,0.45
37.312,0.45
37.313,0.45
37.314,0.45
37.315,0.45
37.316,0.45
37.317,0.45
37.318,0.45
37.319,0.45
37.32,0.45
37.321,0.45
37.322,0.45
37.323,0.45
37.324,0.45
37.325,0.45
37.326,0.45
37.327,0.45
37.328,0.45
37.329,0.45
37.33,0.45
37.331,0.45
37.332,0.45
37.333,0.45
37.334,0.45
37.335,0.45
37.336,0.45
37.337,0.45
37.338,0.45
37.339,0.45
37.34,0.45
37.341,0.45
37.342,0.45
37.343,0.45
37.344,0.45
37.345,0.45
37.346,0.45
37.347,0.45
37.348,0.45
37.349,0.45
37.35,0.45
37.351,0.45
37.352,0.45
37.353,0.45
37.354,0.45
37.355,0.45
37.356,0.45
37.357,0.45
37.358,0.45
37.359,0.45
37.36,0.45
37.361,0.45
37.362,0.45
37.363,0.45
37.364,0.45
37.365,0.45
37.366,0.45
37.367,0.45
37.368,0.45
37.369,0.45
37.37,0.45
37.371,0.45
37.372,0.45
37.373,0.45
37.374,0.45
37.375,0.45
37.376,0.45
37.377,0.45
37.378,0.45
37.379,0.45
37.38,0.45
37.381,0.45
37.382,0.45
37.383,0.45
37.384,0.45
37.385,0.45
37.386,0.45
37.387,0.45
37.388,0.45
37.389,0.45
37.39,0.45
37.391,0.45
37.392,0.45
37.393,0.45
37.394,0.45
37.395,0.45
37.396,0.45
37.397,0.45
37.398,0.45
37.399,0.45
37.4,0.45
37.401,0.45
37.402,0.45
37.403,0.45
37.404,0.45
37.405,0.45
37.406,0.45
37.407,0.45
37.408,0.45
37.409,0.45
37.41,0.45
37.411,0.45
37.412,0.45
37.413,0.45
37.414,0.45
37.415,0.45
37.416,0.45
37.417,0.45
37.418,0.45
37.419,0.45
37.42,0.45
37.421,0.45
37.422,0.45
37.423,0.45
37.424,0.45
37.425,0.45
37.426,0.45
37.427,0.45
37.428,0.45
37.429,0.45
37.43,0.45
37.431,0.45
37.432,0.45
37.433,0.45
37.434,0.45
37.435,0.45
37.436,0.45
37.437,0.45
37.438,0.45
37.439,0.45
37.44,0.45
37.441,0.45
37.442,0.45
37.443,0.45
37.444,0.45
37.445,0.45
37.446,0.45
37.447,0.45
37.448,0.45
37.449,0.45
37.45,0.45
37.451,0.45
37.452,0.45
37.453,0.45
37.454,0.45
37.455,0.45
37.456,0.45
37.457,0.45
37.458,0.45
37.459,0.45
37.46,0.45
37.461,0.45
37.462,0.45
37.463,0.45
37.464,0.45
37.465,0.45
37.466,0.45
37.467,0.45
37.468,0.45
37.469,0.45
37.47,0.45
37.471,0.45
37.472,0.45
37.473,0.45
37.474,0.45
37.475,0.45
37.476,0.45
37.477,0.45
37.478,0.45
37.479,0.45
37.48,0.45
37.481,0.45
37.482,0.45
37.483,0.45
37.484,0.45
37.485,0.45
37.486,0.45
37.487,0.45
37.488,0.45
37.489,0.45
37.49,0.45
37.491,0.45
37.492,0.45
37.493,0.45
37.494,0.45
37.495,0.45
37.496,0.45
37.497,0.45
37.498,0.45
37.499,0.45
37.5,0.45
37.501,0.45
37.502,0.45
37.503,0.45
37.504,0.45
37.505,0.45
37.506,0.45
37.507,0.45
37.508,0.45
37.509,0.45
37.51,0.45
37.511,0.45
37.512,0.45
37.513,0.45
37.514,0.45
37.515,0.45
37.516,0.45
37.517,0.45
37.518,0.45
37.519,0.45
37.52,0.45
37.521,0.45
37.522,0.45
37.523,0.45
37.524,0.45
37.525,0.45
37.526,0.45
37.527,0.45
37.528,0.45
37.529,0.45
37.53,0.45
37.531,0.45
37.532,0.45
37.533,0.45
37.534,0.45
37.535,0.45
37.536,0.45
37.537,0.45
37.538,0.45
37.539,0.45
37.54,0.45
37.541,0.45
37.542,0.45
37.543,0.45
37.544,0.45
37.545,0.45
37.546,0.45
37.547,0.45
37.548,0.45
37.549,0.45
37.55,0.45
37.551,0.45
37.552,0.45
37.553,0.45
37.554,0.45
37.555,0.45
37.556,0.45
37.557,0.45
37.558,0.45
37.559,0.45
37.56,0.45
37.561,0.45
37.562,0.45
37.563,0.45
37.564,0.45
37.565,0.45
37.566,0.45
37.567,0.45
37.568,0.45
37.569,0.45
37.57,0.45
37.571,0.45
37.572,0.45
37.573,0.45
37.574,0.45
37.575,0.45
37.576,0.45
37.577,0.45
37.578,0.45
37.579,0.45
37.58,0.45
37.581,0.45
37.582,0.45
37.583,0.45
37.584,0.45
37.585,0.45
37.586,0.45
37.587,0.45
37.588,0.45
37.589,0.45
37.59,0.45
37.591,0.45
37.592,0.45
37.593,0.45
37.594,0.45
37.595,0.45
37.596,0.45
37.597,0.45
37.598,0.45
37.599,0.45
37.6,0.45
37.601,0.45
37.602,0.45
37.603,0.45
37.604,0.45
37.605,0.45
37.606,0.45
37.607,0.45
37.608,0.45
37.609,0.45
37.61,0.45
37.611,0.45
37.612,0.45
37.613,0.45
37.614,0.45
37.615,0.45
37.616,0.45
37.617,0.45
37.618,0.45
37.619,0.45
37.62,0.45
37.621,0.45
37.622,0.45
37.623,0.45
37.624,0.45
37.625,0.45
37.626,0.45
37.627,0.45
37.628,0.45
37.629,0.45
37.63,0.45
37.631,0.45
37.632,0.45
37.633,0.45
37.634,0.45
37.635,0.45
37.636,0.45
37.637,0.45
37.638,0.45
37.639,0.45
37.64,0.45
37.641,0.45
37.642,0.45
37.643,0.45
37.644,0.45
37.645,0.45
37.646,0.45
37.647,0.45
37.648,0.45
37.649,0.45
37.65,0.45
37.651,0.45
37.652,0.45
37.653,0.45
37.654,0.45
37.655,0.45
37.656,0.45
37.657,0.45
37.658,0.45
37.659,0.45
37.66,0.45
37.661,0.45
37.662,0.45
37.663,0.45
37.664,0.45
37.665,0.45
37.666,0.45
37.667,0.45
37.668,0.45
37.669,0.45
37.67,0.45
37.671,0.45
37.672,0.45
37.673,0.45
37.674,0.45
37.675,0.45
37.676,0.45
37.677,0.45
37.678,0.45
37.679,0.45
37.68,0.45
37.681,0.45
37.682,0.45
37.683,0.45
37.684,0.45
37.685,0.45
37.686,0.45
37.687,0.45
37.688,0.45
37.689,0.45
37.69,0.45
37.691,0.45
37.692,0.45
37.693,0.45
37.694,0.45
37.695,0.45
37.696,0.45
37.697,0.45
37.698,0.45
37.699,0.45
37.7,0.45
37.701,0.45
37.702,0.45
37.703,0.45
37.704,0.45
37.705,0.45
37.706,0.45
37.707,0.45
37.708,0.45
37.709,0.45
37.71,0.45
37.711,0.45
37.712,0.45
37.713,0.45
37.714,0.45
37.715,0.45
37.716,0.45
37.717,0.45
37.718,0.45
37.719,0.45
37.72,0.45
37.721,0.45
37.722,0.45
37.723,0.45
37.724,0.45
37.725,0.45
37.726,0.45
37.727,0.45
37.728,0.45
37.729,0.45
37.73,0.45
37.731,0.45
37.732,0.45
37.733,0.45
37.734,0.45
37.735,0.45
37.736,0.45
37.737,0.45
37.738,0.45
37.739,0.45
37.74,0.45
37.741,0.45
37.742,0.45
37.743,0.45
37.744,0.45
37.745,0.45
37.746,0.45
37.747,0.45
37.748,0.45
37.749,0.45
37.75,0.45
37.751,0.45
37.752,0.45
37.753,0.45
37.754,0.45
37.755,0.45
37.756,0.45
37.757,0.45
37.758,0.45
37.759,0.45
37.76,0.45
37.761,0.45
37.762,0.45
37.763,0.45
37.764,0.45
37.765,0.45
37.766,0.45
37.767,0.45
37.768,0.45
37.769,0.45
37.77,0.45
37.771,0.45
37.772,0.45
37.773,0.45
37.774,0.45
37.775,0.45
37.776,0.45
37.777,0.45
37.778,0.45
37.779,0.45
37.78,0.45
37.781,0.45
37.782,0.45
37.783,0.45
37.784,0.45
37.785,0.45
37.786,0.45
37.787,0.45
37.788,0.45
37.789,0.45
37.79,0.45
37.791,0.45
37.792,0.45
37.793,0.45
37.794,0.45
37.795,0.45
37.796,0.45
37.797,0.45
37.798,0.45
37.799,0.45
37.8,0.45
37.801,0.45
37.802,0.45
37.803,0.45
37.804,0.45
37.805,0.45
37.806,0.45
37.807,0.45
37.808,0.45
37.809,0.45
37.81,0.45
37.811,0.45
37.812,0.45
37.813,0.45
37.814,0.45
37.815,0.45
37.816,0.45
37.817,0.45
37.818,0.45
37.819,0.45
37.82,0.45
37.821,0.45
37.822,0.45
37.823,0.45
37.824,0.45
37.825,0.45
37.826,0.45
37.827,0.45
37.828,0.45
37.829,0.45
37.83,0.45
37.831,0.45
37.832,0.45
37.833,0.45
37.834,0.45
37.835,0.45
37.836,0.45
37.837,0.45
37.838,0.45
37.839,0.45
37.84,0.45
37.841,0.45
37.842,0.45
37.843,0.45
37.844,0.45
37.845,0.45
37.846,0.45
37.847,0.45
37.848,0.45
37.849,0.45
37.85,0.45
37.851,0.45
37.852,0.45
37.853,0.45
37.854,0.45
37.855,0.45
37.856,0.45
37.857,0.45
37.858,0.45
37.859,0.45
37.86,0.45
37.861,0.45
37.862,0.45
37.863,0.45
37.864,0.45
37.865,0.45
37.866,0.45
37.867,0.45
37.868,0.45
37.869,0.45
37.87,0.45
37.871,0.45
37.872,0.45
37.873,0.45
37.874,0.45
37.875,0.45
37.876,0.45
37.877,0.45
37.878,0.45
37.879,0.45
37.88,0.45
37.881,0.45
37.882,0.45
37.883,0.45
37.884,0.45
37.885,0.45
37.886,0.45
37.887,0.45
37.888,0.45
37.889,0.45
37.89,0.45
37.891,0.45
37.892,0.45
37.893,0.45
37.894,0.45
37.895,0.45
37.896,0.45
37.897,0.45
37.898,0.45
37.899,0.45
37.9,0.45
37.901,0.45
37.902,0.45
37.903,0.45
37.904,0.45
37.905,0.45
37.906,0.45
37.907,0.45
37.908,0.45
37.909,0.45
37.91,0.45
37.911,0.45
37.912,0.45
37.913,0.45
37.914,0.45
37.915,0.45
37.916,0.45
37.917,0.45
37.918,0.45
37.919,0.45
37.92,0.45
37.921,0.45
37.922,0.45
37.923,0.45
37.924,0.45
37.925,0.45
37.926,0.45
37.927,0.45
37.928,0.45
37.929,0.45
37.93,0.45
37.931,0.45
37.932,0.45
37.933,0.45
37.934,0.45
37.935,0.45
37.936,0.45
37.937,0.45
37.938,0.45
37.939,0.45
37.94,0.45
37.941,0.45
37.942,0.45
37.943,0.45
37.944,0.45
37.945,0.45
37.946,0.45
37.947,0.45
37.948,0.45
37.949,0.45
37.95,0.45
37.951,0.45
37.952,0.45
37.953,0.45
37.954,0.45
37.955,0.45
37.956,0.45
37.957,0.45
37.958,0.45
37.959,0.45
37.96,0.45
37.961,0.45
37.962,0.45
37.963,0.45
37.964,0.45
37.965,0.45
37.966,0.45
37.967,0.45
37.968,0.45
37.969,0.45
37.97,0.45
37.971,0.45
37.972,0.45
37.973,0.45
37.974,0.45
37.975,0.45
37.976,0.45
37.977,0.45
37.978,0.45
37.979,0.45
37.98,0.45
37.981,0.45
37.982,0.45
37.983,0.45
37.984,0.45
37.985,0.45
37.986,0.45
37.987,0.45
37.988,0.45
37.989,0.45
37.99,0.45
37.991,0.45
37.992,0.45
37.993,0.45
37.994,0.45
37.995,0.45
37.996,0.45
37.997,0.45
37.998,0.45
37.999,0.45
38.0,0.45
38.001,0.45
38.002,0.45
38.003,0.45
38.004,0.45
38.005,0.45
38.006,0.45
38.007,0.45
38.008,0.45
38.009,0.45
38.01,0.45
38.011,0.45
38.012,0.45
38.013,0.45
38.014,0.45
38.015,0.45
38.016,0.45
38.017,0.45
38.018,0.45
38.019,0.45
38.02,0.45
38.021,0.45
38.022,0.45
38.023,0.45
38.024,0.45
38.025,0.45
38.026,0.45
38.027,0.45
38.028,0.45
38.029,0.45
38.03,0.45
38.031,0.45
38.032,0.45
38.033,0.45
38.034,0.45
38.035,0.45
38.036,0.45
38.037,0.45
38.038,0.45
38.039,0.45
38.04,0.45
38.041,0.45
38.042,0.45
38.043,0.45
38.044,0.45
38.045,0.45
38.046,0.45
38.047,0.45
38.048,0.45
38.049,0.45
38.05,0.45
38.051,0.45
38.052,0.45
38.053,0.45
38.054,0.45
38.055,0.45
38.056,0.45
38.057,0.45
38.058,0.45
38.059,0.45
38.06,0.45
38.061,0.45
38.062,0.45
38.063,0.45
38.064,0.45
38.065,0.45
38.066,0.45
38.067,0.45
38.068,0.45
38.069,0.45
38.07,0.45
38.071,0.45
38.072,0.45
38.073,0.45
38.074,0.45
38.075,0.45
38.076,0.45
38.077,0.45
38.078,0.45
38.079,0.45
38.08,0.45
38.081,0.45
38.082,0.45
38.083,0.45
38.084,0.45
38.085,0.45
38.086,0.45
38.087,0.45
38.088,0.45
38.089,0.45
38.09,0.45
38.091,0.45
38.092,0.45
38.093,0.45
38.094,0.45
38.095,0.45
38.096,0.45
38.097,0.45
38.098,0.45
38.099,0.45
38.1,0.45
38.101,0.45
38.102,0.45
38.103,0.45
38.104,0.45
38.105,0.45
38.106,0.45
38.107,0.45
38.108,0.45
38.109,0.45
38.11,0.45
38.111,0.45
38.112,0.45
38.113,0.45
38.114,0.45
38.115,0.45
38.116,0.45
38.117,0.45
38.118,0.45
38.119,0.45
38.12,0.45
38.121,0.45
38.122,0.45
38.123,0.45
38.124,0.45
38.125,0.45
38.126,0.45
38.127,0.45
38.128,0.45
38.129,0.45
38.13,0.45
38.131,0.45
38.132,0.45
38.133,0.45
38.134,0.45
38.135,0.45
38.136,0.45
38.137,0.45
38.138,0.45
38.139,0.45
38.14,0.45
38.141,0.45
38.142,0.45
38.143,0.45
38.144,0.45
38.145,0.45
38.146,0.45
38.147,0.45
38.148,0.45
38.149,0.45
38.15,0.45
38.151,0.45
38.152,0.45
38.153,0.45
38.154,0.45
38.155,0.45
38.156,0.45
38.157,0.45
38.158,0.45
38.159,0.45
38.16,0.45
38.161,0.45
38.162,0.45
38.163,0.45
38.164,0.45
38.165,0.45
38.166,0.45
38.167,0.45
38.168,0.45
38.169,0.45
38.17,0.45
38.171,0.45
38.172,0.45
38.173,0.45
38.174,0.45
38.175,0.45
38.176,0.45
38.177,0.45
38.178,0.45
38.179,0.45
38.18,0.45
38.181,0.45
38.182,0.45
38.183,0.45
38.184,0.45
38.185,0.45
38.186,0.45
38.187,0.45
38.188,0.45
38.189,0.45
38.19,0.45
38.191,0.45
38.192,0.45
38.193,0.45
38.194,0.45
38.195,0.45
38.196,0.45
38.197,0.45
38.198,0.45
38.199,0.45
38.2,0.45
38.201,0.45
38.202,0.45
38.203,0.45
38.204,0.45
38.205,0.45
38.206,0.45
38.207,0.45
38.208,0.45
38.209,0.45
38.21,0.45
38.211,0.45
38.212,0.45
38.213,0.45
38.214,0.45
38.215,0.45
38.216,0.45
38.217,0.45
38.218,0.45
38.219,0.45
38.22,0.45
38.221,0.45
38.222,0.45
38.223,0.45
38.224,0.45
38.225,0.45
38.226,0.45
38.227,0.45
38.228,0.45
38.229,0.45
38.23,0.45
38.231,0.45
38.232,0.45
38.233,0.45
38.234,0.45
38.235,0.45
38.236,0.45
38.237,0.45
38.238,0.45
38.239,0.45
38.24,0.45
38.241,0.45
38.242,0.45
38.243,0.45
38.244,0.45
38.245,0.45
38.246,0.45
38.247,0.45
38.248,0.45
38.249,0.45
38.25,0.45
38.251,0.45
38.252,0.45
38.253,0.45
38.254,0.45
38.255,0.45
38.256,0.45
38.257,0.45
38.258,0.45
38.259,0.45
38.26,0.45
38.261,0.45
38.262,0.45
38.263,0.45
38.264,0.45
38.265,0.45
38.266,0.45
38.267,0.45
38.268,0.45
38.269,0.45
38.27,0.45
38.271,0.45
38.272,0.45
38.273,0.45
38.274,0.45
38.275,0.45
38.276,0.45
38.277,0.45
38.278,0.45
38.279,0.45
38.28,0.45
38.281,0.45
38.282,0.45
38.283,0.45
38.284,0.45
38.285,0.45
38.286,0.45
38.287,0.45
38.288,0.45
38.289,0.45
38.29,0.45
38.291,0.45
38.292,0.45
38.293,0.45
38.294,0.45
38.295,0.45
38.296,0.45
38.297,0.45
38.298,0.45
38.299,0.45
38.3,0.45
38.301,0.45
38.302,0.45
38.303,0.45
38.304,0.45
38.305,0.45
38.306,0.45
38.307,0.45
38.308,0.45
38.309,0.45
38.31,0.45
38.311,0.45
38.312,0.45
38.313,0.45
38.314,0.45
38.315,0.45
38.316,0.45
38.317,0.45
38.318,0.45
38.319,0.45
38.32,0.45
38.321,0.45
38.322,0.45
38.323,0.45
38.324,0.45
38.325,0.45
38.326,0.45
38.327,0.45
38.328,0.45
38.329,0.45
38.33,0.45
38.331,0.45
38.332,0.45
38.333,0.45
38.334,0.45
38.335,0.45
38.336,0.45
38.337,0.45
38.338,0.45
38.339,0.45
38.34,0.45
38.341,0.45
38.342,0.45
38.343,0.45
38.344,0.45
38.345,0.45
38.346,0.45
38.347,0.45
38.348,0.45
38.349,0.45
38.35,0.45
38.351,0.45
38.352,0.45
38.353,0.45
38.354,0.45
38.355,0.45
38.356,0.45
38.357,0.45
38.358,0.45
38.359,0.45
38.36,0.45
38.361,0.45
38.362,0.45
38.363,0.45
38.364,0.45
38.365,0.45
38.366,0.45
38.367,0.0
38.368,0.0
38.369,0.0
38.37,0.0
38.371,0.0
38.372,0.0
38.373,0.0
38.374,0.0
38.375,0.0
38.376,0.0
38.377,0.0
38.378,0.0
38.379,0.0
38.38,0.0
38.381,0.0
38.382,0.0
38.383,0.0
38.384,0.0
38.385,0.0
38.386,0.0
38.387,0.0
38.388,0.0
38.389,0.0
38.39,0.0
38.391,0.0
38.392,0.0
38.393,0.0
38.394,0.0
38.395,0.0
38.396,0.0
38.397,0.0
38.398,0.0
38.399,0.0
38.4,0.0
38.401,0.0
38.402,0.0
38.403,0.0
38.404,0.0
38.405,0.0
38.406,0.0
38.407,0.0
38.408,0.0
38.409,0.0
38.41,0.0
38.411,0.0
38.412,0.0
38.413,0.0
38.414,0.0
38.415,0.0
38.416,0.0
38.417,0.0
38.418,0.0
38.419,0.0
38.42,0.0
38.421,0.0
38.422,0.0
38.423,0.0
38.424,0.0
38.425,0.0
38.426,0.0
38.427,0.0
38.428,0.0
38.429,0.0
38.43,0.0
38.431,0.0
38.432,0.0
38.433,0.0
38.434,0.0
38.435,0.0
38.436,0.0
38.437,0.0
38.438,0.0
38.439,0.0
38.44,0.0
38.441,0.0
38.442,0.0
38.443,0.0
38.444,0.0
38.445,0.0
38.446,0.0
38.447,0.0
38.448,0.0
38.449,0.0
38.45,0.0
38.451,0.0
38.452,0.0
38.453,0.0
38.454,0.0
38.455,0.0
38.456,0.0
38.457,0.0
38.458,0.0
38.459,0.0
38.46,0.0
38.461,0.0
38.462,0.0
38.463,0.0
38.464,0.0
38.465,0.0
38.466,0.0
38.467,0.0
38.468,0.0
38.469,0.0
38.47,0.0
38.471,0.0
38.472,0.0
38.473,0.0
38.474,0.0
38.475,0.0
38.476,0.0
38.477,0.0
38.478,0.0
38.479,0.0
38.48,0.0
38.481,0.0
38.482,0.0
38.483,0.0
38.484,0.0
38.485,0.0
38.486,0.0
38.487,0.0
38.488,0.0
38.489,0.0
38.49,0.0
38.491,0.0
38.492,0.0
38.493,0.0
38.494,0.0
38.495,0.0
38.496,0.0
38.497,0.0
38.498,0.0
38.499,0.0
38.5,0.0
38.501,0.0
38.502,0.0
38.503,0.0
38.504,0.0
38.505,0.0
38.506,0.0
38.507,0.0
38.508,0.0
38.509,0.0
38.51,0.0
38.511,0.0
38.512,0.0
38.513,0.0
38.514,0.0
38.515,0.0
38.516,0.0
38.517,0.0
38.518,0.0
38.519,0.0
38.52,0.0
38.521,0.0
38.522,0.0
38.523,0.0
38.524,0.0
38.525,0.0
38.526,0.0
38.527,0.0
38.528,0.0
38.529,0.0
38.53,0.0
38.531,0.0
38.532,0.0
38.533,0.0
38.534,0.0
38.535,0.0
38.536,0.0
38.537,0.0
38.538,0.0
38.539,0.0
38.54,0.0
38.541,0.0
38.542,0.0
38.543,0.0
38.544,0.0
38.545,0.0
38.546,0.0
38.547,0.0
38.548,0.0
38.549,0.0
38.55,0.0
38.551,0.0
38.552,0.0
38.553,0.0
38.554,0.0
38.555,0.0
38.556,0.0
38.557,0.0
38.558,0.0
38.559,0.0
38.56,0.0
38.561,0.0
38.562,0.0
38.563,0.0
38.564,0.0
38.565,0.0
38.566,0.0
38.567,0.0
38.568,0.0
38.569,0.0
38.57,0.0
38.571,0.0
38.572,0.0
38.573,0.0
38.574,0.0
38.575,0.0
38.576,0.0
38.577,0.0
38.578,0.0
38.579,0.0
38.58,0.0
38.581,0.0
38.582,0.0
38.583,0.0
38.584,0.0
38.585,0.0
38.586,0.0
38.587,0.0
38.588,0.0
38.589,0.0
38.59,0.0
38.591,0.0
38.592,0.0
38.593,0.0
38.594,0.0
38.595,0.0
38.596,0.0
38.597,0.0
38.598,0.0
38.599,0.0
38.6,0.0
38.601,0.0
38.602,0.0
38.603,0.0
38.604,0.0
38.605,0.0
38.606,0.0
38.607,0.0
38.608,0.0
38.609,0.0
38.61,0.0
38.611,0.0
38.612,0.0
38.613,0.0
38.614,0.0
38.615,0.0
38.616,0.0
38.617,0.0
38.618,0.0
38.619,0.0
38.62,0.0
38.621,0.0
38.622,0.0
38.623,0.0
38.624,0.0
38.625,0.0
38.626,0.0
38.627,0.0
38.628,0.0
38.629,0.0
38.63,0.0
38.631,0.0
38.632,0.0
38.633,0.0
38.634,0.0
38.635,0.0
38.636,0.0
38.637,0.0
38.638,0.0
38.639,0.0
38.64,0.0
38.641,0.0
38.642,0.0
38.643,0.0
38.644,0.0
38.645,0.0
38.646,0.0
38.647,0.0
38.648,0.0
38.649,0.0
38.65,0.0
38.651,0.0
38.652,0.0
38.653,0.0
38.654,0.0
38.655,0.0
38.656,0.0
38.657,0.0
38.658,0.0
38.659,0.0
38.66,0.0
38.661,0.0
38.662,0.0
38.663,0.0
38.664,0.0
38.665,0.0
38.666,0.0
38.667,0.0
38.668,0.0
38.669,0.0
38.67,0.0
38.671,0.0
38.672,0.0
38.673,0.0
38.674,0.0
38.675,0.0
38.676,0.0
38.677,0.0
38.678,0.0
38.679,0.0
38.68,0.0
38.681,0.0
38.682,0.0
38.683,0.0
38.684,0.0
38.685,0.0
38.686,0.0
38.687,0.0
38.688,0.0
38.689,0.0
38.69,0.0
38.691,0.0
38.692,0.0
38.693,0.0
38.694,0.0
38.695,0.0
38.696,0.0
38.697,0.0
38.698,0.0
38.699,0.0
38.7,0.0
38.701,0.0
38.702,0.0
38.703,0.0
38.704,0.0
38.705,0.0
38.706,0.0
38.707,0.0
38.708,0.0
38.709,0.0
38.71,0.0
38.711,0.0
38.712,0.0
38.713,0.0
38.714,0.0
38.715,0.0
38.716,0.0
38.717,0.0
38.718,0.0
38.719,0.0
38.72,0.0
38.721,0.0
38.722,0.0
38.723,0.0
38.724,0.0
38.725,0.0
38.726,0.0
38.727,0.0
38.728,0.0
38.729,0.0
38.73,0.0
38.731,0.0
38.732,0.0
38.733,0.0
38.734,0.0
38.735,0.0
38.736,0.0
38.737,0.0
38.738,0.0
38.739,0.0
38.74,0.0
38.741,0.0
38.742,0.0
38.743,0.0
38.744,0.0
38.745,0.0
38.746,0.0
38.747,0.0
38.748,0.0
38.749,0.0
38.75,0.0
38.751,0.0
38.752,0.0
38.753,0.0
38.754,0.0
38.755,0.0
38.756,0.0
38.757,0.0
38.758,0.0
38.759,0.0
38.76,0.0
38.761,0.0
38.762,0.0
38.763,0.0
38.764,0.0
38.765,0.0
38.766,0.0
38.767,0.0
38.768,0.0
38.769,0.0
38.77,0.0
38.771,0.0
38.772,0.0
38.773,0.0
38.774,0.0
38.775,0.0
38.776,0.0
38.777,0.0
38.778,0.0
38.779,0.0
38.78,0.0
38.781,0.0
38.782,0.0
38.783,0.0
38.784,0.0
38.785,0.0
38.786,0.0
38.787,0.0
38.788,0.0
38.789,0.0
38.79,0.0
38.791,0.0
38.792,0.0
38.793,0.0
38.794,0.0
38.795,0.0
38.796,0.0
38.797,0.0
38.798,0.0
38.799,0.0
38.8,0.0
38.801,0.0
38.802,0.0
38.803,0.0
38.804,0.0
38.805,0.0
38.806,0.0
38.807,0.0
38.808,0.0
38.809,0.0
38.81,0.0
38.811,0.0
38.812,0.0
38.813,0.0
38.814,0.0
38.815,0.0
38.816,0.0
38.817,0.0
38.818,0.0
38.819,0.0
38.82,0.0
38.821,0.0
38.822,0.0
38.823,0.0
38.824,0.0
38.825,0.0
38.826,0.0
38.827,0.0
38.828,0.0
38.829,0.0
38.83,0.0
38.831,0.0
38.832,0.0
38.833,0.0
38.834,0.0
38.835,0.0
38.836,0.0
38.837,0.0
38.838,0.0
38.839,0.0
38.84,0.0
38.841,0.0
38.842,0.0
38.843,0.0
38.844,0.0
38.845,0.0
38.846,0.0
38.847,0.0
38.848,0.0
38.849,0.0
38.85,0.0
38.851,0.0
38.852,0.0
38.853,0.0
38.854,0.0
38.855,0.0
38.856,0.0
38.857,0.0
38.858,0.0
38.859,0.0
38.86,0.0
38.861,0.0
38.862,0.0
38.863,0.0
38.864,0.0
38.865,0.0
38.866,0.0
38.867,0.0
38.868,0.0
38.869,0.0
38.87,0.0
38.871,0.0
38.872,0.0
38.873,0.0
38.874,0.0
38.875,0.0
38.876,0.0
38.877,0.0
38.878,0.0
38.879,0.0
38.88,0.0
38.881,0.0
38.882,0.0
38.883,0.0
38.884,0.0
38.885,0.0
38.886,0.0
38.887,0.0
38.888,0.0
38.889,0.0
38.89,0.0
38.891,0.0
38.892,0.0
38.893,0.0
38.894,0.0
38.895,0.0
38.896,0.0
38.897,0.0
38.898,0.0
38.899,0.0
38.9,0.0
38.901,0.0
38.902,0.0
38.903,0.0
38.904,0.0
38.905,0.0
38.906,0.0
38.907,0.0
38.908,0.0
38.909,0.0
38.91,0.0
38.911,0.0
38.912,0.0
38.913,0.0
38.914,0.0
38.915,0.0
38.916,0.0
38.917,0.0
38.918,0.0
38.919,0.0
38.92,0.0
38.921,0.0
38.922,0.0
38.923,0.0
38.924,0.0
38.925,0.0
38.926,0.0
38.927,0.0
38.928,0.0
38.929,0.0
38.93,0.0
38.931,0.0
38.932,0.0
38.933,0.0
38.934,0.0
38.935,0.0
38.936,0.0
38.937,0.0
38.938,0.0
38.939,0.0
38.94,0.0
38.941,0.0
38.942,0.0
38.943,0.0
38.944,0.0
38.945,0.0
38.946,0.0
38.947,0.0
38.948,0.0
38.949,0.0
38.95,0.0
38.951,0.0
38.952,0.0
38.953,0.0
38.954,0.0
38.955,0.0
38.956,0.0
38.957,0.0
38.958,0.0
38.959,0.0
38.96,0.0
38.961,0.0
38.962,0.0
38.963,0.0
38.964,0.0
38.965,0.0
38.966,0.0
38.967,0.0
38.968,0.0
38.969,0.0
38.97,0.0
38.971,0.0
38.972,0.0
38.973,0.0
38.974,0.0
38.975,0.0
38.976,0.0
38.977,0.0
38.978,0.0
38.979,0.0
38.98,0.0
38.981,0.0
38.982,0.0
38.983,0.0
38.984,0.0
38.985,0.0
38.986,0.0
38.987,0.0
38.988,0.0
38.989,0.0
38.99,0.0
38.991,0.0
38.992,0.0
38.993,0.0
38.994,0.0
38.995,0.0
38.996,0.0
38.997,0.0
38.998,0.0
38.999,0.0
39.0,0.0
39.001,0.0
39.002,0.0
39.003,0.0
39.004,0.0
39.005,0.0
39.006,0.0
39.007,0.0
39.008,0.0
39.009,0.0
39.01,0.0
39.011,0.0
39.012,0.0
39.013,0.0
39.014,0.0
39.015,0.0
39.016,0.0
39.017,0.0
39.018,0.0
39.019,0.0
39.02,0.0
39.021,0.0
39.022,0.0
39.023,0.0
39.024,0.0
39.025,0.0
39.026,0.0
39.027,0.0
39.028,0.0
39.029,0.0
39.03,0.0
39.031,0.0
39.032,0.0
39.033,0.0
39.034,0.0
39.035,0.0
39.036,0.0
39.037,0.0
39.038,0.0
39.039,0.0
39.04,0.0
39.041,0.0
39.042,0.0
39.043,0.0
39.044,0.0
39.045,0.0
39.046,0.0
39.047,0.0
39.048,0.0
39.049,0.0
39.05,0.0
39.051,0.0
39.052,0.0
39.053,0.0
39.054,0.0
39.055,0.0
39.056,0.0
39.057,0.0
39.058,0.0
39.059,0.0
39.06,0.0
39.061,0.0
39.062,0.0
39.063,0.0
39.064,0.0
39.065,0.0
39.066,0.0
39.067,0.0
39.068,0.0
39.069,0.0
39.07,0.0
39.071,0.0
39.072,0.0
39.073,0.0
39.074,0.0
39.075,0.0
39.076,0.0
39.077,0.0
39.078,0.0
39.079,0.0
39.08,0.0
39.081,0.0
39.082,0.0
39.083,0.0
39.084,0.0
39.085,0.0
39.086,0.0
39.087,0.0
39.088,0.0
39.089,0.0
39.09,0.0
39.091,0.0
39.092,0.0
39.093,0.0
39.094,0.0
39.095,0.0
39.096,0.0
39.097,0.0
39.098,0.0
39.099,0.0
39.1,0.0
39.101,0.0
39.102,0.0
39.103,0.0
39.104,0.0
39.105,0.0
39.106,0.0
39.107,0.0
39.108,0.0
39.109,0.0
39.11,0.0
39.111,0.0
39.112,0.0
39.113,0.0
39.114,0.0
39.115,0.0
39.116,0.0
39.117,0.0
39.118,0.0
39.119,0.0
39.12,0.0
39.121,0.0
39.122,0.0
39.123,0.0
39.124,0.0
39.125,0.0
39.126,0.0
39.127,0.0
39.128,0.0
39.129,0.0
39.13,0.0
39.131,0.0
39.132,0.0
39.133,0.0
39.134,0.0
39.135,0.0
39.136,0.0
39.137,0.0
39.138,0.0
39.139,0.0
39.14,0.0
39.141,0.0
39.142,0.0
39.143,0.0
39.144,0.0
39.145,0.0
39.146,0.0
39.147,0.0
39.148,0.0
39.149,0.0
39.15,0.0
39.151,0.0
39.152,0.0
39.153,0.0
39.154,0.0
39.155,0.0
39.156,0.0
39.157,0.0
39.158,0.0
39.159,0.0
39.16,0.0
39.161,0.0
39.162,0.0
39.163,0.0
39.164,0.0
39.165,0.0
39.166,0.0
39.167,0.0
39.168,0.0
39.169,0.0
39.17,0.0
39.171,0.0
39.172,0.0
39.173,0.0
39.174,0.0
39.175,0.0
39.176,0.0
39.177,0.0
39.178,0.0
39.179,0.0
39.18,0.0
39.181,0.0
39.182,0.0
39.183,0.0
39.184,0.0
39.185,0.0
39.186,0.0
39.187,0.0
39.188,0.0
39.189,0.0
39.19,0.0
39.191,0.0
39.192,0.0
39.193,0.0
39.194,0.0
39.195,0.0
39.196,0.0
39.197,0.0
39.198,0.0
39.199,0.0
39.2,0.0
39.201,0.0
39.202,0.0
39.203,0.0
39.204,0.0
39.205,0.0
39.206,0.0
39.207,0.0
39.208,0.0
39.209,0.0
39.21,0.0
39.211,0.0
39.212,0.0
39.213,0.0
39.214,0.0
39.215,0.0
39.216,0.0
39.217,0.0
39.218,0.0
39.219,0.0
39.22,0.0
39.221,0.0
39.222,0.0
39.223,0.0
39.224,0.0
39.225,0.0
39.226,0.0
39.227,0.0
39.228,0.0
39.229,0.0
39.23,0.0
39.231,0.0
39.232,0.0
39.233,0.0
39.234,0.0
39.235,0.0
39.236,0.0
39.237,0.0
39.238,0.0
39.239,0.0
39.24,0.0
39.241,0.0
39.242,0.0
39.243,0.0
39.244,0.0
39.245,0.0
39.246,0.0
39.247,0.0
39.248,0.0
39.249,0.0
39.25,0.0
39.251,0.0
39.252,0.0
39.253,0.0
39.254,0.0
39.255,0.0
39.256,0.0
39.257,0.0
39.258,0.0
39.259,0.0
39.26,0.0
39.261,0.0
39.262,0.0
39.263,0.0
39.264,0.0
39.265,0.0
39.266,0.0
39.267,0.0
39.268,0.0
39.269,0.0
39.27,0.0
39.271,0.0
39.272,0.0
39.273,0.0
39.274,0.0
39.275,0.0
39.276,0.0
39.277,0.0
39.278,0.0
39.279,0.0
39.28,0.0
39.281,0.0
39.282,0.0
39.283,0.0
39.284,0.0
39.285,0.0
39.286,0.0
39.287,0.0
39.288,0.0
39.289,0.0
39.29,0.0
39.291,0.0
39.292,0.0
39.293,0.0
39.294,0.0
39.295,0.0
39.296,0.0
39.297,0.0
39.298,0.0
39.299,0.0
39.3,0.0
39.301,0.0
39.302,0.0
39.303,0.0
39.304,0.0
39.305,0.0
39.306,0.0
39.307,0.0
39.308,0.0
39.309,0.0
39.31,0.0
39.311,0.0
39.312,0.0
39.313,0.0
39.314,0.0
39.315,0.0
39.316,0.0
39.317,0.0
39.318,0.0
39.319,0.0
39.32,0.0
39.321,0.0
39.322,0.0
39.323,0.0
39.324,0.0
39.325,0.0
39.326,0.0
39.327,0.0
39.328,0.0
39.329,0.0
39.33,0.0
39.331,0.0
39.332,0.0
39.333,0.0
39.334,0.0
39.335,0.0
39.336,0.0
39.337,0.0
39.338,0.0
39.339,0.0
39.34,0.0
39.341,0.0
39.342,0.0
39.343,0.0
39.344,0.0
39.345,0.0
39.346,0.0
39.347,0.0
39.348,0.0
39.349,0.0
39.35,0.0
39.351,0.0
39.352,0.0
39.353,0.0
39.354,0.0
39.355,0.0
39.356,0.0
39.357,0.0
39.358,0.0
39.359,0.0
39.36,0.0
39.361,0.0
39.362,0.0
39.363,0.0
39.364,0.0
39.365,0.0
39.366,0.0
39.367,0.0
39.368,0.0
39.369,0.0
39.37,0.0
39.371,0.0
39.372,0.0
39.373,0.0
39.374,0.0
39.375,0.0
39.376,0.0
39.377,0.0
39.378,0.0
39.379,0.0
39.38,0.0
39.381,0.0
39.382,0.0
39.383,0.0
39.384,0.0
39.385,0.0
39.386,0.0
39.387,0.0
39.388,0.0
39.389,0.0
39.39,0.0
39.391,0.0
39.392,0.0
39.393,0.0
39.394,0.0
39.395,0.0
39.396,0.0
39.397,0.0
39.398,0.0
39.399,0.0
39.4,0.0
39.401,0.0
39.402,0.0
39.403,0.0
39.404,0.0
39.405,0.0
39.406,0.0
39.407,0.0
39.408,0.0
39.409,0.0
39.41,0.0
39.411,0.0
39.412,0.0
39.413,0.0
39.414,0.0
39.415,0.0
39.416,0.0
39.417,0.0
39.418,0.0
39.419,0.0
39.42,0.0
39.421,0.0
39.422,0.0
39.423,0.0
39.424,0.0
39.425,0.0
39.426,0.0
39.427,0.0
39.428,0.0
39.429,0.0
39.43,0.0
39.431,0.0
39.432,0.0
39.433,0.0
39.434,0.0
39.435,0.0
39.436,0.0
39.437,0.0
39.438,0.0
39.439,0.0
39.44,0.0
39.441,0.0
39.442,0.0
39.443,0.0
39.444,0.0
39.445,0.0
39.446,0.0
39.447,0.0
39.448,0.0
39.449,0.0
39.45,0.0
39.451,0.0
39.452,0.0
39.453,0.0
39.454,0.0
39.455,0.0
39.456,0.0
39.457,0.0
39.458,0.0
39.459,0.0
39.46,0.0
39.461,0.0
39.462,0.0
39.463,0.0
39.464,0.0
39.465,0.0
39.466,0.0
39.467,0.0
39.468,0.0
39.469,0.0
39.47,0.0
39.471,0.0
39.472,0.0
39.473,0.0
39.474,0.0
39.475,0.0
39.476,0.0
39.477,0.0
39.478,0.0
39.479,0.0
39.48,0.0
39.481,0.0
39.482,0.0
39.483,0.0
39.484,0.0
39.485,0.0
39.486,0.0
39.487,0.0
39.488,0.0
39.489,0.0
39.49,0.0
39.491,0.0
39.492,0.0
39.493,0.0
39.494,0.0
39.495,0.0
39.496,0.0
39.497,0.0
39.498,0.0
39.499,0.0
39.5,0.0
39.501,0.0
39.502,0.0
39.503,0.0
39.504,0.0
39.505,0.0
39.506,0.0
39.507,0.0
39.508,0.0
39.509,0.0
39.51,0.0
39.511,0.0
39.512,0.0
39.513,0.0
39.514,0.0
39.515,0.0
39.516,0.0
39.517,0.0
39.518,0.0
39.519,0.0
39.52,0.0
39.521,0.0
39.522,0.0
39.523,0.0
39.524,0.0
39.525,0.0
39.526,0.0
39.527,0.0
39.528,0.0
39.529,0.0
39.53,0.0
39.531,0.0
39.532,0.0
39.533,0.0
39.534,0.0
39.535,0.0
39.536,0.0
39.537,0.0
39.538,0.0
39.539,0.0
39.54,0.0
39.541,0.0
39.542,0.0
39.543,0.0
39.544,0.0
39.545,0.0
39.546,0.0
39.547,0.0
39.548,0.0
39.549,0.0
39.55,0.0
39.551,0.0
39.552,0.0
39.553,0.0
39.554,0.0
39.555,0.0
39.556,0.0
39.557,0.0
39.558,0.0
39.559,0.0
39.56,0.0
39.561,0.0
39.562,0.0
39.563,0.0
39.564,0.0
39.565,0.0
39.566,0.0
39.567,0.0
39.568,0.0
39.569,0.0
39.57,0.0
39.571,0.0
39.572,0.0
39.573,0.0
39.574,0.0
39.575,0.0
39.576,0.0
39.577,0.0
39.578,0.0
39.579,0.0
39.58,0.0
39.581,0.0
39.582,0.0
39.583,0.0
39.584,0.0
39.585,0.0
39.586,0.0
39.587,0.0
39.588,0.0
39.589,0.0
39.59,0.0
39.591,0.0
39.592,0.0
39.593,0.0
39.594,0.0
39.595,0.0
39.596,0.0
39.597,0.0
39.598,0.0
39.599,0.0
39.6,0.0
39.601,0.0
39.602,0.0
39.603,0.0
39.604,0.0
39.605,0.0
39.606,0.0
39.607,0.0
39.608,0.0
39.609,0.0
39.61,0.0
39.611,0.0
39.612,0.0
39.613,0.0
39.614,0.0
39.615,0.0
39.616,0.0
39.617,0.0
39.618,0.0
39.619,0.0
39.62,0.0
39.621,0.0
39.622,0.0
39.623,0.0
39.624,0.0
39.625,0.0
39.626,0.0
39.627,0.0
39.628,0.0
39.629,0.0
39.63,0.0
39.631,0.0
39.632,0.0
39.633,0.0
39.634,0.0
39.635,0.0
39.636,0.0
39.637,0.0
39.638,0.0
39.639,0.0
39.64,0.0
39.641,0.0
39.642,0.0
39.643,0.0
39.644,0.0
39.645,0.0
39.646,0.0
39.647,0.0
39.648,0.0
39.649,0.0
39.65,0.0
39.651,0.0
39.652,0.0
39.653,0.0
39.654,0.0
39.655,0.0
39.656,0.0
39.657,0.0
39.658,0.0
39.659,0.0
39.66,0.0
39.661,0.0
39.662,0.0
39.663,0.0
39.664,0.0
39.665,0.0
39.666,0.0
39.667,0.0
39.668,0.0
39.669,0.0
39.67,0.0
39.671,0.0
39.672,0.0
39.673,0.0
39.674,0.0
39.675,0.0
39.676,0.0
39.677,0.0
39.678,0.0
39.679,0.0
39.68,0.0
39.681,0.0
39.682,0.0
39.683,0.0
39.684,0.0
39.685,0.0
39.686,0.0
39.687,0.0
39.688,0.0
39.689,0.0
39.69,0.0
39.691,0.0
39.692,0.0
39.693,0.0
39.694,0.0
39.695,0.0
39.696,0.0
39.697,0.0
39.698,0.0
39.699,0.0
39.7,0.0
39.701,0.0
39.702,0.0
39.703,0.0
39.704,0.0
39.705,0.0
39.706,0.0
39.707,0.0
39.708,0.0
39.709,0.0
39.71,0.0
39.711,0.0
39.712,0.0
39.713,0.0
39.714,0.0
39.715,0.0
39.716,0.0
39.717,0.0
39.718,0.0
39.719,0.0
39.72,0.0
39.721,0.0
39.722,0.0
39.723,0.0
39.724,0.0
39.725,0.0
39.726,0.0
39.727,0.0
39.728,0.0
39.729,0.0
39.73,0.0
39.731,0.0
39.732,0.0
39.733,0.0
39.734,0.0
39.735,0.0
39.736,0.0
39.737,0.0
39.738,0.0
39.739,0.0
39.74,0.0
39.741,0.0
39.742,0.0
39.743,0.0
39.744,0.0
39.745,0.0
39.746,0.0
39.747,0.0
39.748,0.0
39.749,0.0
39.75,0.0
39.751,0.0
39.752,0.0
39.753,0.0
39.754,0.0
39.755,0.0
39.756,0.0
39.757,0.0
39.758,0.0
39.759,0.0
39.76,0.0
39.761,0.0
39.762,0.0
39.763,0.0
39.764,0.0
39.765,0.0
39.766,0.0
39.767,0.0
39.768,0.0
39.769,0.0
39.77,0.0
39.771,0.0
39.772,0.0
39.773,0.0
39.774,0.0
39.775,0.0
39.776,0.0
39.777,0.0
39.778,0.0
39.779,0.0
39.78,0.0
39.781,0.0
39.782,0.0
39.783,0.0
39.784,0.0
39.785,0.0
39.786,0.0
39.787,0.0
39.788,0.0
39.789,0.0
39.79,0.0
39.791,0.0
39.792,0.0
39.793,0.0
39.794,0.0
39.795,0.0
39.796,0.0
39.797,0.0
39.798,0.0
39.799,0.0
39.8,0.0
39.801,0.0
39.802,0.0
39.803,0.0
39.804,0.0
39.805,0.0
39.806,0.0
39.807,0.0
39.808,0.0
39.809,0.0
39.81,0.0
39.811,0.0
39.812,0.0
39.813,0.0
39.814,0.0
39.815,0.0
39.816,0.0
39.817,0.0
39.818,0.0
39.819,0.0
39.82,0.0
39.821,0.0
39.822,0.0
39.823,0.0
39.824,0.0
39.825,0.0
39.826,0.0
39.827,0.0
39.828,0.0
39.829,0.0
39.83,0.0
39.831,0.0
39.832,0.0
39.833,0.0
39.834,0.0
39.835,0.0
39.836,0.0
39.837,0.0
39.838,0.0
39.839,0.0
39.84,0.0
39.841,0.0
39.842,0.0
39.843,0.0
39.844,0.0
39.845,0.0
39.846,0.0
39.847,0.0
39.848,0.0
39.849,0.0
39.85,0.0
39.851,0.0
39.852,0.0
39.853,0.0
39.854,0.0
39.855,0.0
39.856,0.0
39.857,0.0
39.858,0.0
39.859,0.0
39.86,0.0
39.861,0.0
39.862,0.0
39.863,0.0
39.864,0.0
39.865,0.0
39.866,0.0
39.867,0.0
39.868,0.0
39.869,0.0
39.87,0.0
39.871,0.0
39.872,0.0
39.873,0.0
39.874,0.0
39.875,0.0
39.876,0.0
39.877,0.0
39.878,0.0
39.879,0.0
39.88,0.0
39.881,0.0
39.882,0.0
39.883,0.0
39.884,0.0
39.885,0.0
39.886,0.0
39.887,0.0
39.888,0.0
39.889,0.0
39.89,0.0
39.891,0.0
39.892,0.0
39.893,0.0
39.894,0.0
39.895,0.0
39.896,0.0
39.897,0.0
39.898,0.0
39.899,0.0
39.9,0.0
39.901,0.0
39.902,0.0
39.903,0.0
39.904,0.0
39.905,0.0
39.906,0.0
39.907,0.0
39.908,0.0
39.909,0.0
39.91,0.0
39.911,0.0
39.912,0.0
39.913,0.0
39.914,0.0
39.915,0.0
39.916,0.0
39.917,0.0
39.918,0.0
39.919,0.0
39.92,0.0
39.921,0.0
39.922,0.0
39.923,0.0
39.924,0.0
39.925,0.0
39.926,0.0
39.927,0.0
39.928,0.0
39.929,0.0
39.93,0.0
39.931,0.0
39.932,0.0
39.933,0.0
39.934,0.0
39.935,0.0
39.936,0.0
39.937,0.0
39.938,0.0
39.939,0.0
39.94,0.0
39.941,0.0
39.942,0.0
39.943,0.0
39.944,0.0
39.945,0.0
39.946,0.0
39.947,0.0
39.948,0.0
39.949,0.0
39.95,0.0
39.951,0.0
39.952,0.0
39.953,0.0
39.954,0.0
39.955,0.0
39.956,0.0
39.957,0.0
39.958,0.0
39.959,0.0
39.96,0.0
39.961,0.0
39.962,0.0
39.963,0.0
39.964,0.0
39.965,0.0
39.966,0.0
39.967,0.0
39.968,0.0
39.969,0.0
39.97,0.0
39.971,0.0
39.972,0.0
39.973,0.0
39.974,0.0
39.975,0.0
39.976,0.0
39.977,0.0
39.978,0.0
39.979,0.0
39.98,0.0
39.981,0.0
39.982,0.0
39.983,0.0
39.984,0.0
39.985,0.0
39.986,0.0
39.987,0.0
39.988,0.0
39.989,0.0
39.99,0.0
39.991,0.0
39.992,0.0
39.993,0.0
39.994,0.0
39.995,0.0
39.996,0.0
39.997,0.0
39.998,0.0
39.999,0.0
40.0,0.0
40.001,0.0
40.002,0.0
40.003,0.0
40.004,0.0
40.005,0.0
40.006,0.0
40.007,0.0
40.008,0.0
40.009,0.0
40.01,0.0
40.011,0.0
40.012,0.0
40.013,0.0
40.014,0.0
40.015,0.0
40.016,0.0
40.017,0.0
40.018,0.0
40.019,0.0
40.02,0.0
40.021,0.0
40.022,0.0
40.023,0.0
40.024,0.0
40.025,0.0
40.026,0.0
40.027,0.0
40.028,0.0
40.029,0.0
40.03,0.0
40.031,0.0
40.032,0.0
40.033,0.0
40.034,0.0
40.035,0.0
40.036,0.0
40.037,0.0
40.038,0.0
40.039,0.0
40.04,0.0
40.041,0.0
40.042,0.0
40.043,0.0
40.044,0.0
40.045,0.0
40.046,0.0
40.047,0.0
40.048,0.0
40.049,0.0
40.05,0.0
40.051,0.0
40.052,0.0
40.053,0.0
40.054,0.0
40.055,0.0
40.056,0.0
40.057,0.0
40.058,0.0
40.059,0.0
40.06,0.0
40.061,0.0
40.062,0.0
40.063,0.0
40.064,0.0
40.065,0.0
40.066,0.0
40.067,0.0
40.068,0.0
40.069,0.0
40.07,0.0
40.071,0.0
40.072,0.0
40.073,0.0
40.074,0.0
40.075,0.0
40.076,0.0
40.077,0.0
40.078,0.0
40.079,0.0
40.08,0.0
40.081,0.0
40.082,0.0
40.083,0.0
40.084,0.0
40.085,0.0
40.086,0.0
40.087,0.0
40.088,0.0
40.089,0.0
40.09,0.0
40.091,0.0
40.092,0.0
40.093,0.0
40.094,0.0
40.095,0.0
40.096,0.0
40.097,0.0
40.098,0.0
40.099,0.0
40.1,0.0
40.101,0.0
40.102,0.0
40.103,0.0
40.104,0.0
40.105,0.0
40.106,0.0
40.107,0.0
40.108,0.0
40.109,0.0
40.11,0.0
40.111,0.0
40.112,0.0
40.113,0.0
40.114,0.0
40.115,0.0
40.116,0.0
40.117,0.0
40.118,0.0
40.119,0.0
40.12,0.0
40.121,0.0
40.122,0.0
40.123,0.0
40.124,0.0
40.125,0.0
40.126,0.0
40.127,0.0
40.128,0.0
40.129,0.0
40.13,0.0
40.131,0.0
40.132,0.0
40.133,0.0
40.134,0.0
40.135,0.0
40.136,0.0
40.137,0.0
40.138,0.0
40.139,0.0
40.14,0.0
40.141,0.0
40.142,0.0
40.143,0.0
40.144,0.0
40.145,0.0
40.146,0.0
40.147,0.0
40.148,0.0
40.149,0.0
40.15,0.0
40.151,0.0
40.152,0.0
40.153,0.0
40.154,0.0
40.155,0.0
40.156,0.0
40.157,0.0
40.158,0.0
40.159,0.0
40.16,0.0
40.161,0.0
40.162,0.0
40.163,0.0
40.164,0.0
40.165,0.0
40.166,0.0
40.167,0.0
40.168,0.0
40.169,0.0
40.17,0.0
40.171,0.0
40.172,0.0
40.173,0.0
40.174,0.0
40.175,0.0
40.176,0.0
40.177,0.0
40.178,0.0
40.179,0.0
40.18,0.0
40.181,0.0
40.182,0.0
40.183,0.0
40.184,0.0
40.185,0.0
40.186,0.0
40.187,0.0
40.188,0.0
40.189,0.0
40.19,0.0
40.191,0.0
40.192,0.0
40.193,0.0
40.194,0.0
40.195,0.0
40.196,0.0
40.197,0.0
40.198,0.0
40.199,0.0
40.2,0.0
40.201,0.0
40.202,0.0
40.203,0.0
40.204,0.0
40.205,0.0
40.206,0.0
40.207,0.0
40.208,0.0
40.209,0.0
40.21,0.0
40.211,0.0
40.212,0.0
40.213,0.0
40.214,0.0
40.215,0.0
40.216,0.0
40.217,0.0
40.218,0.0
40.219,0.0
40.22,0.0
40.221,0.0
40.222,0.0
40.223,0.0
40.224,0.0
40.225,0.0
40.226,0.0
40.227,0.0
40.228,0.0
40.229,0.0
40.23,0.0
40.231,0.0
40.232,0.0
40.233,0.0
40.234,0.0
40.235,0.0
40.236,0.0
40.237,0.0
40.238,0.0
40.239,0.0
40.24,0.0
40.241,0.0
40.242,0.0
40.243,0.0
40.244,0.0
40.245,0.0
40.246,0.0
40.247,0.0
40.248,0.0
40.249,0.0
40.25,0.0
40.251,0.0
40.252,0.0
40.253,0.0
40.254,0.0
40.255,0.0
40.256,0.0
40.257,0.0
40.258,0.0
40.259,0.0
40.26,0.0
40.261,0.0
40.262,0.0
40.263,0.0
40.264,0.0
40.265,0.0
40.266,0.0
40.267,0.0
40.268,0.0
40.269,0.0
40.27,0.0
40.271,0.0
40.272,0.0
40.273,0.0
40.274,0.0
40.275,0.0
40.276,0.0
40.277,0.0
40.278,0.0
40.279,0.0
40.28,0.0
40.281,0.0
40.282,0.0
40.283,0.0
40.284,0.0
40.285,0.0
40.286,0.0
40.287,0.0
40.288,0.0
40.289,0.0
40.29,0.0
40.291,0.0
40.292,0.0
40.293,0.0
40.294,0.0
40.295,0.0
40.296,0.0
40.297,0.0
40.298,0.0
40.299,0.0
40.3,0.0
40.301,0.0
40.302,0.0
40.303,0.0
40.304,0.0
40.305,0.0
40.306,0.0
40.307,0.0
40.308,0.0
40.309,0.0
40.31,0.0
40.311,0.0
40.312,0.0
40.313,0.0
40.314,0.0
40.315,0.0
40.316,0.0
40.317,0.0
40.318,0.0
40.319,0.0
40.32,0.0
40.321,0.0
40.322,0.0
40.323,0.0
40.324,0.0
40.325,0.0
40.326,0.0
40.327,0.0
40.328,0.0
40.329,0.0
40.33,0.0
40.331,0.0
40.332,0.0
40.333,0.0
40.334,0.0
40.335,0.0
40.336,0.0
40.337,0.0
40.338,0.0
40.339,0.0
40.34,0.0
40.341,0.0
40.342,0.0
40.343,0.0
40.344,0.0
40.345,0.0
40.346,0.0
40.347,0.0
40.348,0.0
40.349,0.0
40.35,0.0
40.351,0.0
40.352,0.0
40.353,0.0
40.354,0.0
40.355,0.0
40.356,0.0
40.357,0.0
40.358,0.0
40.359,0.0
40.36,0.0
40.361,0.0
40.362,0.0
40.363,0.0
40.364,0.0
40.365,0.0
40.366,0.0
40.367,0.0
40.368,0.0
40.369,0.0
40.37,0.0
40.371,0.0
40.372,0.0
40.373,0.0
40.374,0.0
40.375,0.0
40.376,0.0
40.377,0.0
40.378,0.0
40.379,0.0
40.38,0.0
40.381,0.0
40.382,0.0
40.383,0.0
40.384,0.0
40.385,0.0
40.386,0.0
40.387,0.0
40.388,0.0
40.389,0.0
40.39,0.0
40.391,0.0
40.392,0.0
40.393,0.0
40.394,0.0
40.395,0.0
40.396,0.0
40.397,0.0
40.398,0.0
40.399,0.0
40.4,0.0
40.401,0.0
40.402,0.0
40.403,0.0
40.404,0.0
40.405,0.0
40.406,0.0
40.407,0.0
40.408,0.0
40.409,0.0
40.41,0.0
40.411,0.0
40.412,0.0
40.413,0.0
40.414,0.0
40.415,0.0
40.416,0.0
40.417,0.0
40.418,0.0
40.419,0.0
40.42,0.0
40.421,0.0
40.422,0.0
40.423,0.0
40.424,0.0
40.425,0.0
40.426,0.0
40.427,0.0
40.428,0.0
40.429,0.0
40.43,0.0
40.431,0.0
40.432,0.0
40.433,0.0
40.434,0.0
40.435,0.0
40.436,0.0
40.437,0.0
40.438,0.0
40.439,0.0
40.44,0.0
40.441,0.0
40.442,0.0
40.443,0.0
40.444,0.0
40.445,0.0
40.446,0.0
40.447,0.0
40.448,0.0
40.449,0.0
40.45,0.0
40.451,0.0
40.452,0.0
40.453,0.0
40.454,0.0
40.455,0.0
40.456,0.0
40.457,0.0
40.458,0.0
40.459,0.0
40.46,0.0
40.461,0.0
40.462,0.0
40.463,0.0
40.464,0.0
40.465,0.0
40.466,0.0
40.467,0.0
40.468,0.0
40.469,0.0
40.47,0.0
40.471,0.0
40.472,0.0
40.473,0.0
40.474,0.0
40.475,0.0
40.476,0.0
40.477,0.0
40.478,0.0
40.479,0.0
40.48,0.0
40.481,0.0
40.482,0.0
40.483,0.0
40.484,0.0
40.485,0.0
40.486,0.0
40.487,0.0
40.488,0.0
40.489,0.0
40.49,0.0
40.491,0.0
40.492,0.0
40.493,0.0
40.494,0.0
40.495,0.0
40.496,0.0
40.497,0.0
40.498,0.0
40.499,0.0
40.5,0.0
40.501,0.0
40.502,0.0
40.503,0.0
40.504,0.0
40.505,0.0
40.506,0.0
40.507,0.0
40.508,0.0
40.509,0.0
40.51,0.0
40.511,0.0
40.512,0.0
40.513,0.0
40.514,0.0
40.515,0.0
40.516,0.0
40.517,0.0
40.518,0.0
40.519,0.0
40.52,0.0
40.521,0.0
40.522,0.0
40.523,0.0
40.524,0.0
40.525,0.0
40.526,0.0
40.527,0.0
40.528,0.0
40.529,0.0
40.53,0.0
40.531,0.0
40.532,0.0
40.533,0.0
40.534,0.0
40.535,0.0
40.536,0.0
40.537,0.0
40.538,0.0
40.539,0.0
40.54,0.0
40.541,0.0
40.542,0.0
40.543,0.0
40.544,0.0
40.545,0.0
40.546,0.0
40.547,0.0
40.548,0.0
40.549,0.0
40.55,0.0
40.551,0.0
40.552,0.0
40.553,0.0
40.554,0.0
40.555,0.0
40.556,0.0
40.557,0.0
40.558,0.0
40.559,0.0
40.56,0.0
40.561,0.0
40.562,0.0
40.563,0.0
40.564,0.0
40.565,0.0
40.566,0.0
40.567,0.0
40.568,0.0
40.569,0.0
40.57,0.0
40.571,0.0
40.572,0.0
40.573,0.0
40.574,0.0
40.575,0.0
40.576,0.0
40.577,0.0
40.578,0.0
40.579,0.0
40.58,0.0
40.581,0.0
40.582,0.0
40.583,0.0
40.584,0.0
40.585,0.0
40.586,0.0
40.587,0.0
40.588,0.0
40.589,0.0
40.59,0.0
40.591,0.0
40.592,0.0
40.593,0.0
40.594,0.0
40.595,0.0
40.596,0.0
40.597,0.0
40.598,0.0
40.599,0.0
40.6,0.0
40.601,0.0
40.602,0.0
40.603,0.0
40.604,0.0
40.605,0.0
40.606,0.0
40.607,0.0
40.608,0.0
40.609,0.0
40.61,0.0
40.611,0.0
40.612,0.0
40.613,0.0
40.614,0.0
40.615,0.0
40.616,0.0
40.617,0.0
40.618,0.0
40.619,0.0
40.62,0.0
40.621,0.0
40.622,0.0
40.623,0.0
40.624,0.0
40.625,0.0
40.626,0.0
40.627,0.0
40.628,0.0
40.629,0.0
40.63,0.0
40.631,0.0
40.632,0.0
40.633,0.0
40.634,0.0
40.635,0.0
40.636,0.0
40.637,0.0
40.638,0.0
40.639,0.0
40.64,0.0
40.641,0.0
40.642,0.0
40.643,0.0
40.644,0.0
40.645,0.0
40.646,0.0
40.647,0.0
40.648,0.0
40.649,0.0
40.65,0.0
40.651,0.0
40.652,0.0
40.653,0.0
40.654,0.0
40.655,0.0
40.656,0.0
40.657,0.0
40.658,0.0
40.659,0.0
40.66,0.0
40.661,0.0
40.662,0.0
40.663,0.0
40.664,0.0
40.665,0.0
40.666,0.0
40.667,0.0
40.668,0.0
40.669,0.0
40.67,0.0
40.671,0.0
40.672,0.0
40.673,0.0
40.674,0.0
40.675,0.0
40.676,0.0
40.677,0.0
40.678,0.0
40.679,0.0
40.68,0.0
40.681,0.0
40.682,0.0
40.683,0.0
40.684,0.0
40.685,0.0
40.686,0.0
40.687,0.0
40.688,0.0
40.689,0.0
40.69,0.0
40.691,0.0
40.692,0.0
40.693,0.0
40.694,0.0
40.695,0.0
40.696,0.0
40.697,0.0
40.698,0.0
40.699,0.0
40.7,0.0
40.701,0.0
40.702,0.0
40.703,0.0
40.704,0.0
40.705,0.0
40.706,0.0
40.707,0.0
40.708,0.0
40.709,0.0
40.71,0.0
40.711,0.0
40.712,0.0
40.713,0.0
40.714,0.0
40.715,0.0
40.716,0.0
40.717,0.0
40.718,0.0
40.719,0.0
40.72,0.0
40.721,0.0
40.722,0.0
40.723,0.0
40.724,0.0
40.725,0.0
40.726,0.0
40.727,0.0
40.728,0.0
40.729,0.0
40.73,0.0
40.731,0.0
40.732,0.0
40.733,0.0
40.734,0.0
40.735,0.0
40.736,0.0
40.737,0.0
40.738,0.0
40.739,0.0
40.74,0.0
40.741,0.0
40.742,0.0
40.743,0.0
40.744,0.0
40.745,0.0
40.746,0.0
40.747,0.0
40.748,0.0
40.749,0.0
40.75,0.0
40.751,0.0
40.752,0.0
40.753,0.0
40.754,0.0
40.755,0.0
40.756,0.0
40.757,0.0
40.758,0.0
40.759,0.0
40.76,0.0
40.761,0.0
40.762,0.0
40.763,0.0
40.764,0.0
40.765,0.0
40.766,0.0
40.767,0.0
40.768,0.0
40.769,0.0
40.77,0.0
40.771,0.0
40.772,0.0
40.773,0.0
40.774,0.0
40.775,0.0
40.776,0.0
40.777,0.0
40.778,0.0
40.779,0.0
40.78,0.0
40.781,0.0
40.782,0.0
40.783,0.0
40.784,0.0
40.785,0.0
40.786,0.0
40.787,0.0
40.788,0.0
40.789,0.0
40.79,0.0
40.791,0.0
40.792,0.0
40.793,0.0
40.794,0.0
40.795,0.0
40.796,0.0
40.797,0.0
40.798,0.0
40.799,0.0
40.8,0.0
40.801,0.0
40.802,0.0
40.803,0.0
40.804,0.0
40.805,0.0
40.806,0.0
40.807,0.0
40.808,0.0
40.809,0.0
40.81,0.0
40.811,0.0
40.812,0.0
40.813,0.0
40.814,0.0
40.815,0.0
40.816,0.0
40.817,0.0
40.818,0.0
40.819,0.0
40.82,0.0
40.821,0.0
40.822,0.0
40.823,0.0
40.824,0.0
40.825,0.0
40.826,0.0
40.827,0.0
40.828,0.0
40.829,0.0
40.83,0.0
40.831,0.0
40.832,0.0
40.833,0.0
40.834,0.0
40.835,0.0
40.836,0.0
40.837,0.0
40.838,0.0
40.839,0.0
40.84,0.0
40.841,0.0
40.842,0.0
40.843,0.0
40.844,0.0
40.845,0.0
40.846,0.0
40.847,0.0
40.848,0.0
40.849,0.0
40.85,0.0
40.851,0.0
40.852,0.0
40.853,0.0
40.854,0.0
40.855,0.0
40.856,0.0
40.857,0.0
40.858,0.0
40.859,0.0
40.86,0.0
40.861,0.0
40.862,0.0
40.863,0.0
40.864,0.0
40.865,0.0
40.866,0.0
40.867,0.0
40.868,0.0
40.869,0.0
40.87,0.0
40.871,0.0
40.872,0.0
40.873,0.0
40.874,0.0
40.875,0.0
40.876,0.0
40.877,0.0
40.878,0.0
40.879,0.0
40.88,0.0
40.881,0.0
40.882,0.0
40.883,0.0
40.884,0.0
40.885,0.0
40.886,0.0
40.887,0.0
40.888,0.0
40.889,0.0
40.89,0.0
40.891,0.0
40.892,0.0
40.893,0.0
40.894,0.0
40.895,0.0
40.896,0.0
40.897,0.0
40.898,0.0
40.899,0.0
40.9,0.0
40.901,0.0
40.902,0.0
40.903,0.0
40.904,0.0
40.905,0.0
40.906,0.0
40.907,0.0
40.908,0.0
40.909,0.0
40.91,0.0
40.911,0.0
40.912,0.0
40.913,0.0
40.914,0.0
40.915,0.0
40.916,0.0
40.917,0.0
40.918,0.0
40.919,0.0
40.92,0.0
40.921,0.0
40.922,0.0
40.923,0.0
40.924,0.0
40.925,0.0
40.926,0.0
40.927,0.0
40.928,0.0
40.929,0.0
40.93,0.0
40.931,0.0
40.932,0.0
40.933,0.0
40.934,0.0
40.935,0.0
40.936,0.0
40.937,0.0
40.938,0.0
40.939,0.0
40.94,0.0
40.941,0.0
40.942,0.0
40.943,0.0
40.944,0.0
40.945,0.0
40.946,0.0
40.947,0.0
40.948,0.0
40.949,0.0
40.95,0.0
40.951,0.0
40.952,0.0
40.953,0.0
40.954,0.0
40.955,0.0
40.956,0.0
40.957,0.0
40.958,0.0
40.959,0.0
40.96,0.0
40.961,0.0
40.962,0.0
40.963,0.0
40.964,0.0
40.965,0.0
40.966,0.0
40.967,0.0
40.968,0.0
40.969,0.0
40.97,0.0
40.971,0.0
40.972,0.0
40.973,0.0
40.974,0.0
40.975,0.0
40.976,0.0
40.977,0.0
40.978,0.0
40.979,0.0
40.98,0.0
40.981,0.0
40.982,0.0
40.983,0.0
40.984,0.0
40.985,0.0
40.986,0.0
40.987,0.0
40.988,0.0
40.989,0.0
40.99,0.0
40.991,0.0
40.992,0.0
40.993,0.0
40.994,0.0
40.995,0.0
40.996,0.0
40.997,0.0
40.998,0.0
40.999,0.0
41.0,0.0
41.001,0.0
41.002,0.0
41.003,0.0
41.004,0.0
41.005,0.0
41.006,0.0
41.007,0.0
41.008,0.0
41.009,0.0
41.01,0.0
41.011,0.0
41.012,0.0
41.013,0.0
41.014,0.0
41.015,0.0
41.016,0.0
41.017,0.0
41.018,0.0
41.019,0.0
41.02,0.0
41.021,0.0
41.022,0.0
41.023,0.0
41.024,0.0
41.025,0.0
41.026,0.0
41.027,0.0
41.028,0.0
41.029,0.0
41.03,0.0
41.031,0.0
41.032,0.0
41.033,0.0
41.034,0.0
41.035,0.0
41.036,0.0
41.037,0.0
41.038,0.0
41.039,0.0
41.04,0.0
41.041,0.0
41.042,0.0
41.043,0.0
41.044,0.0
41.045,0.0
41.046,0.0
41.047,0.0
41.048,0.0
41.049,0.0
41.05,0.0
41.051,0.0
41.052,0.0
41.053,0.0
41.054,0.0
41.055,0.0
41.056,0.0
41.057,0.0
41.058,0.0
41.059,0.0
41.06,0.0
41.061,0.0
41.062,0.0
41.063,0.0
41.064,0.0
41.065,0.0
41.066,0.0
41.067,0.0
41.068,0.0
41.069,0.0
41.07,0.0
41.071,0.0
41.072,0.0
41.073,0.0
41.074,0.0
41.075,0.0
41.076,0.0
41.077,0.0
41.078,0.0
41.079,0.0
41.08,0.0
41.081,0.0
41.082,0.0
41.083,0.0
41.084,0.0
41.085,0.0
41.086,0.0
41.087,0.0
41.088,0.0
41.089,0.0
41.09,0.0
41.091,0.0
41.092,0.0
41.093,0.0
41.094,0.0
41.095,0.0
41.096,0.0
41.097,0.0
41.098,0.0
41.099,0.0
41.1,0.0
41.101,0.0
41.102,0.0
41.103,0.0
41.104,0.0
41.105,0.0
41.106,0.0
41.107,0.0
41.108,0.0
41.109,0.0
41.11,0.0
41.111,0.0
41.112,0.0
41.113,0.0
41.114,0.0
41.115,0.0
41.116,0.0
41.117,0.0
41.118,0.0
41.119,0.0
41.12,0.0
41.121,0.0
41.122,0.0
41.123,0.0
41.124,0.0
41.125,0.0
41.126,0.0
41.127,0.0
41.128,0.0
41.129,0.0
41.13,0.0
41.131,0.0
41.132,0.0
41.133,0.0
41.134,0.0
41.135,0.0
41.136,0.0
41.137,0.0
41.138,0.0
41.139,0.0
41.14,0.0
41.141,0.0
41.142,0.0
41.143,0.0
41.144,0.0
41.145,0.0
41.146,0.0
41.147,0.0
41.148,0.0
41.149,0.0
41.15,0.0
41.151,0.0
41.152,0.0
41.153,0.0
41.154,0.0
41.155,0.0
41.156,0.0
41.157,0.0
41.158,0.0
41.159,0.0
41.16,0.0
41.161,0.0
41.162,0.0
41.163,0.0
41.164,0.0
41.165,0.0
41.166,0.0
41.167,0.0
41.168,0.0
41.169,0.0
41.17,0.0
41.171,0.0
41.172,0.0
41.173,0.0
41.174,0.0
41.175,0.0
41.176,0.0
41.177,0.0
41.178,0.0
41.179,0.0
41.18,0.0
41.181,0.0
41.182,0.0
41.183,0.0
41.184,0.0
41.185,0.0
41.186,0.0
41.187,0.0
41.188,0.0
41.189,0.0
41.19,0.0
41.191,0.0
41.192,0.0
41.193,0.0
41.194,0.0
41.195,0.0
41.196,0.0
41.197,0.0
41.198,0.0
41.199,0.0
41.2,0.0
41.201,0.0
41.202,0.0
41.203,0.0
41.204,0.0
41.205,0.0
41.206,0.0
41.207,0.0
41.208,0.0
41.209,0.0
41.21,0.0
41.211,0.0
41.212,0.0
41.213,0.0
41.214,0.0
41.215,0.0
41.216,0.0
41.217,0.0
41.218,0.0
41.219,0.0
41.22,0.0
41.221,0.0
41.222,0.0
41.223,0.0
41.224,0.0
41.225,0.0
41.226,0.0
41.227,0.0
41.228,0.0
41.229,0.0
41.23,0.0
41.231,0.0
41.232,0.0
41.233,0.0
41.234,0.0
41.235,0.0
41.236,0.0
41.237,0.0
41.238,0.0
41.239,0.0
41.24,0.0
41.241,0.0
41.242,0.0
41.243,0.0
41.244,0.0
41.245,0.0
41.246,0.0
41.247,0.0
41.248,0.0
41.249,0.0
41.25,0.0
41.251,0.0
41.252,0.0
41.253,0.0
41.254,0.0
41.255,0.0
41.256,0.0
41.257,0.0
41.258,0.0
41.259,0.0
41.26,0.0
41.261,0.0
41.262,0.0
41.263,0.0
41.264,0.0
41.265,0.0
41.266,0.0
41.267,0.0
41.268,0.0
41.269,0.0
41.27,0.0
41.271,0.0
41.272,0.0
41.273,0.0
41.274,0.0
41.275,0.0
41.276,0.0
41.277,0.0
41.278,0.0
41.279,0.0
41.28,0.0
41.281,0.0
41.282,0.0
41.283,0.0
41.284,0.0
41.285,0.0
41.286,0.0
41.287,0.0
41.288,0.0
41.289,0.0
41.29,0.0
41.291,0.0
41.292,0.0
41.293,0.0
41.294,0.0
41.295,0.0
41.296,0.0
41.297,0.0
41.298,0.0
41.299,0.0
41.3,0.0
41.301,0.0
41.302,0.0
41.303,0.0
41.304,0.0
41.305,0.0
41.306,0.0
41.307,0.0
41.308,0.0
41.309,0.0
41.31,0.0
41.311,0.0
41.312,0.0
41.313,0.0
41.314,0.0
41.315,0.0
41.316,0.0
41.317,0.0
41.318,0.0
41.319,0.0
41.32,0.0
41.321,0.0
41.322,0.0
41.323,0.0
41.324,0.0
41.325,0.0
41.326,0.0
41.327,0.0
41.328,0.0
41.329,0.0
41.33,0.0
41.331,0.0
41.332,0.0
41.333,0.0
41.334,0.0
41.335,0.0
41.336,0.0
41.337,0.0
41.338,0.0
41.339,0.0
41.34,0.0
41.341,0.0
41.342,0.0
41.343,0.0
41.344,0.0
41.345,0.0
41.346,0.0
41.347,0.0
41.348,0.0
41.349,0.0
41.35,0.0
41.351,0.0
41.352,0.0
41.353,0.0
41.354,0.0
41.355,0.0
41.356,0.0
41.357,0.0
41.358,0.0
41.359,0.0
41.36,0.0
41.361,0.0
41.362,0.0
41.363,0.0
41.364,0.0
41.365,0.0
41.366,0.0
41.367,0.0
41.368,0.0
41.369,0.0
41.37,0.0
41.371,0.0
41.372,0.0
41.373,0.0
41.374,0.0
41.375,0.0
41.376,0.0
41.377,0.0
41.378,0.0
41.379,0.0
41.38,0.0
41.381,0.0
41.382,0.0
41.383,0.0
41.384,0.0
41.385,0.0
41.386,0.0
41.387,0.0
41.388,0.0
41.389,0.0
41.39,0.0
41.391,0.0
41.392,0.0
41.393,0.0
41.394,0.0
41.395,0.0
41.396,0.0
41.397,0.0
41.398,0.0
41.399,0.0
41.4,0.0
41.401,0.0
41.402,0.0
41.403,0.0
41.404,0.0
41.405,0.0
41.406,0.0
41.407,0.0
41.408,0.0
41.409,0.0
41.41,0.0
41.411,0.0
41.412,0.0
41.413,0.0
41.414,0.0
41.415,0.0
41.416,0.0
41.417,0.0
41.418,0.0
41.419,0.0
41.42,0.0
41.421,0.0
41.422,0.0
41.423,0.0
41.424,0.0
41.425,0.0
41.426,0.0
41.427,0.0
41.428,0.0
41.429,0.0
41.43,0.0
41.431,0.0
41.432,0.0
41.433,0.0
41.434,0.0
41.435,0.0
41.436,0.0
41.437,0.0
41.438,0.0
41.439,0.0
41.44,0.0
41.441,0.0
41.442,0.0
41.443,0.0
41.444,0.0
41.445,0.0
41.446,0.0
41.447,0.0
41.448,0.0
41.449,0.0
41.45,0.0
41.451,0.0
41.452,0.0
41.453,0.0
41.454,0.0
41.455,0.0
41.456,0.0
41.457,0.0
41.458,0.0
41.459,0.0
41.46,0.0
41.461,0.0
41.462,0.0
41.463,0.0
41.464,0.0
41.465,0.0
41.466,0.0
41.467,0.0
41.468,0.0
41.469,0.0
41.47,0.0
41.471,0.0
41.472,0.0
41.473,0.0
41.474,0.0
41.475,0.0
41.476,0.0
41.477,0.0
41.478,0.0
41.479,0.0
41.48,0.0
41.481,0.0
41.482,0.0
41.483,0.0
41.484,0.0
41.485,0.0
41.486,0.0
41.487,0.0
41.488,0.0
41.489,0.0
41.49,0.0
41.491,0.0
41.492,0.0
41.493,0.0
41.494,0.0
41.495,0.0
41.496,0.0
41.497,0.0
41.498,0.0
41.499,0.0
41.5,0.0
41.501,0.0
41.502,0.0
41.503,0.0
41.504,0.0
41.505,0.0
41.506,0.0
41.507,0.0
41.508,0.0
41.509,0.0
41.51,0.0
41.511,0.0
41.512,0.0
41.513,0.0
41.514,0.0
41.515,0.0
41.516,0.0
41.517,0.0
41.518,0.0
41.519,0.0
41.52,0.0
41.521,0.0
41.522,0.0
41.523,0.0
41.524,0.0
41.525,0.0
41.526,0.0
41.527,0.0
41.528,0.0
41.529,0.0
41.53,0.0
41.531,0.0
41.532,0.0
41.533,0.0
41.534,0.0
41.535,0.0
41.536,0.0
41.537,0.0
41.538,0.0
41.539,0.0
41.54,0.0
41.541,0.0
41.542,0.0
41.543,0.0
41.544,0.0
41.545,0.0
41.546,0.0
41.547,0.0
41.548,0.0
41.549,0.0
41.55,0.0
41.551,0.0
41.552,0.0
41.553,0.0
41.554,0.0
41.555,0.0
41.556,0.0
41.557,0.0
41.558,0.0
41.559,0.0
41.56,0.0
41.561,0.0
41.562,0.0
41.563,0.0
41.564,0.0
41.565,0.0
41.566,0.0
41.567,0.0
41.568,0.0
41.569,0.0
41.57,0.0
41.571,0.0
41.572,0.0
41.573,0.0
41.574,0.0
41.575,0.0
41.576,0.0
41.577,0.0
41.578,0.0
41.579,0.0
41.58,0.0
41.581,0.0
41.582,0.0
41.583,0.0
41.584,0.0
41.585,0.0
41.586,0.0
41.587,0.0
41.588,0.0
41.589,0.0
41.59,0.0
41.591,0.0
41.592,0.0
41.593,0.0
41.594,0.0
41.595,0.0
41.596,0.0
41.597,0.0
41.598,0.0
41.599,0.0
41.6,0.0
41.601,0.0
41.602,0.0
41.603,0.0
41.604,0.0
41.605,0.0
41.606,0.0
41.607,0.0
41.608,0.0
41.609,0.0
41.61,0.0
41.611,0.0
41.612,0.0
41.613,0.0
41.614,0.0
41.615,0.0
41.616,0.0
41.617,0.0
41.618,0.0
41.619,0.0
41.62,0.0
41.621,0.0
41.622,0.0
41.623,0.0
41.624,0.0
41.625,0.0
41.626,0.0
41.627,0.0
41.628,0.0
41.629,0.0
41.63,0.0
41.631,0.0
41.632,0.0
41.633,0.0
41.634,0.0
41.635,0.0
41.636,0.0
41.637,0.0
41.638,0.0
41.639,0.0
41.64,0.0
41.641,0.0
41.642,0.0
41.643,0.0
41.644,0.0
41.645,0.0
41.646,0.0
41.647,0.0
41.648,0.0
41.649,0.0
41.65,0.0
41.651,0.0
41.652,0.0
41.653,0.0
41.654,0.0
41.655,0.0
41.656,0.0
41.657,0.0
41.658,0.0
41.659,0.0
41.66,0.0
41.661,0.0
41.662,0.0
41.663,0.0
41.664,0.0
41.665,0.0
41.666,0.0
41.667,0.0
41.668,0.0
41.669,0.0
41.67,0.0
41.671,0.0
41.672,0.0
41.673,0.0
41.674,0.0
41.675,0.0
41.676,0.0
41.677,0.0
41.678,0.0
41.679,0.0
41.68,0.0
41.681,0.0
41.682,0.0
41.683,0.0
41.684,0.0
41.685,0.0
41.686,0.0
41.687,0.0
41.688,0.0
41.689,0.0
41.69,0.0
41.691,0.0
41.692,0.0
41.693,0.0
41.694,0.0
41.695,0.0
41.696,0.0
41.697,0.0
41.698,0.0
41.699,0.0
41.7,0.0
41.701,0.0
41.702,0.0
41.703,0.0
41.704,0.0
41.705,0.0
41.706,0.0
41.707,0.0
41.708,0.0
41.709,0.0
41.71,0.0
41.711,0.0
41.712,0.0
41.713,0.0
41.714,0.0
41.715,0.0
41.716,0.0
41.717,0.0
41.718,0.0
41.719,0.0
41.72,0.0
41.721,0.0
41.722,0.0
41.723,0.0
41.724,0.0
41.725,0.0
41.726,0.0
41.727,0.0
41.728,0.0
41.729,0.0
41.73,0.0
41.731,0.0
41.732,0.0
41.733,0.0
41.734,0.0
41.735,0.0
41.736,0.0
41.737,0.0
41.738,0.0
41.739,0.0
41.74,0.0
41.741,0.0
41.742,0.0
41.743,0.0
41.744,0.0
41.745,0.0
41.746,0.0
41.747,0.0
41.748,0.0
41.749,0.0
41.75,0.0
41.751,0.0
41.752,0.0
41.753,0.0
41.754,0.0
41.755,0.0
41.756,0.0
41.757,0.0
41.758,0.0
41.759,0.0
41.76,0.0
41.761,0.0
41.762,0.0
41.763,0.0
41.764,0.0
41.765,0.0
41.766,0.0
41.767,0.0
41.768,0.0
41.769,0.0
41.77,0.0
41.771,0.0
41.772,0.0
41.773,0.0
41.774,0.0
41.775,0.0
41.776,0.0
41.777,0.0
41.778,0.0
41.779,0.0
41.78,0.0
41.781,0.0
41.782,0.0
41.783,0.0
41.784,0.0
41.785,0.0
41.786,0.0
41.787,0.0
41.788,0.0
41.789,0.0
41.79,0.0
41.791,0.0
41.792,0.0
41.793,0.0
41.794,0.0
41.795,0.0
41.796,0.0
41.797,0.0
41.798,0.0
41.799,0.0
41.8,0.0
41.801,0.0
41.802,0.0
41.803,0.0
41.804,0.0
41.805,0.0
41.806,0.0
41.807,0.0
41.808,0.0
41.809,0.0
41.81,0.0
41.811,0.0
41.812,0.0
41.813,0.0
41.814,0.0
41.815,0.0
41.816,0.0
41.817,0.0
41.818,0.45
41.819,0.45
41.82,0.45
41.821,0.45
41.822,0.45
41.823,0.45
41.824,0.45
41.825,0.45
41.826,0.45
41.827,0.45
41.828,0.45
41.829,0.45
41.83,0.45
41.831,0.45
41.832,0.45
41.833,0.45
41.834,0.45
41.835,0.45
41.836,0.45
41.837,0.45
41.838,0.45
41.839,0.45
41.84,0.45
41.841,0.45
41.842,0.45
41.843,0.45
41.844,0.45
41.845,0.45
41.846,0.45
41.847,0.45
41.848,0.45
41.849,0.45
41.85,0.45
41.851,0.45
41.852,0.45
41.853,0.45
41.854,0.45
41.855,0.45
41.856,0.45
41.857,0.45
41.858,0.45
41.859,0.45
41.86,0.45
41.861,0.45
41.862,0.45
41.863,0.45
41.864,0.45
41.865,0.45
41.866,0.45
41.867,0.45
41.868,0.45
41.869,0.45
41.87,0.45
41.871,0.45
41.872,0.45
41.873,0.45
41.874,0.45
41.875,0.45
41.876,0.45
41.877,0.45
41.878,0.45
41.879,0.45
41.88,0.45
41.881,0.45
41.882,0.45
41.883,0.45
41.884,0.45
41.885,0.45
41.886,0.45
41.887,0.45
41.888,0.45
41.889,0.45
41.89,0.45
41.891,0.45
41.892,0.45
41.893,0.45
41.894,0.45
41.895,0.45
41.896,0.45
41.897,0.45
41.898,0.45
41.899,0.45
41.9,0.45
41.901,0.45
41.902,0.45
41.903,0.45
41.904,0.45
41.905,0.45
41.906,0.45
41.907,0.45
41.908,0.45
41.909,0.45
41.91,0.45
41.911,0.45
41.912,0.45
41.913,0.45
41.914,0.45
41.915,0.45
41.916,0.45
41.917,0.45
41.918,0.45
41.919,0.45
41.92,0.45
41.921,0.45
41.922,0.45
41.923,0.45
41.924,0.45
41.925,0.45
41.926,0.45
41.927,0.45
41.928,0.45
41.929,0.45
41.93,0.45
41.931,0.45
41.932,0.45
41.933,0.45
41.934,0.45
41.935,0.45
41.936,0.45
41.937,0.45
41.938,0.45
41.939,0.45
41.94,0.45
41.941,0.45
41.942,0.45
41.943,0.45
41.944,0.45
41.945,0.45
41.946,0.45
41.947,0.45
41.948,0.45
41.949,0.45
41.95,0.45
41.951,0.45
41.952,0.45
41.953,0.45
41.954,0.45
41.955,0.45
41.956,0.45
41.957,0.45
41.958,0.45
41.959,0.45
41.96,0.45
41.961,0.45
41.962,0.45
41.963,0.45
41.964,0.45
41.965,0.45
41.966,0.45
41.967,0.45
41.968,0.45
41.969,0.45
41.97,0.45
41.971,0.45
41.972,0.45
41.973,0.45
41.974,0.45
41.975,0.45
41.976,0.45
41.977,0.45
41.978,0.45
41.979,0.45
41.98,0.45
41.981,0.45
41.982,0.45
41.983,0.45
41.984,0.45
41.985,0.45
41.986,0.45
41.987,0.45
41.988,0.45
41.989,0.45
41.99,0.45
41.991,0.45
41.992,0.45
41.993,0.45
41.994,0.45
41.995,0.45
41.996,0.45
41.997,0.45
41.998,0.45
41.999,0.45
42.0,0.45
42.001,0.45
42.002,0.45
42.003,0.45
42.004,0.45
42.005,0.45
42.006,0.45
42.007,0.45
42.008,0.45
42.009,0.45
42.01,0.45
42.011,0.45
42.012,0.45
42.013,0.45
42.014,0.45
42.015,0.45
42.016,0.45
42.017,0.45
42.018,0.45
42.019,0.45
42.02,0.45
42.021,0.45
42.022,0.45
42.023,0.45
42.024,0.45
42.025,0.45
42.026,0.45
42.027,0.45
42.028,0.45
42.029,0.45
42.03,0.45
42.031,0.45
42.032,0.45
42.033,0.45
42.034,0.45
42.035,0.45
42.036,0.45
42.037,0.45
42.038,0.45
42.039,0.45
42.04,0.45
42.041,0.45
42.042,0.45
42.043,0.45
42.044,0.45
42.045,0.45
42.046,0.45
42.047,0.45
42.048,0.45
42.049,0.45
42.05,0.45
42.051,0.45
42.052,0.45
42.053,0.45
42.054,0.45
42.055,0.45
42.056,0.45
42.057,0.45
42.058,0.45
42.059,0.45
42.06,0.45
42.061,0.45
42.062,0.45
42.063,0.45
42.064,0.45
42.065,0.45
42.066,0.45
42.067,0.45
42.068,0.45
42.069,0.45
42.07,0.45
42.071,0.45
42.072,0.45
42.073,0.45
42.074,0.45
42.075,0.45
42.076,0.45
42.077,0.45
42.078,0.45
42.079,0.45
42.08,0.45
42.081,0.45
42.082,0.45
42.083,0.45
42.084,0.45
42.085,0.45
42.086,0.45
42.087,0.45
42.088,0.45
42.089,0.45
42.09,0.45
42.091,0.45
42.092,0.45
42.093,0.45
42.094,0.45
42.095,0.45
42.096,0.45
42.097,0.45
42.098,0.45
42.099,0.45
42.1,0.45
42.101,0.45
42.102,0.45
42.103,0.45
42.104,0.45
42.105,0.45
42.106,0.45
42.107,0.45
42.108,0.45
42.109,0.45
42.11,0.45
42.111,0.45
42.112,0.45
42.113,0.45
42.114,0.45
42.115,0.45
42.116,0.45
42.117,0.45
42.118,0.45
42.119,0.45
42.12,0.45
42.121,0.45
42.122,0.45
42.123,0.45
42.124,0.45
42.125,0.45
42.126,0.45
42.127,0.45
42.128,0.45
42.129,0.45
42.13,0.45
42.131,0.45
42.132,0.45
42.133,0.45
42.134,0.45
42.135,0.45
42.136,0.45
42.137,0.45
42.138,0.45
42.139,0.45
42.14,0.45
42.141,0.45
42.142,0.45
42.143,0.45
42.144,0.45
42.145,0.45
42.146,0.45
42.147,0.45
42.148,0.45
42.149,0.45
42.15,0.45
42.151,0.45
42.152,0.45
42.153,0.45
42.154,0.45
42.155,0.45
42.156,0.45
42.157,0.45
42.158,0.45
42.159,0.45
42.16,0.45
42.161,0.45
42.162,0.45
42.163,0.45
42.164,0.45
42.165,0.45
42.166,0.45
42.167,0.45
42.168,0.45
42.169,0.45
42.17,0.45
42.171,0.45
42.172,0.45
42.173,0.45
42.174,0.45
42.175,0.45
42.176,0.45
42.177,0.45
42.178,0.45
42.179,0.45
42.18,0.45
42.181,0.45
42.182,0.45
42.183,0.45
42.184,0.45
42.185,0.45
42.186,0.45
42.187,0.45
42.188,0.45
42.189,0.45
42.19,0.45
42.191,0.45
42.192,0.45
42.193,0.45
42.194,0.45
42.195,0.45
42.196,0.45
42.197,0.45
42.198,0.45
42.199,0.45
42.2,0.45
42.201,0.45
42.202,0.45
42.203,0.45
42.204,0.45
42.205,0.45
42.206,0.45
42.207,0.45
42.208,0.45
42.209,0.45
42.21,0.45
42.211,0.45
42.212,0.45
42.213,0.45
42.214,0.45
42.215,0.45
42.216,0.45
42.217,0.45
42.218,0.45
42.219,0.45
42.22,0.45
42.221,0.45
42.222,0.45
42.223,0.45
42.224,0.45
42.225,0.45
42.226,0.45
42.227,0.45
42.228,0.45
42.229,0.45
42.23,0.45
42.231,0.45
42.232,0.45
42.233,0.45
42.234,0.45
42.235,0.45
42.236,0.45
42.237,0.45
42.238,0.45
42.239,0.45
42.24,0.45
42.241,0.45
42.242,0.45
42.243,0.45
42.244,0.45
42.245,0.45
42.246,0.45
42.247,0.45
42.248,0.45
42.249,0.45
42.25,0.45
42.251,0.45
42.252,0.45
42.253,0.45
42.254,0.45
42.255,0.45
42.256,0.45
42.257,0.45
42.258,0.45
42.259,0.45
42.26,0.45
42.261,0.45
42.262,0.45
42.263,0.45
42.264,0.45
42.265,0.45
42.266,0.45
42.267,0.45
42.268,0.45
42.269,0.45
42.27,0.45
42.271,0.45
42.272,0.45
42.273,0.45
42.274,0.45
42.275,0.45
42.276,0.45
42.277,0.45
42.278,0.45
42.279,0.45
42.28,0.45
42.281,0.45
42.282,0.45
42.283,0.45
42.284,0.45
42.285,0.45
42.286,0.45
42.287,0.45
42.288,0.45
42.289,0.45
42.29,0.45
42.291,0.45
42.292,0.45
42.293,0.45
42.294,0.45
42.295,0.45
42.296,0.45
42.297,0.45
42.298,0.45
42.299,0.45
42.3,0.45
42.301,0.45
42.302,0.45
42.303,0.45
42.304,0.45
42.305,0.45
42.306,0.45
42.307,0.45
42.308,0.45
42.309,0.45
42.31,0.45
42.311,0.45
42.312,0.45
42.313,0.45
42.314,0.45
42.315,0.45
42.316,0.45
42.317,0.45
42.318,0.45
42.319,0.45
42.32,0.45
42.321,0.45
42.322,0.45
42.323,0.45
42.324,0.45
42.325,0.45
42.326,0.45
42.327,0.45
42.328,0.45
42.329,0.45
42.33,0.45
42.331,0.45
42.332,0.45
42.333,0.45
42.334,0.45
42.335,0.45
42.336,0.45
42.337,0.45
42.338,0.45
42.339,0.45
42.34,0.45
42.341,0.45
42.342,0.45
42.343,0.45
42.344,0.45
42.345,0.45
42.346,0.45
42.347,0.45
42.348,0.45
42.349,0.45
42.35,0.45
42.351,0.45
42.352,0.45
42.353,0.45
42.354,0.45
42.355,0.45
42.356,0.45
42.357,0.45
42.358,0.45
42.359,0.45
42.36,0.45
42.361,0.45
42.362,0.45
42.363,0.45
42.364,0.45
42.365,0.45
42.366,0.45
42.367,0.45
42.368,0.45
42.369,0.45
42.37,0.45
42.371,0.45
42.372,0.45
42.373,0.45
42.374,0.45
42.375,0.45
42.376,0.45
42.377,0.45
42.378,0.45
42.379,0.45
42.38,0.45
42.381,0.45
42.382,0.45
42.383,0.45
42.384,0.45
42.385,0.45
42.386,0.45
42.387,0.45
42.388,0.45
42.389,0.45
42.39,0.45
42.391,0.45
42.392,0.45
42.393,0.45
42.394,0.45
42.395,0.45
42.396,0.45
42.397,0.45
42.398,0.45
42.399,0.45
42.4,0.45
42.401,0.45
42.402,0.45
42.403,0.45
42.404,0.45
42.405,0.45
42.406,0.45
42.407,0.45
42.408,0.45
42.409,0.45
42.41,0.45
42.411,0.45
42.412,0.45
42.413,0.45
42.414,0.45
42.415,0.45
42.416,0.45
42.417,0.45
42.418,0.45
42.419,0.45
42.42,0.45
42.421,0.45
42.422,0.45
42.423,0.45
42.424,0.45
42.425,0.45
42.426,0.45
42.427,0.45
42.428,0.45
42.429,0.45
42.43,0.45
42.431,0.45
42.432,0.45
42.433,0.45
42.434,0.45
42.435,0.45
42.436,0.45
42.437,0.45
42.438,0.45
42.439,0.45
42.44,0.45
42.441,0.45
42.442,0.45
42.443,0.45
42.444,0.45
42.445,0.45
42.446,0.45
42.447,0.45
42.448,0.45
42.449,0.45
42.45,0.45
42.451,0.45
42.452,0.45
42.453,0.45
42.454,0.45
42.455,0.45
42.456,0.45
42.457,0.45
42.458,0.45
42.459,0.45
42.46,0.45
42.461,0.45
42.462,0.45
42.463,0.45
42.464,0.45
42.465,0.45
42.466,0.45
42.467,0.45
42.468,0.45
42.469,0.45
42.47,0.45
42.471,0.45
42.472,0.45
42.473,0.45
42.474,0.45
42.475,0.45
42.476,0.45
42.477,0.45
42.478,0.45
42.479,0.45
42.48,0.45
42.481,0.45
42.482,0.45
42.483,0.45
42.484,0.45
42.485,0.45
42.486,0.45
42.487,0.45
42.488,0.45
42.489,0.45
42.49,0.45
42.491,0.45
42.492,0.45
42.493,0.45
42.494,0.45
42.495,0.45
42.496,0.45
42.497,0.45
42.498,0.45
42.499,0.45
42.5,0.45
42.501,0.45
42.502,0.45
42.503,0.45
42.504,0.45
42.505,0.45
42.506,0.45
42.507,0.45
42.508,0.45
42.509,0.45
42.51,0.45
42.511,0.45
42.512,0.45
42.513,0.45
42.514,0.45
42.515,0.45
42.516,0.45
42.517,0.45
42.518,0.45
42.519,0.45
42.52,0.45
42.521,0.45
42.522,0.45
42.523,0.45
42.524,0.45
42.525,0.45
42.526,0.45
42.527,0.45
42.528,0.45
42.529,0.45
42.53,0.45
42.531,0.45
42.532,0.45
42.533,0.45
42.534,0.45
42.535,0.45
42.536,0.45
42.537,0.45
42.538,0.45
42.539,0.45
42.54,0.45
42.541,0.45
42.542,0.45
42.543,0.45
42.544,0.45
42.545,0.45
42.546,0.45
42.547,0.45
42.548,0.45
42.549,0.45
42.55,0.45
42.551,0.45
42.552,0.45
42.553,0.45
42.554,0.45
42.555,0.45
42.556,0.45
42.557,0.45
42.558,0.45
42.559,0.45
42.56,0.45
42.561,0.45
42.562,0.45
42.563,0.45
42.564,0.45
42.565,0.45
42.566,0.45
42.567,0.45
42.568,0.45
42.569,0.45
42.57,0.45
42.571,0.45
42.572,0.45
42.573,0.45
42.574,0.45
42.575,0.45
42.576,0.45
42.577,0.45
42.578,0.45
42.579,0.45
42.58,0.45
42.581,0.45
42.582,0.45
42.583,0.45
42.584,0.45
42.585,0.45
42.586,0.45
42.587,0.45
42.588,0.45
42.589,0.45
42.59,0.45
42.591,0.45
42.592,0.45
42.593,0.45
42.594,0.45
42.595,0.45
42.596,0.45
42.597,0.45
42.598,0.45
42.599,0.45
42.6,0.45
42.601,0.45
42.602,0.45
42.603,0.45
42.604,0.45
42.605,0.45
42.606,0.45
42.607,0.45
42.608,0.45
42.609,0.45
42.61,0.45
42.611,0.45
42.612,0.45
42.613,0.45
42.614,0.45
42.615,0.45
42.616,0.45
42.617,0.45
42.618,0.45
42.619,0.45
42.62,0.45
42.621,0.45
42.622,0.45
42.623,0.45
42.624,0.45
42.625,0.45
42.626,0.45
42.627,0.45
42.628,0.45
42.629,0.45
42.63,0.45
42.631,0.45
42.632,0.45
42.633,0.45
42.634,0.45
42.635,0.45
42.636,0.45
42.637,0.45
42.638,0.45
42.639,0.45
42.64,0.45
42.641,0.45
42.642,0.45
42.643,0.45
42.644,0.45
42.645,0.45
42.646,0.45
42.647,0.45
42.648,0.45
42.649,0.45
42.65,0.45
42.651,0.45
42.652,0.45
42.653,0.45
42.654,0.45
42.655,0.45
42.656,0.45
42.657,0.45
42.658,0.45
42.659,0.45
42.66,0.45
42.661,0.45
42.662,0.45
42.663,0.45
42.664,0.45
42.665,0.45
42.666,0.45
42.667,0.45
42.668,0.45
42.669,0.45
42.67,0.45
42.671,0.45
42.672,0.45
42.673,0.45
42.674,0.45
42.675,0.45
42.676,0.45
42.677,0.45
42.678,0.45
42.679,0.45
42.68,0.45
42.681,0.45
42.682,0.45
42.683,0.45
42.684,0.45
42.685,0.45
42.686,0.45
42.687,0.45
42.688,0.45
42.689,0.45
42.69,0.45
42.691,0.45
42.692,0.45
42.693,0.45
42.694,0.45
42.695,0.45
42.696,0.45
42.697,0.45
42.698,0.45
42.699,0.45
42.7,0.45
42.701,0.45
42.702,0.45
42.703,0.45
42.704,0.45
42.705,0.45
42.706,0.45
42.707,0.45
42.708,0.45
42.709,0.45
42.71,0.45
42.711,0.45
42.712,0.45
42.713,0.45
42.714,0.45
42.715,0.45
42.716,0.45
42.717,0.45
42.718,0.45
42.719,0.45
42.72,0.45
42.721,0.45
42.722,0.45
42.723,0.45
42.724,0.45
42.725,0.45
42.726,0.45
42.727,0.45
42.728,0.45
42.729,0.45
42.73,0.45
42.731,0.45
42.732,0.45
42.733,0.45
42.734,0.45
42.735,0.45
42.736,0.45
42.737,0.45
42.738,0.45
42.739,0.45
42.74,0.45
42.741,0.45
42.742,0.45
42.743,0.45
42.744,0.45
42.745,0.45
42.746,0.45
42.747,0.45
42.748,0.45
42.749,0.45
42.75,0.45
42.751,0.45
42.752,0.45
42.753,0.45
42.754,0.45
42.755,0.45
42.756,0.45
42.757,0.45
42.758,0.45
42.759,0.45
42.76,0.45
42.761,0.45
42.762,0.45
42.763,0.45
42.764,0.45
42.765,0.45
42.766,0.45
42.767,0.45
42.768,0.45
42.769,0.45
42.77,0.45
42.771,0.45
42.772,0.45
42.773,0.45
42.774,0.45
42.775,0.45
42.776,0.45
42.777,0.45
42.778,0.45
42.779,0.45
42.78,0.45
42.781,0.45
42.782,0.45
42.783,0.45
42.784,0.45
42.785,0.45
42.786,0.45
42.787,0.45
42.788,0.45
42.789,0.45
42.79,0.45
42.791,0.45
42.792,0.45
42.793,0.45
42.794,0.45
42.795,0.45
42.796,0.45
42.797,0.45
42.798,0.45
42.799,0.45
42.8,0.45
42.801,0.45
42.802,0.45
42.803,0.45
42.804,0.45
42.805,0.45
42.806,0.45
42.807,0.45
42.808,0.45
42.809,0.45
42.81,0.45
42.811,0.45
42.812,0.45
42.813,0.45
42.814,0.45
42.815,0.45
42.816,0.45
42.817,0.45
42.818,0.45
42.819,0.45
42.82,0.45
42.821,0.45
42.822,0.45
42.823,0.45
42.824,0.45
42.825,0.45
42.826,0.45
42.827,0.45
42.828,0.45
42.829,0.45
42.83,0.45
42.831,0.45
42.832,0.45
42.833,0.45
42.834,0.45
42.835,0.45
42.836,0.45
42.837,0.45
42.838,0.45
42.839,0.45
42.84,0.45
42.841,0.45
42.842,0.45
42.843,0.45
42.844,0.45
42.845,0.45
42.846,0.45
42.847,0.45
42.848,0.45
42.849,0.45
42.85,0.45
42.851,0.45
42.852,0.45
42.853,0.45
42.854,0.45
42.855,0.45
42.856,0.45
42.857,0.45
42.858,0.45
42.859,0.45
42.86,0.45
42.861,0.45
42.862,0.45
42.863,0.45
42.864,0.45
42.865,0.45
42.866,0.45
42.867,0.45
42.868,0.45
42.869,0.45
42.87,0.45
42.871,0.45
42.872,0.45
42.873,0.45
42.874,0.45
42.875,0.45
42.876,0.45
42.877,0.45
42.878,0.45
42.879,0.45
42.88,0.45
42.881,0.45
42.882,0.45
42.883,0.45
42.884,0.45
42.885,0.45
42.886,0.45
42.887,0.45
42.888,0.45
42.889,0.45
42.89,0.45
42.891,0.45
42.892,0.45
42.893,0.45
42.894,0.45
42.895,0.45
42.896,0.45
42.897,0.45
42.898,0.45
42.899,0.45
42.9,0.45
42.901,0.45
42.902,0.45
42.903,0.45
42.904,0.45
42.905,0.45
42.906,0.45
42.907,0.45
42.908,0.45
42.909,0.45
42.91,0.45
42.911,0.45
42.912,0.45
42.913,0.45
42.914,0.45
42.915,0.45
42.916,0.45
42.917,0.45
42.918,0.45
42.919,0.45
42.92,0.45
42.921,0.45
42.922,0.45
42.923,0.45
42.924,0.45
42.925,0.45
42.926,0.45
42.927,0.45
42.928,0.45
42.929,0.45
42.93,0.45
42.931,0.45
42.932,0.45
42.933,0.45
42.934,0.45
42.935,0.45
42.936,0.45
42.937,0.45
42.938,0.45
42.939,0.45
42.94,0.45
42.941,0.45
42.942,0.45
42.943,0.45
42.944,0.45
42.945,0.45
42.946,0.45
42.947,0.45
42.948,0.45
42.949,0.45
42.95,0.45
42.951,0.45
42.952,0.45
42.953,0.45
42.954,0.45
42.955,0.45
42.956,0.45
42.957,0.45
42.958,0.45
42.959,0.45
42.96,0.45
42.961,0.45
42.962,0.45
42.963,0.45
42.964,0.45
42.965,0.45
42.966,0.45
42.967,0.45
42.968,0.45
42.969,0.45
42.97,0.45
42.971,0.45
42.972,0.45
42.973,0.45
42.974,0.45
42.975,0.45
42.976,0.45
42.977,0.45
42.978,0.45
42.979,0.45
42.98,0.45
42.981,0.45
42.982,0.45
42.983,0.45
42.984,0.45
42.985,0.45
42.986,0.45
42.987,0.45
42.988,0.45
42.989,0.45
42.99,0.45
42.991,0.45
42.992,0.45
42.993,0.45
42.994,0.45
42.995,0.45
42.996,0.45
42.997,0.45
42.998,0.45
42.999,0.45
43.0,0.45
43.001,0.45
43.002,0.45
43.003,0.45
43.004,0.45
43.005,0.45
43.006,0.45
43.007,0.45
43.008,0.45
43.009,0.45
43.01,0.45
43.011,0.45
43.012,0.45
43.013,0.45
43.014,0.45
43.015,0.45
43.016,0.45
43.017,0.45
43.018,0.45
43.019,0.45
43.02,0.45
43.021,0.45
43.022,0.45
43.023,0.45
43.024,0.45
43.025,0.45
43.026,0.45
43.027,0.45
43.028,0.45
43.029,0.45
43.03,0.45
43.031,0.45
43.032,0.45
43.033,0.45
43.034,0.45
43.035,0.45
43.036,0.45
43.037,0.45
43.038,0.45
43.039,0.45
43.04,0.45
43.041,0.45
43.042,0.45
43.043,0.45
43.044,0.45
43.045,0.45
43.046,0.45
43.047,0.45
43.048,0.45
43.049,0.45
43.05,0.45
43.051,0.45
43.052,0.45
43.053,0.45
43.054,0.45
43.055,0.45
43.056,0.45
43.057,0.45
43.058,0.45
43.059,0.45
43.06,0.45
43.061,0.45
43.062,0.45
43.063,0.45
43.064,0.45
43.065,0.45
43.066,0.45
43.067,0.45
43.068,0.45
43.069,0.45
43.07,0.45
43.071,0.45
43.072,0.45
43.073,0.45
43.074,0.45
43.075,0.45
43.076,0.45
43.077,0.45
43.078,0.45
43.079,0.45
43.08,0.45
43.081,0.45
43.082,0.45
43.083,0.45
43.084,0.45
43.085,0.45
43.086,0.45
43.087,0.45
43.088,0.45
43.089,0.45
43.09,0.45
43.091,0.45
43.092,0.45
43.093,0.45
43.094,0.45
43.095,0.45
43.096,0.45
43.097,0.45
43.098,0.45
43.099,0.45
43.1,0.45
43.101,0.45
43.102,0.45
43.103,0.45
43.104,0.45
43.105,0.45
43.106,0.45
43.107,0.45
43.108,0.45
43.109,0.45
43.11,0.45
43.111,0.45
43.112,0.45
43.113,0.45
43.114,0.45
43.115,0.45
43.116,0.45
43.117,0.45
43.118,0.45
43.119,0.45
43.12,0.45
43.121,0.45
43.122,0.45
43.123,0.45
43.124,0.45
43.125,0.45
43.126,0.45
43.127,0.45
43.128,0.45
43.129,0.45
43.13,0.45
43.131,0.45
43.132,0.45
43.133,0.45
43.134,0.45
43.135,0.45
43.136,0.45
43.137,0.45
43.138,0.45
43.139,0.45
43.14,0.45
43.141,0.45
43.142,0.45
43.143,0.45
43.144,0.45
43.145,0.45
43.146,0.45
43.147,0.45
43.148,0.45
43.149,0.45
43.15,0.45
43.151,0.45
43.152,0.45
43.153,0.45
43.154,0.45
43.155,0.45
43.156,0.45
43.157,0.45
43.158,0.45
43.159,0.45
43.16,0.45
43.161,0.45
43.162,0.45
43.163,0.45
43.164,0.45
43.165,0.45
43.166,0.45
43.167,0.45
43.168,0.45
43.169,0.45
43.17,0.45
43.171,0.45
43.172,0.45
43.173,0.45
43.174,0.45
43.175,0.45
43.176,0.45
43.177,0.45
43.178,0.45
43.179,0.45
43.18,0.45
43.181,0.45
43.182,0.45
43.183,0.45
43.184,0.45
43.185,0.45
43.186,0.45
43.187,0.45
43.188,0.45
43.189,0.45
43.19,0.45
43.191,0.45
43.192,0.45
43.193,0.45
43.194,0.45
43.195,0.45
43.196,0.45
43.197,0.45
43.198,0.45
43.199,0.45
43.2,0.45
43.201,0.45
43.202,0.45
43.203,0.45
43.204,0.45
43.205,0.45
43.206,0.45
43.207,0.45
43.208,0.45
43.209,0.45
43.21,0.45
43.211,0.45
43.212,0.45
43.213,0.45
43.214,0.45
43.215,0.45
43.216,0.45
43.217,0.45
43.218,0.45
43.219,0.45
43.22,0.45
43.221,0.45
43.222,0.45
43.223,0.45
43.224,0.45
43.225,0.45
43.226,0.45
43.227,0.45
43.228,0.45
43.229,0.45
43.23,0.45
43.231,0.45
43.232,0.45
43.233,0.45
43.234,0.45
43.235,0.45
43.236,0.45
43.237,0.45
43.238,0.45
43.239,0.45
43.24,0.45
43.241,0.45
43.242,0.45
43.243,0.45
43.244,0.45
43.245,0.45
43.246,0.45
43.247,0.45
43.248,0.45
43.249,0.45
43.25,0.45
43.251,0.45
43.252,0.45
43.253,0.45
43.254,0.45
43.255,0.45
43.256,0.45
43.257,0.45
43.258,0.45
43.259,0.45
43.26,0.45
43.261,0.45
43.262,0.45
43.263,0.45
43.264,0.45
43.265,0.45
43.266,0.45
43.267,0.45
43.268,0.45
43.269,0.45
43.27,0.45
43.271,0.45
43.272,0.45
43.273,0.45
43.274,0.45
43.275,0.45
43.276,0.45
43.277,0.45
43.278,0.45
43.279,0.45
43.28,0.45
43.281,0.45
43.282,0.45
43.283,0.45
43.284,0.45
43.285,0.45
43.286,0.45
43.287,0.45
43.288,0.45
43.289,0.45
43.29,0.45
43.291,0.45
43.292,0.45
43.293,0.45
43.294,0.45
43.295,0.45
43.296,0.45
43.297,0.45
43.298,0.45
43.299,0.45
43.3,0.45
43.301,0.45
43.302,0.45
43.303,0.45
43.304,0.45
43.305,0.45
43.306,0.45
43.307,0.45
43.308,0.45
43.309,0.45
43.31,0.45
43.311,0.45
43.312,0.45
43.313,0.45
43.314,0.45
43.315,0.45
43.316,0.45
43.317,0.45
43.318,0.45
43.319,0.45
43.32,0.45
43.321,0.45
43.322,0.45
43.323,0.45
43.324,0.45
43.325,0.45
43.326,0.45
43.327,0.45
43.328,0.45
43.329,0.45
43.33,0.45
43.331,0.45
43.332,0.45
43.333,0.45
43.334,0.45
43.335,0.45
43.336,0.45
43.337,0.45
43.338,0.45
43.339,0.45
43.34,0.45
43.341,0.45
43.342,0.45
43.343,0.45
43.344,0.45
43.345,0.45
43.346,0.45
43.347,0.45
43.348,0.45
43.349,0.45
43.35,0.45
43.351,0.45
43.352,0.45
43.353,0.45
43.354,0.45
43.355,0.45
43.356,0.45
43.357,0.45
43.358,0.45
43.359,0.45
43.36,0.45
43.361,0.45
43.362,0.45
43.363,0.45
43.364,0.45
43.365,0.45
43.366,0.45
43.367,0.45
43.368,0.45
43.369,0.45
43.37,0.45
43.371,0.45
43.372,0.45
43.373,0.45
43.374,0.45
43.375,0.45
43.376,0.45
43.377,0.45
43.378,0.45
43.379,0.45
43.38,0.45
43.381,0.45
43.382,0.45
43.383,0.45
43.384,0.45
43.385,0.45
43.386,0.45
43.387,0.45
43.388,0.45
43.389,0.45
43.39,0.45
43.391,0.45
43.392,0.45
43.393,0.45
43.394,0.45
43.395,0.45
43.396,0.45
43.397,0.45
43.398,0.45
43.399,0.45
43.4,0.45
43.401,0.45
43.402,0.45
43.403,0.45
43.404,0.45
43.405,0.45
43.406,0.45
43.407,0.45
43.408,0.45
43.409,0.45
43.41,0.45
43.411,0.45
43.412,0.45
43.413,0.45
43.414,0.45
43.415,0.45
43.416,0.45
43.417,0.45
43.418,0.45
43.419,0.45
43.42,0.45
43.421,0.45
43.422,0.45
43.423,0.45
43.424,0.45
43.425,0.45
43.426,0.45
43.427,0.45
43.428,0.45
43.429,0.45
43.43,0.45
43.431,0.45
43.432,0.45
43.433,0.45
43.434,0.45
43.435,0.45
43.436,0.45
43.437,0.45
43.438,0.45
43.439,0.45
43.44,0.45
43.441,0.45
43.442,0.45
43.443,0.45
43.444,0.45
43.445,0.45
43.446,0.45
43.447,0.45
43.448,0.45
43.449,0.45
43.45,0.45
43.451,0.45
43.452,0.45
43.453,0.45
43.454,0.45
43.455,0.45
43.456,0.45
43.457,0.45
43.458,0.45
43.459,0.45
43.46,0.45
43.461,0.45
43.462,0.45
43.463,0.45
43.464,0.45
43.465,0.45
43.466,0.45
43.467,0.45
43.468,0.45
43.469,0.45
43.47,0.45
43.471,0.45
43.472,0.45
43.473,0.45
43.474,0.45
43.475,0.45
43.476,0.45
43.477,0.45
43.478,0.45
43.479,0.45
43.48,0.45
43.481,0.45
43.482,0.45
43.483,0.45
43.484,0.45
43.485,0.45
43.486,0.45
43.487,0.45
43.488,0.45
43.489,0.45
43.49,0.45
43.491,0.45
43.492,0.45
43.493,0.45
43.494,0.45
43.495,0.45
43.496,0.45
43.497,0.45
43.498,0.45
43.499,0.45
43.5,0.45
43.501,0.45
43.502,0.45
43.503,0.45
43.504,0.45
43.505,0.45
43.506,0.45
43.507,0.45
43.508,0.45
43.509,0.45
43.51,0.45
43.511,0.45
43.512,0.45
43.513,0.45
43.514,0.45
43.515,0.45
43.516,0.45
43.517,0.45
43.518,0.45
43.519,0.45
43.52,0.45
43.521,0.45
43.522,0.45
43.523,0.45
43.524,0.45
43.525,0.45
43.526,0.45
43.527,0.45
43.528,0.45
43.529,0.45
43.53,0.45
43.531,0.45
43.532,0.45
43.533,0.45
43.534,0.45
43.535,0.45
43.536,0.45
43.537,0.45
43.538,0.45
43.539,0.45
43.54,0.45
43.541,0.45
43.542,0.45
43.543,0.45
43.544,0.45
43.545,0.45
43.546,0.45
43.547,0.45
43.548,0.45
43.549,0.45
43.55,0.45
43.551,0.45
43.552,0.45
43.553,0.45
43.554,0.45
43.555,0.45
43.556,0.45
43.557,0.45
43.558,0.45
43.559,0.45
43.56,0.45
43.561,0.45
43.562,0.45
43.563,0.45
43.564,0.45
43.565,0.45
43.566,0.45
43.567,0.45
43.568,0.45
43.569,0.45
43.57,0.45
43.571,0.45
43.572,0.45
43.573,0.45
43.574,0.45
43.575,0.45
43.576,0.45
43.577,0.45
43.578,0.45
43.579,0.45
43.58,0.45
43.581,0.45
43.582,0.45
43.583,0.45
43.584,0.45
43.585,0.45
43.586,0.45
43.587,0.45
43.588,0.45
43.589,0.45
43.59,0.45
43.591,0.45
43.592,0.45
43.593,0.45
43.594,0.45
43.595,0.45
43.596,0.45
43.597,0.45
43.598,0.45
43.599,0.45
43.6,0.45
43.601,0.45
43.602,0.45
43.603,0.45
43.604,0.45
43.605,0.45
43.606,0.45
43.607,0.45
43.608,0.45
43.609,0.45
43.61,0.45
43.611,0.45
43.612,0.45
43.613,0.45
43.614,0.45
43.615,0.45
43.616,0.45
43.617,0.45
43.618,0.45
43.619,0.45
43.62,0.45
43.621,0.45
43.622,0.45
43.623,0.45
43.624,0.45
43.625,0.45
43.626,0.45
43.627,0.45
43.628,0.45
43.629,0.45
43.63,0.45
43.631,0.45
43.632,0.45
43.633,0.45
43.634,0.45
43.635,0.45
43.636,0.45
43.637,0.45
43.638,0.45
43.639,0.45
43.64,0.45
43.641,0.45
43.642,0.45
43.643,0.45
43.644,0.45
43.645,0.45
43.646,0.45
43.647,0.45
43.648,0.45
43.649,0.45
43.65,0.45
43.651,0.45
43.652,0.45
43.653,0.45
43.654,0.45
43.655,0.45
43.656,0.45
43.657,0.45
43.658,0.45
43.659,0.45
43.66,0.45
43.661,0.45
43.662,0.45
43.663,0.45
43.664,0.45
43.665,0.45
43.666,0.45
43.667,0.45
43.668,0.45
43.669,0.45
43.67,0.45
43.671,0.45
43.672,0.45
43.673,0.45
43.674,0.45
43.675,0.45
43.676,0.45
43.677,0.45
43.678,0.45
43.679,0.45
43.68,0.45
43.681,0.45
43.682,0.45
43.683,0.45
43.684,0.45
43.685,0.45
43.686,0.45
43.687,0.45
43.688,0.45
43.689,0.45
43.69,0.45
43.691,0.45
43.692,0.45
43.693,0.45
43.694,0.45
43.695,0.45
43.696,0.45
43.697,0.45
43.698,0.45
43.699,0.45
43.7,0.45
43.701,0.45
43.702,0.45
43.703,0.45
43.704,0.45
43.705,0.45
43.706,0.45
43.707,0.45
43.708,0.45
43.709,0.45
43.71,0.45
43.711,0.45
43.712,0.45
43.713,0.45
43.714,0.45
43.715,0.45
43.716,0.45
43.717,0.45
43.718,0.45
43.719,0.45
43.72,0.45
43.721,0.45
43.722,0.45
43.723,0.45
43.724,0.45
43.725,0.45
43.726,0.45
43.727,0.45
43.728,0.45
43.729,0.45
43.73,0.45
43.731,0.45
43.732,0.45
43.733,0.45
43.734,0.45
43.735,0.45
43.736,0.45
43.737,0.45
43.738,0.45
43.739,0.45
43.74,0.45
43.741,0.45
43.742,0.45
43.743,0.45
43.744,0.45
43.745,0.45
43.746,0.45
43.747,0.45
43.748,0.45
43.749,0.45
43.75,0.45
43.751,0.45
43.752,0.45
43.753,0.45
43.754,0.45
43.755,0.45
43.756,0.45
43.757,0.45
43.758,0.45
43.759,0.45
43.76,0.45
43.761,0.45
43.762,0.45
43.763,0.45
43.764,0.45
43.765,0.45
43.766,0.45
43.767,0.45
43.768,0.45
43.769,0.45
43.77,0.45
43.771,0.45
43.772,0.45
43.773,0.45
43.774,0.45
43.775,0.45
43.776,0.45
43.777,0.45
43.778,0.45
43.779,0.45
43.78,0.45
43.781,0.45
43.782,0.45
43.783,0.45
43.784,0.45
43.785,0.45
43.786,0.45
43.787,0.45
43.788,0.45
43.789,0.45
43.79,0.45
43.791,0.45
43.792,0.45
43.793,0.45
43.794,0.45
43.795,0.45
43.796,0.45
43.797,0.45
43.798,0.45
43.799,0.45
43.8,0.45
43.801,0.45
43.802,0.45
43.803,0.45
43.804,0.45
43.805,0.45
43.806,0.45
43.807,0.45
43.808,0.45
43.809,0.45
43.81,0.45
43.811,0.45
43.812,0.45
43.813,0.45
43.814,0.45
43.815,0.45
43.816,0.45
43.817,0.45
43.818,0.45
43.819,0.45
43.82,0.45
43.821,0.45
43.822,0.45
43.823,0.45
43.824,0.45
43.825,0.45
43.826,0.45
43.827,0.45
43.828,0.45
43.829,0.45
43.83,0.45
43.831,0.45
43.832,0.45
43.833,0.45
43.834,0.45
43.835,0.45
43.836,0.45
43.837,0.45
43.838,0.45
43.839,0.45
43.84,0.45
43.841,0.45
43.842,0.45
43.843,0.45
43.844,0.45
43.845,0.45
43.846,0.45
43.847,0.45
43.848,0.45
43.849,0.45
43.85,0.45
43.851,0.45
43.852,0.45
43.853,0.45
43.854,0.45
43.855,0.45
43.856,0.45
43.857,0.45
43.858,0.45
43.859,0.45
43.86,0.45
43.861,0.45
43.862,0.45
43.863,0.45
43.864,0.45
43.865,0.45
43.866,0.45
43.867,0.45
43.868,0.45
43.869,0.45
43.87,0.45
43.871,0.45
43.872,0.45
43.873,0.45
43.874,0.45
43.875,0.45
43.876,0.45
43.877,0.45
43.878,0.45
43.879,0.45
43.88,0.45
43.881,0.45
43.882,0.45
43.883,0.45
43.884,0.45
43.885,0.45
43.886,0.45
43.887,0.45
43.888,0.45
43.889,0.45
43.89,0.45
43.891,0.45
43.892,0.45
43.893,0.45
43.894,0.45
43.895,0.45
43.896,0.45
43.897,0.45
43.898,0.45
43.899,0.45
43.9,0.45
43.901,0.45
43.902,0.45
43.903,0.45
43.904,0.45
43.905,0.45
43.906,0.45
43.907,0.45
43.908,0.45
43.909,0.45
43.91,0.45
43.911,0.45
43.912,0.45
43.913,0.45
43.914,0.45
43.915,0.45
43.916,0.45
43.917,0.45
43.918,0.45
43.919,0.45
43.92,0.45
43.921,0.45
43.922,0.45
43.923,0.45
43.924,0.45
43.925,0.45
43.926,0.45
43.927,0.45
43.928,0.45
43.929,0.45
43.93,0.45
43.931,0.45
43.932,0.45
43.933,0.45
43.934,0.45
43.935,0.45
43.936,0.45
43.937,0.45
43.938,0.45
43.939,0.45
43.94,0.45
43.941,0.45
43.942,0.45
43.943,0.45
43.944,0.45
43.945,0.45
43.946,0.45
43.947,0.45
43.948,0.45
43.949,0.45
43.95,0.45
43.951,0.45
43.952,0.45
43.953,0.45
43.954,0.45
43.955,0.45
43.956,0.45
43.957,0.45
43.958,0.45
43.959,0.45
43.96,0.45
43.961,0.45
43.962,0.45
43.963,0.45
43.964,0.45
43.965,0.45
43.966,0.45
43.967,0.45
43.968,0.45
43.969,0.45
43.97,0.45
43.971,0.45
43.972,0.45
43.973,0.45
43.974,0.45
43.975,0.45
43.976,0.45
43.977,0.45
43.978,0.45
43.979,0.45
43.98,0.45
43.981,0.45
43.982,0.45
43.983,0.45
43.984,0.45
43.985,0.45
43.986,0.45
43.987,0.45
43.988,0.45
43.989,0.45
43.99,0.45
43.991,0.45
43.992,0.45
43.993,0.45
43.994,0.45
43.995,0.45
43.996,0.45
43.997,0.45
43.998,0.45
43.999,0.45
44.0,0.45
44.001,0.45
44.002,0.45
44.003,0.45
44.004,0.45
44.005,0.45
44.006,0.45
44.007,0.45
44.008,0.45
44.009,0.45
44.01,0.45
44.011,0.45
44.012,0.45
44.013,0.45
44.014,0.45
44.015,0.45
44.016,0.45
44.017,0.45
44.018,0.45
44.019,0.45
44.02,0.45
44.021,0.45
44.022,0.45
44.023,0.45
44.024,0.45
44.025,0.45
44.026,0.45
44.027,0.45
44.028,0.45
44.029,0.45
44.03,0.45
44.031,0.45
44.032,0.45
44.033,0.45
44.034,0.45
44.035,0.45
44.036,0.45
44.037,0.45
44.038,0.45
44.039,0.45
44.04,0.45
44.041,0.45
44.042,0.45
44.043,0.45
44.044,0.45
44.045,0.45
44.046,0.45
44.047,0.45
44.048,0.45
44.049,0.45
44.05,0.45
44.051,0.45
44.052,0.45
44.053,0.45
44.054,0.45
44.055,0.45
44.056,0.45
44.057,0.45
44.058,0.45
44.059,0.45
44.06,0.45
44.061,0.45
44.062,0.45
44.063,0.45
44.064,0.45
44.065,0.45
44.066,0.45
44.067,0.45
44.068,0.45
44.069,0.45
44.07,0.45
44.071,0.45
44.072,0.45
44.073,0.45
44.074,0.45
44.075,0.45
44.076,0.45
44.077,0.45
44.078,0.45
44.079,0.45
44.08,0.45
44.081,0.45
44.082,0.45
44.083,0.45
44.084,0.45
44.085,0.45
44.086,0.45
44.087,0.45
44.088,0.45
44.089,0.45
44.09,0.45
44.091,0.45
44.092,0.45
44.093,0.45
44.094,0.45
44.095,0.45
44.096,0.45
44.097,0.45
44.098,0.45
44.099,0.45
44.1,0.45
44.101,0.45
44.102,0.45
44.103,0.45
44.104,0.45
44.105,0.45
44.106,0.45
44.107,0.45
44.108,0.45
44.109,0.45
44.11,0.45
44.111,0.45
44.112,0.45
44.113,0.45
44.114,0.45
44.115,0.45
44.116,0.45
44.117,0.45
44.118,0.45
44.119,0.45
44.12,0.45
44.121,0.45
44.122,0.45
44.123,0.45
44.124,0.45
44.125,0.45
44.126,0.45
44.127,0.45
44.128,0.45
44.129,0.45
44.13,0.45
44.131,0.45
44.132,0.45
44.133,0.45
44.134,0.45
44.135,0.45
44.136,0.45
44.137,0.45
44.138,0.45
44.139,0.45
44.14,0.45
44.141,0.45
44.142,0.45
44.143,0.45
44.144,0.45
44.145,0.45
44.146,0.45
44.147,0.45
44.148,0.45
44.149,0.45
44.15,0.45
44.151,0.45
44.152,0.45
44.153,0.45
44.154,0.45
44.155,0.45
44.156,0.45
44.157,0.45
44.158,0.45
44.159,0.45
44.16,0.45
44.161,0.45
44.162,0.45
44.163,0.45
44.164,0.45
44.165,0.45
44.166,0.45
44.167,0.45
44.168,0.45
44.169,0.45
44.17,0.45
44.171,0.45
44.172,0.45
44.173,0.45
44.174,0.45
44.175,0.45
44.176,0.45
44.177,0.45
44.178,0.45
44.179,0.45
44.18,0.45
44.181,0.45
44.182,0.45
44.183,0.45
44.184,0.45
44.185,0.45
44.186,0.45
44.187,0.45
44.188,0.45
44.189,0.45
44.19,0.45
44.191,0.45
44.192,0.45
44.193,0.45
44.194,0.45
44.195,0.45
44.196,0.45
44.197,0.45
44.198,0.45
44.199,0.45
44.2,0.45
44.201,0.45
44.202,0.45
44.203,0.45
44.204,0.45
44.205,0.45
44.206,0.45
44.207,0.45
44.208,0.45
44.209,0.45
44.21,0.45
44.211,0.45
44.212,0.45
44.213,0.45
44.214,0.45
44.215,0.45
44.216,0.45
44.217,0.45
44.218,0.45
44.219,0.45
44.22,0.45
44.221,0.45
44.222,0.45
44.223,0.45
44.224,0.45
44.225,0.45
44.226,0.45
44.227,0.45
44.228,0.45
44.229,0.45
44.23,0.45
44.231,0.45
44.232,0.45
44.233,0.45
44.234,0.45
44.235,0.45
44.236,0.45
44.237,0.45
44.238,0.45
44.239,0.45
44.24,0.45
44.241,0.45
44.242,0.45
44.243,0.45
44.244,0.45
44.245,0.45
44.246,0.45
44.247,0.45
44.248,0.45
44.249,0.45
44.25,0.45
44.251,0.45
44.252,0.45
44.253,0.45
44.254,0.45
44.255,0.45
44.256,0.45
44.257,0.45
44.258,0.45
44.259,0.45
44.26,0.45
44.261,0.45
44.262,0.45
44.263,0.45
44.264,0.45
44.265,0.45
44.266,0.45
44.267,0.45
44.268,0.45
44.269,0.45
44.27,0.45
44.271,0.45
44.272,0.45
44.273,0.45
44.274,0.45
44.275,0.45
44.276,0.45
44.277,0.45
44.278,0.45
44.279,0.45
44.28,0.45
44.281,0.45
44.282,0.45
44.283,0.45
44.284,0.45
44.285,0.45
44.286,0.45
44.287,0.45
44.288,0.45
44.289,0.45
44.29,0.45
44.291,0.45
44.292,0.45
44.293,0.45
44.294,0.45
44.295,0.45
44.296,0.45
44.297,0.45
44.298,0.45
44.299,0.45
44.3,0.45
44.301,0.45
44.302,0.45
44.303,0.45
44.304,0.45
44.305,0.45
44.306,0.45
44.307,0.45
44.308,0.45
44.309,0.45
44.31,0.45
44.311,0.45
44.312,0.45
44.313,0.45
44.314,0.45
44.315,0.45
44.316,0.45
44.317,0.45
44.318,0.45
44.319,0.45
44.32,0.45
44.321,0.45
44.322,0.45
44.323,0.45
44.324,0.45
44.325,0.45
44.326,0.45
44.327,0.45
44.328,0.45
44.329,0.45
44.33,0.45
44.331,0.45
44.332,0.45
44.333,0.45
44.334,0.45
44.335,0.45
44.336,0.45
44.337,0.45
44.338,0.45
44.339,0.45
44.34,0.45
44.341,0.45
44.342,0.45
44.343,0.45
44.344,0.45
44.345,0.45
44.346,0.45
44.347,0.45
44.348,0.45
44.349,0.45
44.35,0.45
44.351,0.45
44.352,0.45
44.353,0.45
44.354,0.45
44.355,0.45
44.356,0.45
44.357,0.45
44.358,0.45
44.359,0.45
44.36,0.45
44.361,0.45
44.362,0.45
44.363,0.45
44.364,0.45
44.365,0.45
44.366,0.45
44.367,0.45
44.368,0.45
44.369,0.45
44.37,0.45
44.371,0.45
44.372,0.45
44.373,0.45
44.374,0.45
44.375,0.45
44.376,0.45
44.377,0.45
44.378,0.45
44.379,0.45
44.38,0.45
44.381,0.45
44.382,0.45
44.383,0.45
44.384,0.45
44.385,0.45
44.386,0.45
44.387,0.45
44.388,0.45
44.389,0.45
44.39,0.45
44.391,0.45
44.392,0.45
44.393,0.45
44.394,0.45
44.395,0.45
44.396,0.45
44.397,0.45
44.398,0.45
44.399,0.45
44.4,0.45
44.401,0.45
44.402,0.45
44.403,0.45
44.404,0.45
44.405,0.45
44.406,0.45
44.407,0.45
44.408,0.45
44.409,0.45
44.41,0.45
44.411,0.45
44.412,0.45
44.413,0.45
44.414,0.45
44.415,0.45
44.416,0.45
44.417,0.45
44.418,0.45
44.419,0.45
44.42,0.45
44.421,0.45
44.422,0.45
44.423,0.45
44.424,0.45
44.425,0.45
44.426,0.45
44.427,0.45
44.428,0.45
44.429,0.45
44.43,0.45
44.431,0.45
44.432,0.45
44.433,0.45
44.434,0.45
44.435,0.45
44.436,0.45
44.437,0.45
44.438,0.45
44.439,0.45
44.44,0.45
44.441,0.45
44.442,0.45
44.443,0.45
44.444,0.45
44.445,0.45
44.446,0.45
44.447,0.45
44.448,0.45
44.449,0.45
44.45,0.45
44.451,0.45
44.452,0.45
44.453,0.45
44.454,0.45
44.455,0.45
44.456,0.45
44.457,0.45
44.458,0.45
44.459,0.45
44.46,0.45
44.461,0.45
44.462,0.45
44.463,0.45
44.464,0.45
44.465,0.45
44.466,0.45
44.467,0.45
44.468,0.45
44.469,0.45
44.47,0.45
44.471,0.45
44.472,0.45
44.473,0.45
44.474,0.45
44.475,0.45
44.476,0.45
44.477,0.45
44.478,0.45
44.479,0.45
44.48,0.45
44.481,0.45
44.482,0.45
44.483,0.45
44.484,0.45
44.485,0.45
44.486,0.45
44.487,0.45
44.488,0.45
44.489,0.45
44.49,0.45
44.491,0.45
44.492,0.45
44.493,0.45
44.494,0.45
44.495,0.45
44.496,0.45
44.497,0.45
44.498,0.45
44.499,0.45
44.5,0.45
44.501,0.45
44.502,0.45
44.503,0.45
44.504,0.45
44.505,0.45
44.506,0.45
44.507,0.45
44.508,0.45
44.509,0.45
44.51,0.45
44.511,0.45
44.512,0.45
44.513,0.45
44.514,0.45
44.515,0.45
44.516,0.45
44.517,0.45
44.518,0.45
44.519,0.45
44.52,0.45
44.521,0.45
44.522,0.45
44.523,0.45
44.524,0.45
44.525,0.45
44.526,0.45
44.527,0.45
44.528,0.45
44.529,0.45
44.53,0.45
44.531,0.45
44.532,0.45
44.533,0.45
44.534,0.45
44.535,0.45
44.536,0.45
44.537,0.45
44.538,0.45
44.539,0.45
44.54,0.45
44.541,0.45
44.542,0.45
44.543,0.45
44.544,0.45
44.545,0.45
44.546,0.45
44.547,0.45
44.548,0.45
44.549,0.45
44.55,0.45
44.551,0.45
44.552,0.45
44.553,0.45
44.554,0.45
44.555,0.45
44.556,0.45
44.557,0.45
44.558,0.45
44.559,0.45
44.56,0.45
44.561,0.45
44.562,0.45
44.563,0.45
44.564,0.45
44.565,0.45
44.566,0.45
44.567,0.45
44.568,0.45
44.569,0.45
44.57,0.45
44.571,0.45
44.572,0.45
44.573,0.45
44.574,0.45
44.575,0.45
44.576,0.45
44.577,0.45
44.578,0.45
44.579,0.45
44.58,0.45
44.581,0.45
44.582,0.45
44.583,0.45
44.584,0.45
44.585,0.45
44.586,0.45
44.587,0.45
44.588,0.45
44.589,0.45
44.59,0.45
44.591,0.45
44.592,0.45
44.593,0.45
44.594,0.45
44.595,0.45
44.596,0.45
44.597,0.45
44.598,0.45
44.599,0.45
44.6,0.45
44.601,0.45
44.602,0.45
44.603,0.45
44.604,0.45
44.605,0.45
44.606,0.45
44.607,0.45
44.608,0.45
44.609,0.45
44.61,0.45
44.611,0.45
44.612,0.45
44.613,0.45
44.614,0.45
44.615,0.45
44.616,0.45
44.617,0.45
44.618,0.45
44.619,0.45
44.62,0.45
44.621,0.45
44.622,0.45
44.623,0.45
44.624,0.45
44.625,0.45
44.626,0.45
44.627,0.45
44.628,0.45
44.629,0.45
44.63,0.45
44.631,0.45
44.632,0.45
44.633,0.45
44.634,0.45
44.635,0.45
44.636,0.45
44.637,0.45
44.638,0.45
44.639,0.45
44.64,0.45
44.641,0.45
44.642,0.45
44.643,0.45
44.644,0.45
44.645,0.45
44.646,0.45
44.647,0.45
44.648,0.45
44.649,0.45
44.65,0.45
44.651,0.45
44.652,0.45
44.653,0.45
44.654,0.45
44.655,0.45
44.656,0.45
44.657,0.45
44.658,0.45
44.659,0.45
44.66,0.45
44.661,0.45
44.662,0.45
44.663,0.45
44.664,0.45
44.665,0.45
44.666,0.45
44.667,0.45
44.668,0.45
44.669,0.45
44.67,0.45
44.671,0.45
44.672,0.45
44.673,0.45
44.674,0.45
44.675,0.45
44.676,0.45
44.677,0.45
44.678,0.45
44.679,0.45
44.68,0.45
44.681,0.45
44.682,0.45
44.683,0.45
44.684,0.45
44.685,0.45
44.686,0.45
44.687,0.45
44.688,0.45
44.689,0.45
44.69,0.45
44.691,0.45
44.692,0.45
44.693,0.45
44.694,0.45
44.695,0.45
44.696,0.45
44.697,0.45
44.698,0.45
44.699,0.45
44.7,0.45
44.701,0.45
44.702,0.45
44.703,0.45
44.704,0.45
44.705,0.45
44.706,0.45
44.707,0.45
44.708,0.45
44.709,0.45
44.71,0.45
44.711,0.45
44.712,0.45
44.713,0.45
44.714,0.45
44.715,0.45
44.716,0.45
44.717,0.45
44.718,0.45
44.719,0.45
44.72,0.45
44.721,0.45
44.722,0.45
44.723,0.45
44.724,0.45
44.725,0.45
44.726,0.45
44.727,0.45
44.728,0.45
44.729,0.45
44.73,0.45
44.731,0.45
44.732,0.45
44.733,0.45
44.734,0.45
44.735,0.45
44.736,0.45
44.737,0.45
44.738,0.45
44.739,0.45
44.74,0.45
44.741,0.45
44.742,0.45
44.743,0.45
44.744,0.45
44.745,0.45
44.746,0.45
44.747,0.45
44.748,0.45
44.749,0.45
44.75,0.45
44.751,0.45
44.752,0.45
44.753,0.45
44.754,0.45
44.755,0.45
44.756,0.45
44.757,0.45
44.758,0.45
44.759,0.45
44.76,0.45
44.761,0.45
44.762,0.45
44.763,0.45
44.764,0.45
44.765,0.45
44.766,0.45
44.767,0.45
44.768,0.45
44.769,0.45
44.77,0.45
44.771,0.45
44.772,0.45
44.773,0.45
44.774,0.45
44.775,0.45
44.776,0.45
44.777,0.45
44.778,0.45
44.779,0.45
44.78,0.45
44.781,0.45
44.782,0.45
44.783,0.45
44.784,0.45
44.785,0.45
44.786,0.45
44.787,0.45
44.788,0.45
44.789,0.45
44.79,0.45
44.791,0.45
44.792,0.45
44.793,0.45
44.794,0.45
44.795,0.45
44.796,0.45
44.797,0.45
44.798,0.45
44.799,0.45
44.8,0.45
44.801,0.45
44.802,0.45
44.803,0.45
44.804,0.45
44.805,0.45
44.806,0.45
44.807,0.45
44.808,0.45
44.809,0.45
44.81,0.45
44.811,0.45
44.812,0.45
44.813,0.45
44.814,0.45
44.815,0.45
44.816,0.45
44.817,0.45
44.818,0.45
44.819,0.45
44.82,0.45
44.821,0.45
44.822,0.45
44.823,0.45
44.824,0.45
44.825,0.45
44.826,0.45
44.827,0.45
44.828,0.45
44.829,0.45
44.83,0.45
44.831,0.45
44.832,0.45
44.833,0.45
44.834,0.45
44.835,0.45
44.836,0.45
44.837,0.45
44.838,0.45
44.839,0.45
44.84,0.45
44.841,0.45
44.842,0.45
44.843,0.45
44.844,0.45
44.845,0.45
44.846,0.45
44.847,0.45
44.848,0.45
44.849,0.45
44.85,0.45
44.851,0.45
44.852,0.45
44.853,0.45
44.854,0.45
44.855,0.45
44.856,0.45
44.857,0.45
44.858,0.45
44.859,0.45
44.86,0.45
44.861,0.45
44.862,0.45
44.863,0.45
44.864,0.45
44.865,0.45
44.866,0.45
44.867,0.45
44.868,0.45
44.869,0.45
44.87,0.45
44.871,0.45
44.872,0.45
44.873,0.45
44.874,0.45
44.875,0.45
44.876,0.45
44.877,0.45
44.878,0.45
44.879,0.45
44.88,0.45
44.881,0.45
44.882,0.45
44.883,0.45
44.884,0.45
44.885,0.45
44.886,0.45
44.887,0.45
44.888,0.45
44.889,0.45
44.89,0.45
44.891,0.45
44.892,0.45
44.893,0.45
44.894,0.45
44.895,0.45
44.896,0.45
44.897,0.45
44.898,0.45
44.899,0.45
44.9,0.45
44.901,0.45
44.902,0.45
44.903,0.45
44.904,0.45
44.905,0.45
44.906,0.45
44.907,0.45
44.908,0.45
44.909,0.45
44.91,0.45
44.911,0.45
44.912,0.45
44.913,0.45
44.914,0.45
44.915,0.45
44.916,0.45
44.917,0.45
44.918,0.45
44.919,0.45
44.92,0.45
44.921,0.45
44.922,0.45
44.923,0.45
44.924,0.45
44.925,0.45
44.926,0.45
44.927,0.45
44.928,0.45
44.929,0.45
44.93,0.45
44.931,0.45
44.932,0.45
44.933,0.45
44.934,0.45
44.935,0.45
44.936,0.45
44.937,0.45
44.938,0.45
44.939,0.45
44.94,0.45
44.941,0.45
44.942,0.45
44.943,0.45
44.944,0.45
44.945,0.45
44.946,0.45
44.947,0.45
44.948,0.45
44.949,0.45
44.95,0.45
44.951,0.45
44.952,0.45
44.953,0.45
44.954,0.45
44.955,0.45
44.956,0.45
44.957,0.45
44.958,0.45
44.959,0.45
44.96,0.45
44.961,0.45
44.962,0.45
44.963,0.45
44.964,0.45
44.965,0.45
44.966,0.45
44.967,0.45
44.968,0.45
44.969,0.45
44.97,0.45
44.971,0.45
44.972,0.45
44.973,0.45
44.974,0.45
44.975,0.45
44.976,0.45
44.977,0.45
44.978,0.45
44.979,0.45
44.98,0.45
44.981,0.45
44.982,0.45
44.983,0.45
44.984,0.45
44.985,0.45
44.986,0.45
44.987,0.45
44.988,0.45
44.989,0.45
44.99,0.45
44.991,0.45
44.992,0.45
44.993,0.45
44.994,0.45
44.995,0.45
44.996,0.45
44.997,0.45
44.998,0.45
44.999,0.45
45.0,0.45
45.001,0.45
45.002,0.45
45.003,0.45
45.004,0.45
45.005,0.45
45.006,0.45
45.007,0.45
45.008,0.45
45.009,0.45
45.01,0.45
45.011,0.45
45.012,0.45
45.013,0.45
45.014,0.45
45.015,0.45
45.016,0.45
45.017,0.45
45.018,0.45
45.019,0.45
45.02,0.45
45.021,0.45
45.022,0.45
45.023,0.45
45.024,0.45
45.025,0.45
45.026,0.45
45.027,0.45
45.028,0.45
45.029,0.45
45.03,0.45
45.031,0.45
45.032,0.45
45.033,0.45
45.034,0.45
45.035,0.45
45.036,0.45
45.037,0.45
45.038,0.45
45.039,0.45
45.04,0.45
45.041,0.45
45.042,0.45
45.043,0.45
45.044,0.45
45.045,0.45
45.046,0.45
45.047,0.45
45.048,0.45
45.049,0.45
45.05,0.45
45.051,0.45
45.052,0.45
45.053,0.45
45.054,0.45
45.055,0.45
45.056,0.45
45.057,0.45
45.058,0.45
45.059,0.45
45.06,0.45
45.061,0.45
45.062,0.45
45.063,0.45
45.064,0.45
45.065,0.45
45.066,0.0
45.067,0.0
45.068,0.0
45.069,0.0
45.07,0.0
45.071,0.0
45.072,0.0
45.073,0.0
45.074,0.0
45.075,0.0
45.076,0.0
45.077,0.0
45.078,0.0
45.079,0.0
45.08,0.0
45.081,0.0
45.082,0.0
45.083,0.0
45.084,0.0
45.085,0.0
45.086,0.0
45.087,0.0
45.088,0.0
45.089,0.0
45.09,0.0
45.091,0.0
45.092,0.0
45.093,0.0
45.094,0.0
45.095,0.0
45.096,0.0
45.097,0.0
45.098,0.0
45.099,0.0
45.1,0.0
45.101,0.0
45.102,0.0
45.103,0.0
45.104,0.0
45.105,0.0
45.106,0.0
45.107,0.0
45.108,0.0
45.109,0.0
45.11,0.0
45.111,0.0
45.112,0.0
45.113,0.0
45.114,0.0
45.115,0.0
45.116,0.0
45.117,0.0
45.118,0.0
45.119,0.0
45.12,0.0
45.121,0.0
45.122,0.0
45.123,0.0
45.124,0.0
45.125,0.0
45.126,0.0
45.127,0.0
45.128,0.0
45.129,0.0
45.13,0.0
45.131,0.0
45.132,0.0
45.133,0.0
45.134,0.0
45.135,0.0
45.136,0.0
45.137,0.0
45.138,0.0
45.139,0.0
45.14,0.0
45.141,0.0
45.142,0.0
45.143,0.0
45.144,0.0
45.145,0.0
45.146,0.0
45.147,0.0
45.148,0.0
45.149,0.0
45.15,0.0
45.151,0.0
45.152,0.0
45.153,0.0
45.154,0.0
45.155,0.0
45.156,0.0
45.157,0.0
45.158,0.0
45.159,0.0
45.16,0.0
45.161,0.0
45.162,0.0
45.163,0.0
45.164,0.0
45.165,0.0
45.166,0.0
45.167,0.0
45.168,0.0
45.169,0.0
45.17,0.0
45.171,0.0
45.172,0.0
45.173,0.0
45.174,0.0
45.175,0.0
45.176,0.0
45.177,0.0
45.178,0.0
45.179,0.0
45.18,0.0
45.181,0.0
45.182,0.0
45.183,0.0
45.184,0.0
45.185,0.0
45.186,0.0
45.187,0.0
45.188,0.0
45.189,0.0
45.19,0.0
45.191,0.0
45.192,0.0
45.193,0.0
45.194,0.0
45.195,0.0
45.196,0.0
45.197,0.0
45.198,0.0
45.199,0.0
45.2,0.0
45.201,0.0
45.202,0.0
45.203,0.0
45.204,0.0
45.205,0.0
45.206,0.0
45.207,0.0
45.208,0.0
45.209,0.0
45.21,0.0
45.211,0.0
45.212,0.0
45.213,0.0
45.214,0.0
45.215,0.0
45.216,0.0
45.217,0.0
45.218,0.0
45.219,0.0
45.22,0.0
45.221,0.0
45.222,0.0
45.223,0.0
45.224,0.0
45.225,0.0
45.226,0.0
45.227,0.0
45.228,0.0
45.229,0.0
45.23,0.0
45.231,0.0
45.232,0.0
45.233,0.0
45.234,0.0
45.235,0.0
45.236,0.0
45.237,0.0
45.238,0.0
45.239,0.0
45.24,0.0
45.241,0.0
45.242,0.0
45.243,0.0
45.244,0.0
45.245,0.0
45.246,0.0
45.247,0.0
45.248,0.0
45.249,0.0
45.25,0.0
45.251,0.0
45.252,0.0
45.253,0.0
45.254,0.0
45.255,0.0
45.256,0.0
45.257,0.0
45.258,0.0
45.259,0.0
45.26,0.0
45.261,0.0
45.262,0.0
45.263,0.0
45.264,0.0
45.265,0.0
45.266,0.0
45.267,0.0
45.268,0.0
45.269,0.0
45.27,0.0
45.271,0.0
45.272,0.0
45.273,0.0
45.274,0.0
45.275,0.0
45.276,0.0
45.277,0.0
45.278,0.0
45.279,0.0
45.28,0.0
45.281,0.0
45.282,0.0
45.283,0.0
45.284,0.0
45.285,0.0
45.286,0.0
45.287,0.0
45.288,0.0
45.289,0.0
45.29,0.0
45.291,0.0
45.292,0.0
45.293,0.0
45.294,0.0
45.295,0.0
45.296,0.0
45.297,0.0
45.298,0.0
45.299,0.0
45.3,0.0
45.301,0.0
45.302,0.0
45.303,0.0
45.304,0.0
45.305,0.0
45.306,0.0
45.307,0.0
45.308,0.0
45.309,0.0
45.31,0.0
45.311,0.0
45.312,0.0
45.313,0.0
45.314,0.0
45.315,0.0
45.316,0.0
45.317,0.0
45.318,0.0
45.319,0.0
45.32,0.0
45.321,0.0
45.322,0.0
45.323,0.0
45.324,0.0
45.325,0.0
45.326,0.0
45.327,0.0
45.328,0.0
45.329,0.0
45.33,0.0
45.331,0.0
45.332,0.0
45.333,0.0
45.334,0.0
45.335,0.0
45.336,0.0
45.337,0.0
45.338,0.0
45.339,0.0
45.34,0.0
45.341,0.0
45.342,0.0
45.343,0.0
45.344,0.0
45.345,0.0
45.346,0.0
45.347,0.0
45.348,0.0
45.349,0.0
45.35,0.0
45.351,0.0
45.352,0.0
45.353,0.0
45.354,0.0
45.355,0.0
45.356,0.0
45.357,0.0
45.358,0.0
45.359,0.0
45.36,0.0
45.361,0.0
45.362,0.0
45.363,0.0
45.364,0.0
45.365,0.0
45.366,0.0
45.367,0.0
45.368,0.0
45.369,0.0
45.37,0.0
45.371,0.0
45.372,0.0
45.373,0.0
45.374,0.0
45.375,0.0
45.376,0.0
45.377,0.0
45.378,0.0
45.379,0.0
45.38,0.0
45.381,0.0
45.382,0.0
45.383,0.0
45.384,0.0
45.385,0.0
45.386,0.0
45.387,0.0
45.388,0.0
45.389,0.0
45.39,0.0
45.391,0.0
45.392,0.0
45.393,0.0
45.394,0.0
45.395,0.0
45.396,0.0
45.397,0.0
45.398,0.0
45.399,0.0
45.4,0.0
45.401,0.0
45.402,0.0
45.403,0.0
45.404,0.0
45.405,0.0
45.406,0.0
45.407,0.0
45.408,0.0
45.409,0.0
45.41,0.0
45.411,0.0
45.412,0.0
45.413,0.0
45.414,0.0
45.415,0.0
45.416,0.0
45.417,0.0
45.418,0.0
45.419,0.0
45.42,0.0
45.421,0.0
45.422,0.0
45.423,0.0
45.424,0.0
45.425,0.0
45.426,0.0
45.427,0.0
45.428,0.0
45.429,0.0
45.43,0.0
45.431,0.0
45.432,0.0
45.433,0.0
45.434,0.0
45.435,0.0
45.436,0.0
45.437,0.0
45.438,0.0
45.439,0.0
45.44,0.0
45.441,0.0
45.442,0.0
45.443,0.0
45.444,0.0
45.445,0.0
45.446,0.0
45.447,0.0
45.448,0.0
45.449,0.0
45.45,0.0
45.451,0.0
45.452,0.0
45.453,0.0
45.454,0.0
45.455,0.0
45.456,0.0
45.457,0.0
45.458,0.0
45.459,0.0
45.46,0.0
45.461,0.0
45.462,0.0
45.463,0.0
45.464,0.0
45.465,0.0
45.466,0.0
45.467,0.0
45.468,0.0
45.469,0.0
45.47,0.0
45.471,0.0
45.472,0.0
45.473,0.0
45.474,0.0
45.475,0.0
45.476,0.0
45.477,0.0
45.478,0.0
45.479,0.0
45.48,0.0
45.481,0.0
45.482,0.0
45.483,0.0
45.484,0.0
45.485,0.0
45.486,0.0
45.487,0.0
45.488,0.0
45.489,0.0
45.49,0.0
45.491,0.0
45.492,0.0
45.493,0.0
45.494,0.0
45.495,0.0
45.496,0.0
45.497,0.0
45.498,0.0
45.499,0.0
45.5,0.0
45.501,0.0
45.502,0.0
45.503,0.0
45.504,0.0
45.505,0.0
45.506,0.0
45.507,0.0
45.508,0.0
45.509,0.0
45.51,0.0
45.511,0.0
45.512,0.0
45.513,0.0
45.514,0.0
45.515,0.0
45.516,0.0
45.517,0.0
45.518,0.0
45.519,0.0
45.52,0.0
45.521,0.0
45.522,0.0
45.523,0.0
45.524,0.0
45.525,0.0
45.526,0.0
45.527,0.0
45.528,0.0
45.529,0.0
45.53,0.0
45.531,0.0
45.532,0.0
45.533,0.0
45.534,0.0
45.535,0.0
45.536,0.0
45.537,0.0
45.538,0.0
45.539,0.0
45.54,0.0
45.541,0.0
45.542,0.0
45.543,0.0
45.544,0.0
45.545,0.0
45.546,0.0
45.547,0.0
45.548,0.0
45.549,0.0
45.55,0.0
45.551,0.0
45.552,0.0
45.553,0.0
45.554,0.0
45.555,0.0
45.556,0.0
45.557,0.0
45.558,0.0
45.559,0.0
45.56,0.0
45.561,0.0
45.562,0.0
45.563,0.0
45.564,0.0
45.565,0.0
45.566,0.0
45.567,0.0
45.568,0.0
45.569,0.0
45.57,0.0
45.571,0.0
45.572,0.0
45.573,0.0
45.574,0.0
45.575,0.0
45.576,0.0
45.577,0.0
45.578,0.0
45.579,0.0
45.58,0.0
45.581,0.0
45.582,0.0
45.583,0.0
45.584,0.0
45.585,0.0
45.586,0.0
45.587,0.0
45.588,0.0
45.589,0.0
45.59,0.0
45.591,0.0
45.592,0.0
45.593,0.0
45.594,0.0
45.595,0.0
45.596,0.0
45.597,0.0
45.598,0.0
45.599,0.0
45.6,0.0
45.601,0.0
45.602,0.0
45.603,0.0
45.604,0.0
45.605,0.0
45.606,0.0
45.607,0.0
45.608,0.0
45.609,0.0
45.61,0.0
45.611,0.0
45.612,0.0
45.613,0.0
45.614,0.0
45.615,0.0
45.616,0.0
45.617,0.0
45.618,0.0
45.619,0.0
45.62,0.0
45.621,0.0
45.622,0.0
45.623,0.0
45.624,0.0
45.625,0.0
45.626,0.0
45.627,0.0
45.628,0.0
45.629,0.0
45.63,0.0
45.631,0.0
45.632,0.0
45.633,0.0
45.634,0.0
45.635,0.0
45.636,0.0
45.637,0.0
45.638,0.0
45.639,0.0
45.64,0.0
45.641,0.0
45.642,0.0
45.643,0.0
45.644,0.0
45.645,0.0
45.646,0.0
45.647,0.0
45.648,0.0
45.649,0.0
45.65,0.0
45.651,0.0
45.652,0.0
45.653,0.0
45.654,0.0
45.655,0.0
45.656,0.0
45.657,0.0
45.658,0.0
45.659,0.0
45.66,0.0
45.661,0.0
45.662,0.0
45.663,0.0
45.664,0.0
45.665,0.0
45.666,0.0
45.667,0.0
45.668,0.0
45.669,0.0
45.67,0.0
45.671,0.0
45.672,0.0
45.673,0.0
45.674,0.0
45.675,0.0
45.676,0.0
45.677,0.0
45.678,0.0
45.679,0.0
45.68,0.0
45.681,0.0
45.682,0.0
45.683,0.0
45.684,0.0
45.685,0.0
45.686,0.0
45.687,0.0
45.688,0.0
45.689,0.0
45.69,0.0
45.691,0.0
45.692,0.0
45.693,0.0
45.694,0.0
45.695,0.0
45.696,0.0
45.697,0.0
45.698,0.0
45.699,0.0
45.7,0.0
45.701,0.0
45.702,0.0
45.703,0.0
45.704,0.0
45.705,0.0
45.706,0.0
45.707,0.0
45.708,0.0
45.709,0.0
45.71,0.0
45.711,0.0
45.712,0.0
45.713,0.0
45.714,0.0
45.715,0.0
45.716,0.0
45.717,0.0
45.718,0.0
45.719,0.0
45.72,0.0
45.721,0.0
45.722,0.0
45.723,0.0
45.724,0.0
45.725,0.0
45.726,0.0
45.727,0.0
45.728,0.0
45.729,0.0
45.73,0.0
45.731,0.0
45.732,0.0
45.733,0.0
45.734,0.0
45.735,0.0
45.736,0.0
45.737,0.0
45.738,0.0
45.739,0.0
45.74,0.0
45.741,0.0
45.742,0.0
45.743,0.0
45.744,0.0
45.745,0.0
45.746,0.0
45.747,0.0
45.748,0.0
45.749,0.0
45.75,0.0
45.751,0.0
45.752,0.0
45.753,0.0
45.754,0.0
45.755,0.0
45.756,0.0
45.757,0.0
45.758,0.0
45.759,0.0
45.76,0.0
45.761,0.0
45.762,0.0
45.763,0.0
45.764,0.0
45.765,0.0
45.766,0.0
45.767,0.0
45.768,0.0
45.769,0.0
45.77,0.0
45.771,0.0
45.772,0.0
45.773,0.0
45.774,0.0
45.775,0.0
45.776,0.0
45.777,0.0
45.778,0.0
45.779,0.0
45.78,0.0
45.781,0.0
45.782,0.0
45.783,0.0
45.784,0.0
45.785,0.0
45.786,0.0
45.787,0.0
45.788,0.0
45.789,0.0
45.79,0.0
45.791,0.0
45.792,0.0
45.793,0.0
45.794,0.0
45.795,0.0
45.796,0.0
45.797,0.0
45.798,0.0
45.799,0.0
45.8,0.0
45.801,0.0
45.802,0.0
45.803,0.0
45.804,0.0
45.805,0.0
45.806,0.0
45.807,0.0
45.808,0.0
45.809,0.0
45.81,0.0
45.811,0.0
45.812,0.0
45.813,0.0
45.814,0.0
45.815,0.0
45.816,0.0
45.817,0.0
45.818,0.0
45.819,0.0
45.82,0.0
45.821,0.0
45.822,0.0
45.823,0.0
45.824,0.0
45.825,0.0
45.826,0.0
45.827,0.0
45.828,0.0
45.829,0.0
45.83,0.0
45.831,0.0
45.832,0.0
45.833,0.0
45.834,0.0
45.835,0.0
45.836,0.0
45.837,0.0
45.838,0.0
45.839,0.0
45.84,0.0
45.841,0.0
45.842,0.0
45.843,0.0
45.844,0.0
45.845,0.0
45.846,0.0
45.847,0.0
45.848,0.0
45.849,0.0
45.85,0.0
45.851,0.0
45.852,0.0
45.853,0.0
45.854,0.0
45.855,0.0
45.856,0.0
45.857,0.0
45.858,0.0
45.859,0.0
45.86,0.0
45.861,0.0
45.862,0.0
45.863,0.0
45.864,0.0
45.865,0.0
45.866,0.0
45.867,0.0
45.868,0.0
45.869,0.0
45.87,0.0
45.871,0.0
45.872,0.0
45.873,0.0
45.874,0.0
45.875,0.0
45.876,0.0
45.877,0.0
45.878,0.0
45.879,0.0
45.88,0.0
45.881,0.0
45.882,0.0
45.883,0.0
45.884,0.0
45.885,0.0
45.886,0.0
45.887,0.0
45.888,0.0
45.889,0.0
45.89,0.0
45.891,0.0
45.892,0.0
45.893,0.0
45.894,0.0
45.895,0.0
45.896,0.0
45.897,0.0
45.898,0.0
45.899,0.0
45.9,0.0
45.901,0.0
45.902,0.0
45.903,0.0
45.904,0.0
45.905,0.0
45.906,0.0
45.907,0.0
45.908,0.0
45.909,0.0
45.91,0.0
45.911,0.0
45.912,0.0
45.913,0.0
45.914,0.0
45.915,0.0
45.916,0.0
45.917,0.0
45.918,0.0
45.919,0.0
45.92,0.0
45.921,0.0
45.922,0.0
45.923,0.0
45.924,0.0
45.925,0.0
45.926,0.0
45.927,0.0
45.928,0.0
45.929,0.0
45.93,0.0
45.931,0.0
45.932,0.0
45.933,0.0
45.934,0.0
45.935,0.0
45.936,0.0
45.937,0.0
45.938,0.0
45.939,0.0
45.94,0.0
45.941,0.0
45.942,0.0
45.943,0.0
45.944,0.0
45.945,0.0
45.946,0.0
45.947,0.0
45.948,0.0
45.949,0.0
45.95,0.0
45.951,0.0
45.952,0.0
45.953,0.0
45.954,0.0
45.955,0.0
45.956,0.0
45.957,0.0
45.958,0.0
45.959,0.0
45.96,0.0
45.961,0.0
45.962,0.0
45.963,0.0
45.964,0.0
45.965,0.0
45.966,0.0
45.967,0.0
45.968,0.0
45.969,0.0
45.97,0.0
45.971,0.0
45.972,0.0
45.973,0.0
45.974,0.0
45.975,0.0
45.976,0.0
45.977,0.0
45.978,0.0
45.979,0.0
45.98,0.0
45.981,0.0
45.982,0.0
45.983,0.0
45.984,0.0
45.985,0.0
45.986,0.0
45.987,0.0
45.988,0.0
45.989,0.0
45.99,0.0
45.991,0.0
45.992,0.0
45.993,0.0
45.994,0.0
45.995,0.0
45.996,0.0
45.997,0.0
45.998,0.0
45.999,0.0
46.0,0.0
46.001,0.0
46.002,0.0
46.003,0.0
46.004,0.0
46.005,0.0
46.006,0.0
46.007,0.0
46.008,0.0
46.009,0.0
46.01,0.0
46.011,0.0
46.012,0.0
46.013,0.0
46.014,0.0
46.015,0.0
46.016,0.0
46.017,0.0
46.018,0.0
46.019,0.0
46.02,0.0
46.021,0.0
46.022,0.0
46.023,0.0
46.024,0.0
46.025,0.0
46.026,0.0
46.027,0.0
46.028,0.0
46.029,0.0
46.03,0.0
46.031,0.0
46.032,0.0
46.033,0.0
46.034,0.0
46.035,0.0
46.036,0.0
46.037,0.0
46.038,0.0
46.039,0.0
46.04,0.0
46.041,0.0
46.042,0.0
46.043,0.0
46.044,0.0
46.045,0.0
46.046,0.0
46.047,0.0
46.048,0.0
46.049,0.0
46.05,0.0
46.051,0.0
46.052,0.0
46.053,0.0
46.054,0.0
46.055,0.0
46.056,0.0
46.057,0.0
46.058,0.0
46.059,0.0
46.06,0.0
46.061,0.0
46.062,0.0
46.063,0.0
46.064,0.0
46.065,0.0
46.066,0.0
46.067,0.0
46.068,0.0
46.069,0.0
46.07,0.0
46.071,0.0
46.072,0.0
46.073,0.0
46.074,0.0
46.075,0.0
46.076,0.0
46.077,0.0
46.078,0.0
46.079,0.0
46.08,0.0
46.081,0.0
46.082,0.0
46.083,0.0
46.084,0.0
46.085,0.0
46.086,0.0
46.087,0.0
46.088,0.0
46.089,0.0
46.09,0.0
46.091,0.0
46.092,0.0
46.093,0.0
46.094,0.0
46.095,0.0
46.096,0.0
46.097,0.0
46.098,0.0
46.099,0.0
46.1,0.0
46.101,0.0
46.102,0.0
46.103,0.0
46.104,0.0
46.105,0.0
46.106,0.0
46.107,0.0
46.108,0.0
46.109,0.0
46.11,0.0
46.111,0.0
46.112,0.0
46.113,0.0
46.114,0.0
46.115,0.0
46.116,0.0
46.117,0.0
46.118,0.0
46.119,0.0
46.12,0.0
46.121,0.0
46.122,0.0
46.123,0.0
46.124,0.0
46.125,0.0
46.126,0.0
46.127,0.0
46.128,0.0
46.129,0.0
46.13,0.0
46.131,0.0
46.132,0.0
46.133,0.0
46.134,0.0
46.135,0.0
46.136,0.0
46.137,0.0
46.138,0.0
46.139,0.0
46.14,0.0
46.141,0.0
46.142,0.0
46.143,0.0
46.144,0.0
46.145,0.0
46.146,0.0
46.147,0.0
46.148,0.0
46.149,0.0
46.15,0.0
46.151,0.0
46.152,0.0
46.153,0.0
46.154,0.0
46.155,0.0
46.156,0.0
46.157,0.0
46.158,0.0
46.159,0.0
46.16,0.0
46.161,0.0
46.162,0.0
46.163,0.0
46.164,0.0
46.165,0.0
46.166,0.0
46.167,0.0
46.168,0.0
46.169,0.0
46.17,0.0
46.171,0.0
46.172,0.0
46.173,0.0
46.174,0.0
46.175,0.0
46.176,0.0
46.177,0.0
46.178,0.0
46.179,0.0
46.18,0.0
46.181,0.0
46.182,0.0
46.183,0.0
46.184,0.0
46.185,0.0
46.186,0.0
46.187,0.0
46.188,0.0
46.189,0.0
46.19,0.0
46.191,0.0
46.192,0.0
46.193,0.0
46.194,0.0
46.195,0.0
46.196,0.0
46.197,0.0
46.198,0.0
46.199,0.0
46.2,0.0
46.201,0.0
46.202,0.0
46.203,0.0
46.204,0.0
46.205,0.0
46.206,0.0
46.207,0.0
46.208,0.0
46.209,0.0
46.21,0.0
46.211,0.0
46.212,0.0
46.213,0.0
46.214,0.0
46.215,0.0
46.216,0.0
46.217,0.0
46.218,0.0
46.219,0.0
46.22,0.0
46.221,0.0
46.222,0.0
46.223,0.0
46.224,0.0
46.225,0.0
46.226,0.0
46.227,0.0
46.228,0.0
46.229,0.0
46.23,0.0
46.231,0.0
46.232,0.0
46.233,0.0
46.234,0.0
46.235,0.0
46.236,0.0
46.237,0.0
46.238,0.0
46.239,0.0
46.24,0.0
46.241,0.0
46.242,0.0
46.243,0.0
46.244,0.0
46.245,0.0
46.246,0.0
46.247,0.0
46.248,0.0
46.249,0.0
46.25,0.0
46.251,0.0
46.252,0.0
46.253,0.0
46.254,0.0
46.255,0.0
46.256,0.0
46.257,0.0
46.258,0.0
46.259,0.0
46.26,0.0
46.261,0.0
46.262,0.0
46.263,0.0
46.264,0.0
46.265,0.0
46.266,0.0
46.267,0.0
46.268,0.0
46.269,0.0
46.27,0.0
46.271,0.0
46.272,0.0
46.273,0.0
46.274,0.0
46.275,0.0
46.276,0.0
46.277,0.0
46.278,0.0
46.279,0.0
46.28,0.0
46.281,0.0
46.282,0.0
46.283,0.0
46.284,0.0
46.285,0.0
46.286,0.0
46.287,0.0
46.288,0.0
46.289,0.0
46.29,0.0
46.291,0.0
46.292,0.0
46.293,0.0
46.294,0.0
46.295,0.0
46.296,0.0
46.297,0.0
46.298,0.0
46.299,0.0
46.3,0.0
46.301,0.0
46.302,0.0
46.303,0.0
46.304,0.0
46.305,0.0
46.306,0.0
46.307,0.0
46.308,0.0
46.309,0.0
46.31,0.0
46.311,0.0
46.312,0.0
46.313,0.0
46.314,0.0
46.315,0.0
46.316,0.0
46.317,0.0
46.318,0.0
46.319,0.0
46.32,0.0
46.321,0.0
46.322,0.0
46.323,0.0
46.324,0.0
46.325,0.0
46.326,0.0
46.327,0.0
46.328,0.0
46.329,0.0
46.33,0.0
46.331,0.0
46.332,0.0
46.333,0.0
46.334,0.0
46.335,0.0
46.336,0.0
46.337,0.0
46.338,0.0
46.339,0.0
46.34,0.0
46.341,0.0
46.342,0.0
46.343,0.0
46.344,0.0
46.345,0.0
46.346,0.0
46.347,0.0
46.348,0.0
46.349,0.0
46.35,0.0
46.351,0.0
46.352,0.0
46.353,0.0
46.354,0.0
46.355,0.0
46.356,0.0
46.357,0.0
46.358,0.0
46.359,0.0
46.36,0.0
46.361,0.0
46.362,0.0
46.363,0.0
46.364,0.0
46.365,0.0
46.366,0.0
46.367,0.0
46.368,0.0
46.369,0.0
46.37,0.0
46.371,0.0
46.372,0.0
46.373,0.0
46.374,0.0
46.375,0.0
46.376,0.0
46.377,0.0
46.378,0.0
46.379,0.0
46.38,0.0
46.381,0.0
46.382,0.0
46.383,0.0
46.384,0.0
46.385,0.0
46.386,0.0
46.387,0.0
46.388,0.0
46.389,0.0
46.39,0.0
46.391,0.0
46.392,0.0
46.393,0.0
46.394,0.0
46.395,0.0
46.396,0.0
46.397,0.0
46.398,0.0
46.399,0.0
46.4,0.0
46.401,0.0
46.402,0.0
46.403,0.0
46.404,0.0
46.405,0.0
46.406,0.0
46.407,0.0
46.408,0.0
46.409,0.0
46.41,0.0
46.411,0.0
46.412,0.0
46.413,0.0
46.414,0.0
46.415,0.0
46.416,0.0
46.417,0.0
46.418,0.0
46.419,0.0
46.42,0.0
46.421,0.0
46.422,0.0
46.423,0.0
46.424,0.0
46.425,0.0
46.426,0.0
46.427,0.0
46.428,0.0
46.429,0.0
46.43,0.0
46.431,0.0
46.432,0.0
46.433,0.0
46.434,0.0
46.435,0.0
46.436,0.0
46.437,0.0
46.438,0.0
46.439,0.0
46.44,0.0
46.441,0.0
46.442,0.0
46.443,0.0
46.444,0.0
46.445,0.0
46.446,0.0
46.447,0.0
46.448,0.0
46.449,0.0
46.45,0.0
46.451,0.0
46.452,0.0
46.453,0.0
46.454,0.0
46.455,0.0
46.456,0.0
46.457,0.0
46.458,0.0
46.459,0.0
46.46,0.0
46.461,0.0
46.462,0.0
46.463,0.0
46.464,0.0
46.465,0.0
46.466,0.0
46.467,0.0
46.468,0.0
46.469,0.0
46.47,0.0
46.471,0.0
46.472,0.0
46.473,0.0
46.474,0.0
46.475,0.0
46.476,0.0
46.477,0.0
46.478,0.0
46.479,0.0
46.48,0.0
46.481,0.0
46.482,0.0
46.483,0.0
46.484,0.0
46.485,0.0
46.486,0.0
46.487,0.0
46.488,0.0
46.489,0.0
46.49,0.0
46.491,0.0
46.492,0.0
46.493,0.0
46.494,0.0
46.495,0.0
46.496,0.0
46.497,0.0
46.498,0.0
46.499,0.0
46.5,0.0
46.501,0.0
46.502,0.0
46.503,0.0
46.504,0.0
46.505,0.0
46.506,0.0
46.507,0.0
46.508,0.0
46.509,0.0
46.51,0.0
46.511,0.0
46.512,0.0
46.513,0.0
46.514,0.0
46.515,0.0
46.516,0.0
46.517,0.0
46.518,0.0
46.519,0.0
46.52,0.0
46.521,0.0
46.522,0.0
46.523,0.0
46.524,0.0
46.525,0.0
46.526,0.0
46.527,0.0
46.528,0.0
46.529,0.0
46.53,0.0
46.531,0.0
46.532,0.0
46.533,0.0
46.534,0.0
46.535,0.0
46.536,0.0
46.537,0.0
46.538,0.0
46.539,0.0
46.54,0.0
46.541,0.0
46.542,0.0
46.543,0.0
46.544,0.0
46.545,0.0
46.546,0.0
46.547,0.0
46.548,0.0
46.549,0.0
46.55,0.0
46.551,0.0
46.552,0.0
46.553,0.0
46.554,0.0
46.555,0.0
46.556,0.0
46.557,0.0
46.558,0.0
46.559,0.0
46.56,0.0
46.561,0.0
46.562,0.0
46.563,0.0
46.564,0.0
46.565,0.0
46.566,0.0
46.567,0.0
46.568,0.0
46.569,0.0
46.57,0.0
46.571,0.0
46.572,0.0
46.573,0.0
46.574,0.0
46.575,0.0
46.576,0.0
46.577,0.0
46.578,0.0
46.579,0.0
46.58,0.0
46.581,0.0
46.582,0.0
46.583,0.0
46.584,0.0
46.585,0.0
46.586,0.0
46.587,0.0
46.588,0.0
46.589,0.0
46.59,0.0
46.591,0.0
46.592,0.0
46.593,0.0
46.594,0.0
46.595,0.0
46.596,0.0
46.597,0.0
46.598,0.0
46.599,0.0
46.6,0.0
46.601,0.0
46.602,0.0
46.603,0.0
46.604,0.0
46.605,0.0
46.606,0.0
46.607,0.0
46.608,0.0
46.609,0.0
46.61,0.0
46.611,0.0
46.612,0.0
46.613,0.0
46.614,0.0
46.615,0.0
46.616,0.0
46.617,0.0
46.618,0.0
46.619,0.0
46.62,0.0
46.621,0.0
46.622,0.0
46.623,0.0
46.624,0.0
46.625,0.0
46.626,0.0
46.627,0.0
46.628,0.0
46.629,0.0
46.63,0.0
46.631,0.0
46.632,0.0
46.633,0.0
46.634,0.0
46.635,0.0
46.636,0.0
46.637,0.0
46.638,0.0
46.639,0.0
46.64,0.0
46.641,0.0
46.642,0.0
46.643,0.0
46.644,0.0
46.645,0.0
46.646,0.0
46.647,0.0
46.648,0.0
46.649,0.0
46.65,0.0
46.651,0.0
46.652,0.0
46.653,0.0
46.654,0.0
46.655,0.0
46.656,0.0
46.657,0.0
46.658,0.0
46.659,0.0
46.66,0.0
46.661,0.0
46.662,0.0
46.663,0.0
46.664,0.0
46.665,0.0
46.666,0.0
46.667,0.0
46.668,0.0
46.669,0.0
46.67,0.0
46.671,0.0
46.672,0.0
46.673,0.0
46.674,0.0
46.675,0.0
46.676,0.0
46.677,0.0
46.678,0.0
46.679,0.0
46.68,0.0
46.681,0.0
46.682,0.0
46.683,0.0
46.684,0.0
46.685,0.0
46.686,0.0
46.687,0.0
46.688,0.0
46.689,0.0
46.69,0.0
46.691,0.0
46.692,0.0
46.693,0.0
46.694,0.0
46.695,0.0
46.696,0.0
46.697,0.0
46.698,0.0
46.699,0.0
46.7,0.0
46.701,0.0
46.702,0.0
46.703,0.0
46.704,0.0
46.705,0.0
46.706,0.0
46.707,0.0
46.708,0.0
46.709,0.0
46.71,0.0
46.711,0.0
46.712,0.0
46.713,0.0
46.714,0.0
46.715,0.0
46.716,0.0
46.717,0.0
46.718,0.0
46.719,0.0
46.72,0.0
46.721,0.0
46.722,0.0
46.723,0.0
46.724,0.0
46.725,0.0
46.726,0.0
46.727,0.0
46.728,0.0
46.729,0.0
46.73,0.0
46.731,0.0
46.732,0.0
46.733,0.0
46.734,0.0
46.735,0.0
46.736,0.0
46.737,0.0
46.738,0.0
46.739,0.0
46.74,0.0
46.741,0.0
46.742,0.0
46.743,0.0
46.744,0.0
46.745,0.0
46.746,0.0
46.747,0.0
46.748,0.0
46.749,0.0
46.75,0.0
46.751,0.0
46.752,0.0
46.753,0.0
46.754,0.0
46.755,0.0
46.756,0.0
46.757,0.0
46.758,0.0
46.759,0.0
46.76,0.0
46.761,0.0
46.762,0.0
46.763,0.0
46.764,0.0
46.765,0.0
46.766,0.0
46.767,0.0
46.768,0.0
46.769,0.0
46.77,0.0
46.771,0.0
46.772,0.0
46.773,0.0
46.774,0.0
46.775,0.0
46.776,0.0
46.777,0.0
46.778,0.0
46.779,0.0
46.78,0.0
46.781,0.0
46.782,0.0
46.783,0.0
46.784,0.0
46.785,0.0
46.786,0.0
46.787,0.0
46.788,0.0
46.789,0.0
46.79,0.0
46.791,0.0
46.792,0.0
46.793,0.0
46.794,0.0
46.795,0.0
46.796,0.0
46.797,0.0
46.798,0.0
46.799,0.0
46.8,0.0
46.801,0.0
46.802,0.0
46.803,0.0
46.804,0.0
46.805,0.0
46.806,0.0
46.807,0.0
46.808,0.0
46.809,0.0
46.81,0.0
46.811,0.0
46.812,0.0
46.813,0.0
46.814,0.0
46.815,0.0
46.816,0.0
46.817,0.0
46.818,0.0
46.819,0.0
46.82,0.0
46.821,0.0
46.822,0.0
46.823,0.0
46.824,0.0
46.825,0.0
46.826,0.0
46.827,0.0
46.828,0.0
46.829,0.0
46.83,0.0
46.831,0.0
46.832,0.0
46.833,0.0
46.834,0.0
46.835,0.0
46.836,0.0
46.837,0.0
46.838,0.0
46.839,0.0
46.84,0.0
46.841,0.0
46.842,0.0
46.843,0.0
46.844,0.0
46.845,0.0
46.846,0.0
46.847,0.0
46.848,0.0
46.849,0.0
46.85,0.0
46.851,0.0
46.852,0.0
46.853,0.0
46.854,0.0
46.855,0.0
46.856,0.0
46.857,0.0
46.858,0.0
46.859,0.0
46.86,0.0
46.861,0.0
46.862,0.0
46.863,0.0
46.864,0.0
46.865,0.0
46.866,0.0
46.867,0.0
46.868,0.0
46.869,0.0
46.87,0.0
46.871,0.0
46.872,0.0
46.873,0.0
46.874,0.0
46.875,0.0
46.876,0.0
46.877,0.0
46.878,0.0
46.879,0.0
46.88,0.0
46.881,0.0
46.882,0.0
46.883,0.0
46.884,0.0
46.885,0.0
46.886,0.0
46.887,0.0
46.888,0.0
46.889,0.0
46.89,0.0
46.891,0.0
46.892,0.0
46.893,0.0
46.894,0.0
46.895,0.0
46.896,0.0
46.897,0.0
46.898,0.0
46.899,0.0
46.9,0.0
46.901,0.0
46.902,0.0
46.903,0.0
46.904,0.0
46.905,0.0
46.906,0.0
46.907,0.0
46.908,0.0
46.909,0.0
46.91,0.0
46.911,0.0
46.912,0.0
46.913,0.0
46.914,0.0
46.915,0.0
46.916,0.0
46.917,0.0
46.918,0.0
46.919,0.0
46.92,0.0
46.921,0.0
46.922,0.0
46.923,0.0
46.924,0.0
46.925,0.0
46.926,0.0
46.927,0.0
46.928,0.0
46.929,0.0
46.93,0.0
46.931,0.0
46.932,0.0
46.933,0.0
46.934,0.0
46.935,0.0
46.936,0.0
46.937,0.0
46.938,0.0
46.939,0.0
46.94,0.0
46.941,0.0
46.942,0.0
46.943,0.0
46.944,0.0
46.945,0.0
46.946,0.0
46.947,0.0
46.948,0.0
46.949,0.0
46.95,0.0
46.951,0.0
46.952,0.0
46.953,0.0
46.954,0.0
46.955,0.0
46.956,0.0
46.957,0.0
46.958,0.0
46.959,0.0
46.96,0.0
46.961,0.0
46.962,0.0
46.963,0.0
46.964,0.0
46.965,0.0
46.966,0.0
46.967,0.0
46.968,0.0
46.969,0.0
46.97,0.0
46.971,0.0
46.972,0.0
46.973,0.0
46.974,0.0
46.975,0.0
46.976,0.0
46.977,0.0
46.978,0.0
46.979,0.0
46.98,0.0
46.981,0.0
46.982,0.0
46.983,0.0
46.984,0.0
46.985,0.0
46.986,0.0
46.987,0.0
46.988,0.0
46.989,0.0
46.99,0.0
46.991,0.0
46.992,0.0
46.993,0.0
46.994,0.0
46.995,0.0
46.996,0.0
46.997,0.0
46.998,0.0
46.999,0.0
47.0,0.0
47.001,0.0
47.002,0.0
47.003,0.0
47.004,0.0
47.005,0.0
47.006,0.0
47.007,0.0
47.008,0.0
47.009,0.0
47.01,0.0
47.011,0.0
47.012,0.0
47.013,0.0
47.014,0.0
47.015,0.0
47.016,0.0
47.017,0.0
47.018,0.0
47.019,0.0
47.02,0.0
47.021,0.0
47.022,0.0
47.023,0.0
47.024,0.0
47.025,0.0
47.026,0.0
47.027,0.0
47.028,0.0
47.029,0.0
47.03,0.0
47.031,0.0
47.032,0.0
47.033,0.0
47.034,0.0
47.035,0.0
47.036,0.0
47.037,0.0
47.038,0.0
47.039,0.0
47.04,0.0
47.041,0.0
47.042,0.0
47.043,0.0
47.044,0.0
47.045,0.0
47.046,0.0
47.047,0.0
47.048,0.0
47.049,0.0
47.05,0.0
47.051,0.0
47.052,0.0
47.053,0.0
47.054,0.0
47.055,0.0
47.056,0.0
47.057,0.0
47.058,0.0
47.059,0.0
47.06,0.0
47.061,0.0
47.062,0.0
47.063,0.0
47.064,0.0
47.065,0.0
47.066,0.0
47.067,0.0
47.068,0.0
47.069,0.0
47.07,0.0
47.071,0.0
47.072,0.0
47.073,0.0
47.074,0.0
47.075,0.0
47.076,0.0
47.077,0.0
47.078,0.0
47.079,0.0
47.08,0.0
47.081,0.0
47.082,0.0
47.083,0.0
47.084,0.0
47.085,0.0
47.086,0.0
47.087,0.0
47.088,0.0
47.089,0.0
47.09,0.0
47.091,0.0
47.092,0.0
47.093,0.0
47.094,0.0
47.095,0.0
47.096,0.0
47.097,0.0
47.098,0.0
47.099,0.0
47.1,0.0
47.101,0.0
47.102,0.0
47.103,0.0
47.104,0.0
47.105,0.0
47.106,0.0
47.107,0.0
47.108,0.0
47.109,0.0
47.11,0.0
47.111,0.0
47.112,0.0
47.113,0.0
47.114,0.0
47.115,0.0
47.116,0.0
47.117,0.0
47.118,0.0
47.119,0.0
47.12,0.0
47.121,0.0
47.122,0.0
47.123,0.0
47.124,0.0
47.125,0.0
47.126,0.0
47.127,0.0
47.128,0.0
47.129,0.0
47.13,0.0
47.131,0.0
47.132,0.0
47.133,0.0
47.134,0.0
47.135,0.0
47.136,0.0
47.137,0.0
47.138,0.0
47.139,0.0
47.14,0.0
47.141,0.0
47.142,0.0
47.143,0.0
47.144,0.0
47.145,0.0
47.146,0.0
47.147,0.0
47.148,0.0
47.149,0.0
47.15,0.0
47.151,0.0
47.152,0.0
47.153,0.0
47.154,0.0
47.155,0.0
47.156,0.0
47.157,0.0
47.158,0.0
47.159,0.0
47.16,0.0
47.161,0.0
47.162,0.0
47.163,0.0
47.164,0.0
47.165,0.0
47.166,0.0
47.167,0.0
47.168,0.0
47.169,0.0
47.17,0.0
47.171,0.0
47.172,0.0
47.173,0.0
47.174,0.0
47.175,0.0
47.176,0.0
47.177,0.0
47.178,0.0
47.179,0.0
47.18,0.0
47.181,0.0
47.182,0.0
47.183,0.0
47.184,0.0
47.185,0.0
47.186,0.0
47.187,0.0
47.188,0.0
47.189,0.0
47.19,0.0
47.191,0.0
47.192,0.0
47.193,0.0
47.194,0.0
47.195,0.0
47.196,0.0
47.197,0.0
47.198,0.0
47.199,0.0
47.2,0.0
47.201,0.0
47.202,0.0
47.203,0.0
47.204,0.0
47.205,0.0
47.206,0.0
47.207,0.0
47.208,0.0
47.209,0.0
47.21,0.0
47.211,0.0
47.212,0.0
47.213,0.0
47.214,0.0
47.215,0.0
47.216,0.0
47.217,0.0
47.218,0.0
47.219,0.0
47.22,0.0
47.221,0.0
47.222,0.0
47.223,0.0
47.224,0.0
47.225,0.0
47.226,0.0
47.227,0.0
47.228,0.0
47.229,0.0
47.23,0.0
47.231,0.0
47.232,0.0
47.233,0.0
47.234,0.0
47.235,0.0
47.236,0.0
47.237,0.0
47.238,0.0
47.239,0.0
47.24,0.0
47.241,0.0
47.242,0.0
47.243,0.0
47.244,0.0
47.245,0.0
47.246,0.0
47.247,0.0
47.248,0.0
47.249,0.0
47.25,0.0
47.251,0.0
47.252,0.0
47.253,0.0
47.254,0.0
47.255,0.0
47.256,0.0
47.257,0.0
47.258,0.0
47.259,0.0
47.26,0.0
47.261,0.0
47.262,0.0
47.263,0.0
47.264,0.0
47.265,0.0
47.266,0.0
47.267,0.0
47.268,0.0
47.269,0.0
47.27,0.0
47.271,0.0
47.272,0.0
47.273,0.0
47.274,0.0
47.275,0.0
47.276,0.0
47.277,0.0
47.278,0.0
47.279,0.0
47.28,0.0
47.281,0.0
47.282,0.0
47.283,0.0
47.284,0.0
47.285,0.0
47.286,0.0
47.287,0.0
47.288,0.0
47.289,0.0
47.29,0.0
47.291,0.0
47.292,0.0
47.293,0.0
47.294,0.0
47.295,0.0
47.296,0.0
47.297,0.0
47.298,0.0
47.299,0.0
47.3,0.0
47.301,0.0
47.302,0.0
47.303,0.0
47.304,0.0
47.305,0.0
47.306,0.0
47.307,0.0
47.308,0.0
47.309,0.0
47.31,0.0
47.311,0.0
47.312,0.0
47.313,0.0
47.314,0.0
47.315,0.0
47.316,0.0
47.317,0.0
47.318,0.0
47.319,0.0
47.32,0.0
47.321,0.0
47.322,0.0
47.323,0.0
47.324,0.0
47.325,0.0
47.326,0.0
47.327,0.0
47.328,0.0
47.329,0.0
47.33,0.0
47.331,0.0
47.332,0.0
47.333,0.0
47.334,0.0
47.335,0.0
47.336,0.0
47.337,0.0
47.338,0.0
47.339,0.0
47.34,0.0
47.341,0.0
47.342,0.0
47.343,0.0
47.344,0.0
47.345,0.0
47.346,0.0
47.347,0.0
47.348,0.0
47.349,0.0
47.35,0.0
47.351,0.0
47.352,0.0
47.353,0.0
47.354,0.0
47.355,0.0
47.356,0.0
47.357,0.0
47.358,0.0
47.359,0.0
47.36,0.0
47.361,0.0
47.362,0.0
47.363,0.0
47.364,0.0
47.365,0.0
47.366,0.0
47.367,0.0
47.368,0.0
47.369,0.0
47.37,0.0
47.371,0.0
47.372,0.0
47.373,0.0
47.374,0.0
47.375,0.0
47.376,0.0
47.377,0.0
47.378,0.0
47.379,0.0
47.38,0.0
47.381,0.0
47.382,0.0
47.383,0.0
47.384,0.0
47.385,0.0
47.386,0.0
47.387,0.0
47.388,0.0
47.389,0.0
47.39,0.0
47.391,0.0
47.392,0.0
47.393,0.0
47.394,0.0
47.395,0.0
47.396,0.0
47.397,0.0
47.398,0.0
47.399,0.0
47.4,0.0
47.401,0.0
47.402,0.0
47.403,0.0
47.404,0.0
47.405,0.0
47.406,0.0
47.407,0.0
47.408,0.0
47.409,0.0
47.41,0.0
47.411,0.0
47.412,0.0
47.413,0.0
47.414,0.0
47.415,0.0
47.416,0.0
47.417,0.0
47.418,0.0
47.419,0.0
47.42,0.0
47.421,0.0
47.422,0.0
47.423,0.0
47.424,0.0
47.425,0.0
47.426,0.0
47.427,0.0
47.428,0.0
47.429,0.0
47.43,0.0
47.431,0.0
47.432,0.0
47.433,0.0
47.434,0.0
47.435,0.0
47.436,0.0
47.437,0.0
47.438,0.0
47.439,0.0
47.44,0.0
47.441,0.0
47.442,0.0
47.443,0.0
47.444,0.0
47.445,0.0
47.446,0.0
47.447,0.0
47.448,0.0
47.449,0.0
47.45,0.0
47.451,0.0
47.452,0.0
47.453,0.0
47.454,0.0
47.455,0.0
47.456,0.0
47.457,0.0
47.458,0.0
47.459,0.0
47.46,0.0
47.461,0.0
47.462,0.0
47.463,0.0
47.464,0.0
47.465,0.0
47.466,0.0
47.467,0.0
47.468,0.0
47.469,0.0
47.47,0.0
47.471,0.0
47.472,0.0
47.473,0.0
47.474,0.0
47.475,0.0
47.476,0.0
47.477,0.0
47.478,0.0
47.479,0.0
47.48,0.0
47.481,0.0
47.482,0.0
47.483,0.0
47.484,0.0
47.485,0.0
47.486,0.0
47.487,0.0
47.488,0.0
47.489,0.0
47.49,0.0
47.491,0.0
47.492,0.0
47.493,0.0
47.494,0.0
47.495,0.0
47.496,0.0
47.497,0.0
47.498,0.0
47.499,0.0
47.5,0.0
47.501,0.0
47.502,0.0
47.503,0.0
47.504,0.0
47.505,0.0
47.506,0.0
47.507,0.0
47.508,0.0
47.509,0.0
47.51,0.0
47.511,0.0
47.512,0.0
47.513,0.0
47.514,0.0
47.515,0.0
47.516,0.0
47.517,0.0
47.518,0.0
47.519,0.0
47.52,0.0
47.521,0.0
47.522,0.0
47.523,0.0
47.524,0.0
47.525,0.0
47.526,0.0
47.527,0.0
47.528,0.0
47.529,0.0
47.53,0.0
47.531,0.0
47.532,0.0
47.533,0.0
47.534,0.0
47.535,0.0
47.536,0.0
47.537,0.0
47.538,0.0
47.539,0.0
47.54,0.0
47.541,0.0
47.542,0.0
47.543,0.0
47.544,0.0
47.545,0.0
47.546,0.0
47.547,0.0
47.548,0.0
47.549,0.0
47.55,0.0
47.551,0.0
47.552,0.0
47.553,0.0
47.554,0.0
47.555,0.0
47.556,0.0
47.557,0.0
47.558,0.0
47.559,0.0
47.56,0.0
47.561,0.0
47.562,0.0
47.563,0.0
47.564,0.0
47.565,0.0
47.566,0.0
47.567,0.0
47.568,0.0
47.569,0.0
47.57,0.0
47.571,0.0
47.572,0.0
47.573,0.0
47.574,0.0
47.575,0.0
47.576,0.0
47.577,0.0
47.578,0.0
47.579,0.0
47.58,0.0
47.581,0.0
47.582,0.0
47.583,0.0
47.584,0.0
47.585,0.0
47.586,0.0
47.587,0.0
47.588,0.0
47.589,0.0
47.59,0.0
47.591,0.0
47.592,0.0
47.593,0.0
47.594,0.0
47.595,0.0
47.596,0.0
47.597,0.0
47.598,0.0
47.599,0.0
47.6,0.0
47.601,0.0
47.602,0.0
47.603,0.0
47.604,0.0
47.605,0.0
47.606,0.0
47.607,0.0
47.608,0.0
47.609,0.0
47.61,0.0
47.611,0.0
47.612,0.0
47.613,0.0
47.614,0.0
47.615,0.0
47.616,0.0
47.617,0.0
47.618,0.0
47.619,0.0
47.62,0.0
47.621,0.0
47.622,0.0
47.623,0.0
47.624,0.0
47.625,0.0
47.626,0.0
47.627,0.0
47.628,0.0
47.629,0.0
47.63,0.0
47.631,0.0
47.632,0.0
47.633,0.0
47.634,0.0
47.635,0.0
47.636,0.0
47.637,0.0
47.638,0.0
47.639,0.0
47.64,0.0
47.641,0.0
47.642,0.0
47.643,0.0
47.644,0.0
47.645,0.0
47.646,0.0
47.647,0.0
47.648,0.0
47.649,0.0
47.65,0.0
47.651,0.0
47.652,0.0
47.653,0.0
47.654,0.0
47.655,0.0
47.656,0.0
47.657,0.0
47.658,0.0
47.659,0.0
47.66,0.0
47.661,0.0
47.662,0.0
47.663,0.0
47.664,0.0
47.665,0.0
47.666,0.0
47.667,0.0
47.668,0.0
47.669,0.0
47.67,0.0
47.671,0.0
47.672,0.0
47.673,0.0
47.674,0.0
47.675,0.0
47.676,0.0
47.677,0.0
47.678,0.0
47.679,0.0
47.68,0.0
47.681,0.0
47.682,0.0
47.683,0.0
47.684,0.0
47.685,0.0
47.686,0.0
47.687,0.0
47.688,0.0
47.689,0.0
47.69,0.0
47.691,0.0
47.692,0.0
47.693,0.0
47.694,0.0
47.695,0.0
47.696,0.0
47.697,0.0
47.698,0.0
47.699,0.0
47.7,0.0
47.701,0.0
47.702,0.0
47.703,0.0
47.704,0.0
47.705,0.0
47.706,0.0
47.707,0.0
47.708,0.0
47.709,0.0
47.71,0.0
47.711,0.0
47.712,0.0
47.713,0.0
47.714,0.0
47.715,0.0
47.716,0.0
47.717,0.0
47.718,0.0
47.719,0.0
47.72,0.0
47.721,0.0
47.722,0.0
47.723,0.0
47.724,0.0
47.725,0.0
47.726,0.0
47.727,0.0
47.728,0.0
47.729,0.0
47.73,0.0
47.731,0.0
47.732,0.0
47.733,0.0
47.734,0.0
47.735,0.0
47.736,0.0
47.737,0.0
47.738,0.0
47.739,0.0
47.74,0.0
47.741,0.0
47.742,0.0
47.743,0.0
47.744,0.0
47.745,0.0
47.746,0.0
47.747,0.0
47.748,0.0
47.749,0.0
47.75,0.0
47.751,0.0
47.752,0.0
47.753,0.0
47.754,0.0
47.755,0.0
47.756,0.0
47.757,0.0
47.758,0.0
47.759,0.0
47.76,0.0
47.761,0.0
47.762,0.0
47.763,0.0
47.764,0.0
47.765,0.0
47.766,0.0
47.767,0.0
47.768,0.0
47.769,0.0
47.77,0.0
47.771,0.0
47.772,0.0
47.773,0.0
47.774,0.0
47.775,0.0
47.776,0.0
47.777,0.0
47.778,0.0
47.779,0.0
47.78,0.0
47.781,0.0
47.782,0.0
47.783,0.0
47.784,0.0
47.785,0.0
47.786,0.0
47.787,0.0
47.788,0.0
47.789,0.0
47.79,0.0
47.791,0.0
47.792,0.0
47.793,0.0
47.794,0.0
47.795,0.0
47.796,0.0
47.797,0.0
47.798,0.0
47.799,0.0
47.8,0.0
47.801,0.0
47.802,0.0
47.803,0.0
47.804,0.0
47.805,0.0
47.806,0.0
47.807,0.0
47.808,0.0
47.809,0.0
47.81,0.0
47.811,0.0
47.812,0.0
47.813,0.0
47.814,0.0
47.815,0.0
47.816,0.0
47.817,0.0
47.818,0.0
47.819,0.0
47.82,0.0
47.821,0.0
47.822,0.0
47.823,0.0
47.824,0.0
47.825,0.0
47.826,0.0
47.827,0.0
47.828,0.0
47.829,0.0
47.83,0.0
47.831,0.0
47.832,0.0
47.833,0.0
47.834,0.0
47.835,0.0
47.836,0.0
47.837,0.0
47.838,0.0
47.839,0.0
47.84,0.0
47.841,0.0
47.842,0.0
47.843,0.0
47.844,0.0
47.845,0.0
47.846,0.0
47.847,0.0
47.848,0.0
47.849,0.0
47.85,0.0
47.851,0.0
47.852,0.0
47.853,0.0
47.854,0.0
47.855,0.0
47.856,0.0
47.857,0.0
47.858,0.0
47.859,0.0
47.86,0.0
47.861,0.0
47.862,0.0
47.863,0.0
47.864,0.0
47.865,0.0
47.866,0.0
47.867,0.0
47.868,0.0
47.869,0.0
47.87,0.0
47.871,0.0
47.872,0.0
47.873,0.0
47.874,0.0
47.875,0.0
47.876,0.0
47.877,0.0
47.878,0.0
47.879,0.0
47.88,0.0
47.881,0.0
47.882,0.0
47.883,0.0
47.884,0.0
47.885,0.0
47.886,0.0
47.887,0.0
47.888,0.0
47.889,0.0
47.89,0.0
47.891,0.0
47.892,0.0
47.893,0.0
47.894,0.0
47.895,0.0
47.896,0.0
47.897,0.0
47.898,0.0
47.899,0.0
47.9,0.0
47.901,0.0
47.902,0.0
47.903,0.0
47.904,0.0
47.905,0.0
47.906,0.0
47.907,0.0
47.908,0.0
47.909,0.0
47.91,0.0
47.911,0.0
47.912,0.0
47.913,0.0
47.914,0.0
47.915,0.0
47.916,0.0
47.917,0.0
47.918,0.0
47.919,0.0
47.92,0.0
47.921,0.0
47.922,0.0
47.923,0.0
47.924,0.0
47.925,0.0
47.926,0.0
47.927,0.0
47.928,0.0
47.929,0.0
47.93,0.0
47.931,0.0
47.932,0.0
47.933,0.0
47.934,0.0
47.935,0.0
47.936,0.0
47.937,0.0
47.938,0.0
47.939,0.0
47.94,0.0
47.941,0.0
47.942,0.0
47.943,0.0
47.944,0.0
47.945,0.0
47.946,0.0
47.947,0.0
47.948,0.0
47.949,0.0
47.95,0.0
47.951,0.0
47.952,0.0
47.953,0.0
47.954,0.0
47.955,0.0
47.956,0.0
47.957,0.0
47.958,0.0
47.959,0.0
47.96,0.0
47.961,0.0
47.962,0.0
47.963,0.0
47.964,0.0
47.965,0.0
47.966,0.0
47.967,0.0
47.968,0.0
47.969,0.0
47.97,0.0
47.971,0.0
47.972,0.0
47.973,0.0
47.974,0.0
47.975,0.0
47.976,0.0
47.977,0.0
47.978,0.0
47.979,0.0
47.98,0.0
47.981,0.0
47.982,0.0
47.983,0.0
47.984,0.0
47.985,0.0
47.986,0.0
47.987,0.0
47.988,0.0
47.989,0.0
47.99,0.0
47.991,0.0
47.992,0.0
47.993,0.0
47.994,0.0
47.995,0.0
47.996,0.0
47.997,0.0
47.998,0.0
47.999,0.0
48.0,0.0
48.001,0.0
48.002,0.0
48.003,0.0
48.004,0.0
48.005,0.0
48.006,0.0
48.007,0.0
48.008,0.0
48.009,0.0
48.01,0.0
48.011,0.0
48.012,0.0
48.013,0.0
48.014,0.0
48.015,0.0
48.016,0.0
48.017,0.0
48.018,0.0
48.019,0.0
48.02,0.0
48.021,0.0
48.022,0.0
48.023,0.0
48.024,0.0
48.025,0.0
48.026,0.0
48.027,0.0
48.028,0.0
48.029,0.0
48.03,0.0
48.031,0.0
48.032,0.0
48.033,0.0
48.034,0.0
48.035,0.0
48.036,0.0
48.037,0.0
48.038,0.0
48.039,0.0
48.04,0.0
48.041,0.0
48.042,0.0
48.043,0.0
48.044,0.0
48.045,0.0
48.046,0.0
48.047,0.0
48.048,0.0
48.049,0.0
48.05,0.0
48.051,0.0
48.052,0.0
48.053,0.0
48.054,0.0
48.055,0.0
48.056,0.0
48.057,0.0
48.058,0.0
48.059,0.0
48.06,0.0
48.061,0.0
48.062,0.0
48.063,0.0
48.064,0.0
48.065,0.0
48.066,0.0
48.067,0.0
48.068,0.0
48.069,0.0
48.07,0.0
48.071,0.0
48.072,0.0
48.073,0.0
48.074,0.0
48.075,0.0
48.076,0.0
48.077,0.0
48.078,0.0
48.079,0.0
48.08,0.0
48.081,0.0
48.082,0.0
48.083,0.0
48.084,0.0
48.085,0.0
48.086,0.0
48.087,0.0
48.088,0.0
48.089,0.0
48.09,0.0
48.091,0.0
48.092,0.0
48.093,0.0
48.094,0.0
48.095,0.0
48.096,0.0
48.097,0.0
48.098,0.0
48.099,0.0
48.1,0.0
48.101,0.0
48.102,0.0
48.103,0.0
48.104,0.0
48.105,0.0
48.106,0.0
48.107,0.0
48.108,0.0
48.109,0.0
48.11,0.0
48.111,0.0
48.112,0.0
48.113,0.0
48.114,0.0
48.115,0.0
48.116,0.0
48.117,0.0
48.118,0.0
48.119,0.0
48.12,0.0
48.121,0.0
48.122,0.0
48.123,0.0
48.124,0.0
48.125,0.0
48.126,0.0
48.127,0.0
48.128,0.0
48.129,0.0
48.13,0.0
48.131,0.0
48.132,0.0
48.133,0.0
48.134,0.0
48.135,0.0
48.136,0.0
48.137,0.0
48.138,0.0
48.139,0.0
48.14,0.0
48.141,0.0
48.142,0.0
48.143,0.0
48.144,0.0
48.145,0.0
48.146,0.0
48.147,0.0
48.148,0.0
48.149,0.0
48.15,0.0
48.151,0.0
48.152,0.0
48.153,0.0
48.154,0.0
48.155,0.0
48.156,0.0
48.157,0.0
48.158,0.0
48.159,0.0
48.16,0.0
48.161,0.0
48.162,0.0
48.163,0.0
48.164,0.0
48.165,0.0
48.166,0.0
48.167,0.0
48.168,0.0
48.169,0.0
48.17,0.0
48.171,0.0
48.172,0.0
48.173,0.0
48.174,0.0
48.175,0.0
48.176,0.0
48.177,0.0
48.178,0.0
48.179,0.0
48.18,0.0
48.181,0.0
48.182,0.0
48.183,0.0
48.184,0.0
48.185,0.0
48.186,0.0
48.187,0.0
48.188,0.0
48.189,0.0
48.19,0.0
48.191,0.0
48.192,0.0
48.193,0.0
48.194,0.0
48.195,0.0
48.196,0.0
48.197,0.0
48.198,0.0
48.199,0.0
48.2,0.0
48.201,0.0
48.202,0.0
48.203,0.0
48.204,0.0
48.205,0.0
48.206,0.0
48.207,0.0
48.208,0.0
48.209,0.0
48.21,0.0
48.211,0.0
48.212,0.0
48.213,0.0
48.214,0.0
48.215,0.0
48.216,0.0
48.217,0.0
48.218,0.0
48.219,0.0
48.22,0.0
48.221,0.0
48.222,0.0
48.223,0.0
48.224,0.0
48.225,0.0
48.226,0.0
48.227,0.0
48.228,0.0
48.229,0.0
48.23,0.0
48.231,0.0
48.232,0.0
48.233,0.0
48.234,0.0
48.235,0.0
48.236,0.0
48.237,0.0
48.238,0.0
48.239,0.0
48.24,0.0
48.241,0.0
48.242,0.0
48.243,0.0
48.244,0.0
48.245,0.0
48.246,0.0
48.247,0.0
48.248,0.0
48.249,0.0
48.25,0.0
48.251,0.0
48.252,0.0
48.253,0.0
48.254,0.0
48.255,0.0
48.256,0.0
48.257,0.0
48.258,0.0
48.259,0.0
48.26,0.0
48.261,0.0
48.262,0.0
48.263,0.0
48.264,0.0
48.265,0.0
48.266,0.0
48.267,0.0
48.268,0.0
48.269,0.0
48.27,0.0
48.271,0.0
48.272,0.0
48.273,0.0
48.274,0.0
48.275,0.0
48.276,0.0
48.277,0.0
48.278,0.0
48.279,0.0
48.28,0.0
48.281,0.0
48.282,0.0
48.283,0.0
48.284,0.0
48.285,0.0
48.286,0.0
48.287,0.0
48.288,0.0
48.289,0.0
48.29,0.0
48.291,0.0
48.292,0.0
48.293,0.0
48.294,0.0
48.295,0.0
48.296,0.0
48.297,0.0
48.298,0.0
48.299,0.0
48.3,0.0
48.301,0.0
48.302,0.0
48.303,0.0
48.304,0.0
48.305,0.0
48.306,0.0
48.307,0.0
48.308,0.0
48.309,0.0
48.31,0.0
48.311,0.0
48.312,0.0
48.313,0.0
48.314,0.0
48.315,0.0
48.316,0.0
48.317,0.0
48.318,0.0
48.319,0.0
48.32,0.0
48.321,0.0
48.322,0.0
48.323,0.0
48.324,0.0
48.325,0.0
48.326,0.0
48.327,0.0
48.328,0.0
48.329,0.0
48.33,0.0
48.331,0.0
48.332,0.0
48.333,0.0
48.334,0.0
48.335,0.0
48.336,0.0
48.337,0.0
48.338,0.0
48.339,0.0
48.34,0.0
48.341,0.0
48.342,0.0
48.343,0.0
48.344,0.0
48.345,0.0
48.346,0.0
48.347,0.0
48.348,0.0
48.349,0.0
48.35,0.0
48.351,0.0
48.352,0.0
48.353,0.0
48.354,0.0
48.355,0.0
48.356,0.0
48.357,0.0
48.358,0.0
48.359,0.0
48.36,0.0
48.361,0.0
48.362,0.0
48.363,0.0
48.364,0.0
48.365,0.0
48.366,0.0
48.367,0.0
48.368,0.0
48.369,0.0
48.37,0.0
48.371,0.0
48.372,0.0
48.373,0.0
48.374,0.0
48.375,0.0
48.376,0.0
48.377,0.0
48.378,0.0
48.379,0.0
48.38,0.0
48.381,0.0
48.382,0.0
48.383,0.0
48.384,0.0
48.385,0.0
48.386,0.0
48.387,0.0
48.388,0.0
48.389,0.0
48.39,0.0
48.391,0.0
48.392,0.0
48.393,0.0
48.394,0.0
48.395,0.0
48.396,0.0
48.397,0.0
48.398,0.0
48.399,0.0
48.4,0.0
48.401,0.0
48.402,0.0
48.403,0.0
48.404,0.0
48.405,0.0
48.406,0.0
48.407,0.0
48.408,0.0
48.409,0.0
48.41,0.0
48.411,0.0
48.412,0.0
48.413,0.0
48.414,0.0
48.415,0.0
48.416,0.0
48.417,0.0
48.418,0.0
48.419,0.0
48.42,0.0
48.421,0.0
48.422,0.0
48.423,0.0
48.424,0.0
48.425,0.0
48.426,0.0
48.427,0.0
48.428,0.0
48.429,0.0
48.43,0.0
48.431,0.0
48.432,0.0
48.433,0.0
48.434,0.0
48.435,0.0
48.436,0.0
48.437,0.0
48.438,0.0
48.439,0.0
48.44,0.0
48.441,0.0
48.442,0.0
48.443,0.0
48.444,0.0
48.445,0.0
48.446,0.0
48.447,0.0
48.448,0.0
48.449,0.0
48.45,0.0
48.451,0.0
48.452,0.0
48.453,0.0
48.454,0.0
48.455,0.0
48.456,0.0
48.457,0.0
48.458,0.0
48.459,0.0
48.46,0.0
48.461,0.0
48.462,0.0
48.463,0.0
48.464,0.0
48.465,0.0
48.466,0.0
48.467,0.0
48.468,0.0
48.469,0.0
48.47,0.0
48.471,0.0
48.472,0.0
48.473,0.0
48.474,0.0
48.475,0.0
48.476,0.0
48.477,0.0
48.478,0.0
48.479,0.0
48.48,0.0
48.481,0.0
48.482,0.0
48.483,0.0
48.484,0.0
48.485,0.0
48.486,0.0
48.487,0.0
48.488,0.0
48.489,0.0
48.49,0.0
48.491,0.0
48.492,0.0
48.493,0.0
48.494,0.0
48.495,0.0
48.496,0.0
48.497,0.0
48.498,0.0
48.499,0.0
48.5,0.0
48.501,0.0
48.502,0.0
48.503,0.0
48.504,0.0
48.505,0.0
48.506,0.0
48.507,0.0
48.508,0.0
48.509,0.0
48.51,0.0
48.511,0.0
48.512,0.0
48.513,0.0
48.514,0.0
48.515,0.0
48.516,0.0
48.517,0.0
48.518,0.0
48.519,0.0
48.52,0.0
48.521,0.0
48.522,0.0
48.523,0.0
48.524,0.0
48.525,0.0
48.526,0.0
48.527,0.0
48.528,0.0
48.529,0.0
48.53,0.0
48.531,0.0
48.532,0.0
48.533,0.0
48.534,0.0
48.535,0.0
48.536,0.0
48.537,0.0
48.538,0.0
48.539,0.0
48.54,0.0
48.541,0.0
48.542,0.0
48.543,0.0
48.544,0.0
48.545,0.0
48.546,0.0
48.547,0.0
48.548,0.0
48.549,0.0
48.55,0.0
48.551,0.0
48.552,0.0
48.553,0.0
48.554,0.0
48.555,0.0
48.556,0.0
48.557,0.0
48.558,0.0
48.559,0.0
48.56,0.0
48.561,0.0
48.562,0.0
48.563,0.0
48.564,0.0
48.565,0.0
48.566,0.0
48.567,0.0
48.568,0.0
48.569,0.0
48.57,0.0
48.571,0.0
48.572,0.0
48.573,0.0
48.574,0.0
48.575,0.0
48.576,0.0
48.577,0.0
48.578,0.0
48.579,0.0
48.58,0.0
48.581,0.0
48.582,0.0
48.583,0.0
48.584,0.0
48.585,0.0
48.586,0.0
48.587,0.0
48.588,0.0
48.589,0.0
48.59,0.0
48.591,0.0
48.592,0.0
48.593,0.0
48.594,0.0
48.595,0.0
48.596,0.0
48.597,0.0
48.598,0.0
48.599,0.0
48.6,0.0
48.601,0.0
48.602,0.0
48.603,0.0
48.604,0.0
48.605,0.0
48.606,0.0
48.607,0.0
48.608,0.0
48.609,0.0
48.61,0.0
48.611,0.0
48.612,0.0
48.613,0.0
48.614,0.0
48.615,0.0
48.616,0.0
48.617,0.0
48.618,0.0
48.619,0.0
48.62,0.0
48.621,0.0
48.622,0.0
48.623,0.0
48.624,0.0
48.625,0.0
48.626,0.0
48.627,0.0
48.628,0.0
48.629,0.0
48.63,0.0
48.631,0.0
48.632,0.0
48.633,0.0
48.634,0.0
48.635,0.0
48.636,0.0
48.637,0.0
48.638,0.0
48.639,0.0
48.64,0.0
48.641,0.0
48.642,0.0
48.643,0.0
48.644,0.0
48.645,0.0
48.646,0.0
48.647,0.0
48.648,0.0
48.649,0.0
48.65,0.0
48.651,0.0
48.652,0.0
48.653,0.0
48.654,0.0
48.655,0.0
48.656,0.0
48.657,0.0
48.658,0.0
48.659,0.0
48.66,0.0
48.661,0.0
48.662,0.0
48.663,0.0
48.664,0.0
48.665,0.0
48.666,0.0
48.667,0.0
48.668,0.0
48.669,0.0
48.67,0.0
48.671,0.0
48.672,0.0
48.673,0.0
48.674,0.0
48.675,0.0
48.676,0.0
48.677,0.0
48.678,0.0
48.679,0.0
48.68,0.0
48.681,0.0
48.682,0.0
48.683,0.0
48.684,0.0
48.685,0.0
48.686,0.0
48.687,0.0
48.688,0.0
48.689,0.0
48.69,0.0
48.691,0.0
48.692,0.0
48.693,0.0
48.694,0.0
48.695,0.0
48.696,0.0
48.697,0.0
48.698,0.0
48.699,0.0
48.7,0.0
48.701,0.0
48.702,0.0
48.703,0.0
48.704,0.0
48.705,0.0
48.706,0.0
48.707,0.0
48.708,0.0
48.709,0.0
48.71,0.0
48.711,0.0
48.712,0.0
48.713,0.0
48.714,0.0
48.715,0.0
48.716,0.0
48.717,0.0
48.718,0.0
48.719,0.0
48.72,0.0
48.721,0.0
48.722,0.0
48.723,0.0
48.724,0.0
48.725,0.0
48.726,0.0
48.727,0.0
48.728,0.0
48.729,0.0
48.73,0.0
48.731,0.0
48.732,0.0
48.733,0.0
48.734,0.0
48.735,0.0
48.736,0.0
48.737,0.0
48.738,0.0
48.739,0.0
48.74,0.0
48.741,0.0
48.742,0.0
48.743,0.0
48.744,0.0
48.745,0.0
48.746,0.0
48.747,0.0
48.748,0.0
48.749,0.0
48.75,0.0
48.751,0.0
48.752,0.0
48.753,0.0
48.754,0.0
48.755,0.0
48.756,0.0
48.757,0.0
48.758,0.0
48.759,0.0
48.76,0.0
48.761,0.0
48.762,0.0
48.763,0.0
48.764,0.0
48.765,0.0
48.766,0.0
48.767,0.0
48.768,0.0
48.769,0.0
48.77,0.0
48.771,0.0
48.772,0.0
48.773,0.0
48.774,0.0
48.775,0.0
48.776,0.0
48.777,0.0
48.778,0.0
48.779,0.0
48.78,0.0
48.781,0.0
48.782,0.0
48.783,0.0
48.784,0.0
48.785,0.0
48.786,0.0
48.787,0.0
48.788,0.0
48.789,0.0
48.79,0.0
48.791,0.0
48.792,0.0
48.793,0.0
48.794,0.0
48.795,0.0
48.796,0.0
48.797,0.0
48.798,0.0
48.799,0.0
48.8,0.0
48.801,0.0
48.802,0.0
48.803,0.0
48.804,0.0
48.805,0.0
48.806,0.0
48.807,0.0
48.808,0.0
48.809,0.0
48.81,0.0
48.811,0.0
48.812,0.0
48.813,0.0
48.814,0.0
48.815,0.0
48.816,0.0
48.817,0.0
48.818,0.0
48.819,0.0
48.82,0.0
48.821,0.0
48.822,0.0
48.823,0.0
48.824,0.0
48.825,0.0
48.826,0.0
48.827,0.0
48.828,0.0
48.829,0.0
48.83,0.0
48.831,0.0
48.832,0.0
48.833,0.0
48.834,0.0
48.835,0.0
48.836,0.0
48.837,0.0
48.838,0.0
48.839,0.0
48.84,0.0
48.841,0.0
48.842,0.0
48.843,0.0
48.844,0.0
48.845,0.0
48.846,0.0
48.847,0.0
48.848,0.0
48.849,0.0
48.85,0.0
48.851,0.0
48.852,0.0
48.853,0.0
48.854,0.0
48.855,0.0
48.856,0.0
48.857,0.0
48.858,0.0
48.859,0.0
48.86,0.0
48.861,0.0
48.862,0.0
48.863,0.0
48.864,0.0
48.865,0.0
48.866,0.0
48.867,0.0
48.868,0.0
48.869,0.0
48.87,0.0
48.871,0.0
48.872,0.0
48.873,0.0
48.874,0.0
48.875,0.0
48.876,0.0
48.877,0.0
48.878,0.0
48.879,0.0
48.88,0.0
48.881,0.0
48.882,0.0
48.883,0.0
48.884,0.0
48.885,0.0
48.886,0.0
48.887,0.0
48.888,0.0
48.889,0.0
48.89,0.0
48.891,0.0
48.892,0.0
48.893,0.0
48.894,0.0
48.895,0.0
48.896,0.0
48.897,0.0
48.898,0.0
48.899,0.0
48.9,0.0
48.901,0.0
48.902,0.0
48.903,0.0
48.904,0.0
48.905,0.0
48.906,0.0
48.907,0.0
48.908,0.0
48.909,0.0
48.91,0.0
48.911,0.0
48.912,0.0
48.913,0.0
48.914,0.0
48.915,0.0
48.916,0.0
48.917,0.0
48.918,0.0
48.919,0.0
48.92,0.0
48.921,0.0
48.922,0.0
48.923,0.0
48.924,0.0
48.925,0.0
48.926,0.0
48.927,0.0
48.928,0.0
48.929,0.0
48.93,0.0
48.931,0.0
48.932,0.0
48.933,0.0
48.934,0.0
48.935,0.0
48.936,0.0
48.937,0.0
48.938,0.0
48.939,0.0
48.94,0.0
48.941,0.0
48.942,0.0
48.943,0.0
48.944,0.0
48.945,0.0
48.946,0.0
48.947,0.0
48.948,0.0
48.949,0.0
48.95,0.0
48.951,0.0
48.952,0.0
48.953,0.0
48.954,0.0
48.955,0.0
48.956,0.0
48.957,0.0
48.958,0.0
48.959,0.0
48.96,0.0
48.961,0.0
48.962,0.0
48.963,0.0
48.964,0.0
48.965,0.0
48.966,0.0
48.967,0.0
48.968,0.0
48.969,0.0
48.97,0.0
48.971,0.0
48.972,0.0
48.973,0.0
48.974,0.0
48.975,0.0
48.976,0.0
48.977,0.0
48.978,0.0
48.979,0.0
48.98,0.0
48.981,0.0
48.982,0.0
48.983,0.0
48.984,0.0
48.985,0.0
48.986,0.0
48.987,0.0
48.988,0.0
48.989,0.0
48.99,0.0
48.991,0.0
48.992,0.0
48.993,0.0
48.994,0.0
48.995,0.0
48.996,0.0
48.997,0.0
48.998,0.0
48.999,0.0
49.0,0.0
49.001,0.0
49.002,0.0
49.003,0.0
49.004,0.0
49.005,0.0
49.006,0.0
49.007,0.0
49.008,0.0
49.009,0.0
49.01,0.0
49.011,0.0
49.012,0.0
49.013,0.0
49.014,0.0
49.015,0.0
49.016,0.0
49.017,0.0
49.018,0.0
49.019,0.0
49.02,0.0
49.021,0.0
49.022,0.0
49.023,0.0
49.024,0.0
49.025,0.0
49.026,0.0
49.027,0.0
49.028,0.0
49.029,0.0
49.03,0.0
49.031,0.0
49.032,0.0
49.033,0.0
49.034,0.0
49.035,0.0
49.036,0.0
49.037,0.0
49.038,0.0
49.039,0.0
49.04,0.0
49.041,0.0
49.042,0.0
49.043,0.0
49.044,0.0
49.045,0.0
49.046,0.0
49.047,0.0
49.048,0.0
49.049,0.0
49.05,0.0
49.051,0.0
49.052,0.0
49.053,0.0
49.054,0.0
49.055,0.0
49.056,0.0
49.057,0.0
49.058,0.0
49.059,0.0
49.06,0.0
49.061,0.0
49.062,0.0
49.063,0.0
49.064,0.0
49.065,0.0
49.066,0.0
49.067,0.0
49.068,0.0
49.069,0.0
49.07,0.0
49.071,0.0
49.072,0.0
49.073,0.0
49.074,0.0
49.075,0.0
49.076,0.0
49.077,0.0
49.078,0.0
49.079,0.0
49.08,0.0
49.081,0.0
49.082,0.0
49.083,0.0
49.084,0.0
49.085,0.0
49.086,0.0
49.087,0.0
49.088,0.0
49.089,0.0
49.09,0.0
49.091,0.0
49.092,0.0
49.093,0.0
49.094,0.0
49.095,0.0
49.096,0.0
49.097,0.0
49.098,0.0
49.099,0.0
49.1,0.0
49.101,0.0
49.102,0.0
49.103,0.0
49.104,0.0
49.105,0.0
49.106,0.0
49.107,0.0
49.108,0.0
49.109,0.0
49.11,0.0
49.111,0.0
49.112,0.0
49.113,0.0
49.114,0.0
49.115,0.0
49.116,0.0
49.117,0.0
49.118,0.0
49.119,0.0
49.12,0.0
49.121,0.0
49.122,0.0
49.123,0.0
49.124,0.0
49.125,0.0
49.126,0.0
49.127,0.0
49.128,0.0
49.129,0.0
49.13,0.0
49.131,0.0
49.132,0.0
49.133,0.0
49.134,0.0
49.135,0.0
49.136,0.0
49.137,0.0
49.138,0.0
49.139,0.0
49.14,0.0
49.141,0.0
49.142,0.0
49.143,0.0
49.144,0.0
49.145,0.0
49.146,0.0
49.147,0.0
49.148,0.0
49.149,0.0
49.15,0.0
49.151,0.0
49.152,0.0
49.153,0.0
49.154,0.0
49.155,0.0
49.156,0.0
49.157,0.0
49.158,0.0
49.159,0.0
49.16,0.0
49.161,0.0
49.162,0.0
49.163,0.0
49.164,0.0
49.165,0.0
49.166,0.0
49.167,0.0
49.168,0.0
49.169,0.0
49.17,0.0
49.171,0.0
49.172,0.0
49.173,0.0
49.174,0.0
49.175,0.0
49.176,0.0
49.177,0.0
49.178,0.0
49.179,0.0
49.18,0.0
49.181,0.0
49.182,0.0
49.183,0.0
49.184,0.0
49.185,0.0
49.186,0.0
49.187,0.0
49.188,0.0
49.189,0.0
49.19,0.0
49.191,0.0
49.192,0.0
49.193,0.0
49.194,0.0
49.195,0.0
49.196,0.0
49.197,0.0
49.198,0.0
49.199,0.0
49.2,0.0
49.201,0.0
49.202,0.0
49.203,0.0
49.204,0.0
49.205,0.0
49.206,0.0
49.207,0.0
49.208,0.0
49.209,0.0
49.21,0.0
49.211,0.0
49.212,0.0
49.213,0.0
49.214,0.0
49.215,0.0
49.216,0.0
49.217,0.0
49.218,0.0
49.219,0.0
49.22,0.0
49.221,0.0
49.222,0.0
49.223,0.0
49.224,0.0
49.225,0.0
49.226,0.0
49.227,0.0
49.228,0.0
49.229,0.0
49.23,0.0
49.231,0.0
49.232,0.0
49.233,0.0
49.234,0.0
49.235,0.0
49.236,0.0
49.237,0.0
49.238,0.0
49.239,0.0
49.24,0.0
49.241,0.0
49.242,0.0
49.243,0.0
49.244,0.0
49.245,0.0
49.246,0.0
49.247,0.0
49.248,0.0
49.249,0.0
49.25,0.0
49.251,0.0
49.252,0.0
49.253,0.0
49.254,0.0
49.255,0.0
49.256,0.0
49.257,0.0
49.258,0.0
49.259,0.0
49.26,0.0
49.261,0.0
49.262,0.0
49.263,0.0
49.264,0.0
49.265,0.0
49.266,0.0
49.267,0.0
49.268,0.0
49.269,0.0
49.27,0.0
49.271,0.0
49.272,0.0
49.273,0.0
49.274,0.0
49.275,0.0
49.276,0.0
49.277,0.0
49.278,0.0
49.279,0.0
49.28,0.0
49.281,0.0
49.282,0.0
49.283,0.0
49.284,0.0
49.285,0.0
49.286,0.0
49.287,0.0
49.288,0.0
49.289,0.0
49.29,0.0
49.291,0.0
49.292,0.0
49.293,0.0
49.294,0.0
49.295,0.0
49.296,0.0
49.297,0.0
49.298,0.0
49.299,0.0
49.3,0.0
49.301,0.0
49.302,0.0
49.303,0.0
49.304,0.0
49.305,0.0
49.306,0.0
49.307,0.0
49.308,0.0
49.309,0.0
49.31,0.0
49.311,0.0
49.312,0.0
49.313,0.0
49.314,0.0
49.315,0.0
49.316,0.0
49.317,0.0
49.318,0.0
49.319,0.0
49.32,0.0
49.321,0.0
49.322,0.0
49.323,0.0
49.324,0.0
49.325,0.0
49.326,0.0
49.327,0.0
49.328,0.0
49.329,0.0
49.33,0.0
49.331,0.0
49.332,0.0
49.333,0.0
49.334,0.0
49.335,0.0
49.336,0.0
49.337,0.0
49.338,0.0
49.339,0.0
49.34,0.0
49.341,0.0
49.342,0.0
49.343,0.0
49.344,0.0
49.345,0.0
49.346,0.0
49.347,0.0
49.348,0.0
49.349,0.0
49.35,0.0
49.351,0.0
49.352,0.0
49.353,0.0
49.354,0.0
49.355,0.0
49.356,0.0
49.357,0.0
49.358,0.0
49.359,0.0
49.36,0.0
49.361,0.0
49.362,0.0
49.363,0.0
49.364,0.0
49.365,0.0
49.366,0.0
49.367,0.0
49.368,0.0
49.369,0.0
49.37,0.0
49.371,0.0
49.372,0.0
49.373,0.0
49.374,0.0
49.375,0.0
49.376,0.0
49.377,0.0
49.378,0.0
49.379,0.0
49.38,0.0
49.381,0.0
49.382,0.0
49.383,0.0
49.384,0.0
49.385,0.0
49.386,0.0
49.387,0.0
49.388,0.0
49.389,0.0
49.39,0.0
49.391,0.0
49.392,0.0
49.393,0.0
49.394,0.0
49.395,0.0
49.396,0.0
49.397,0.0
49.398,0.0
49.399,0.0
49.4,0.0
49.401,0.0
49.402,0.0
49.403,0.0
49.404,0.0
49.405,0.0
49.406,0.0
49.407,0.0
49.408,0.0
49.409,0.0
49.41,0.0
49.411,0.0
49.412,0.0
49.413,0.0
49.414,0.0
49.415,0.0
49.416,0.0
49.417,0.0
49.418,0.0
49.419,0.0
49.42,0.0
49.421,0.0
49.422,0.0
49.423,0.0
49.424,0.0
49.425,0.0
49.426,0.0
49.427,0.0
49.428,0.0
49.429,0.0
49.43,0.0
49.431,0.0
49.432,0.0
49.433,0.0
49.434,0.0
49.435,0.0
49.436,0.0
49.437,0.0
49.438,0.0
49.439,0.0
49.44,0.0
49.441,0.0
49.442,0.0
49.443,0.0
49.444,0.0
49.445,0.0
49.446,0.0
49.447,0.0
49.448,0.0
49.449,0.0
49.45,0.0
49.451,0.0
49.452,0.0
49.453,0.0
49.454,0.0
49.455,0.0
49.456,0.0
49.457,0.0
49.458,0.0
49.459,0.0
49.46,0.0
49.461,0.0
49.462,0.0
49.463,0.0
49.464,0.0
49.465,0.0
49.466,0.0
49.467,0.0
49.468,0.0
49.469,0.0
49.47,0.0
49.471,0.0
49.472,0.0
49.473,0.0
49.474,0.0
49.475,0.0
49.476,0.0
49.477,0.0
49.478,0.0
49.479,0.0
49.48,0.0
49.481,0.0
49.482,0.0
49.483,0.0
49.484,0.0
49.485,0.0
49.486,0.0
49.487,0.0
49.488,0.0
49.489,0.0
49.49,0.0
49.491,0.0
49.492,0.0
49.493,0.0
49.494,0.0
49.495,0.0
49.496,0.0
49.497,0.0
49.498,0.0
49.499,0.0
49.5,0.0
49.501,0.0
49.502,0.0
49.503,0.0
49.504,0.0
49.505,0.0
49.506,0.0
49.507,0.0
49.508,0.0
49.509,0.0
49.51,0.0
49.511,0.0
49.512,0.0
49.513,0.0
49.514,0.0
49.515,0.0
49.516,0.0
49.517,0.0
49.518,0.0
49.519,0.0
49.52,0.0
49.521,0.0
49.522,0.0
49.523,0.0
49.524,0.0
49.525,0.0
49.526,0.0
49.527,0.0
49.528,0.0
49.529,0.0
49.53,0.0
49.531,0.0
49.532,0.0
49.533,0.0
49.534,0.0
49.535,0.0
49.536,0.0
49.537,0.0
49.538,0.0
49.539,0.0
49.54,0.0
49.541,0.0
49.542,0.0
49.543,0.0
49.544,0.0
49.545,0.0
49.546,0.0
49.547,0.0
49.548,0.0
49.549,0.0
49.55,0.0
49.551,0.0
49.552,0.0
49.553,0.0
49.554,0.0
49.555,0.0
49.556,0.0
49.557,0.0
49.558,0.0
49.559,0.0
49.56,0.0
49.561,0.0
49.562,0.0
49.563,0.0
49.564,0.0
49.565,0.0
49.566,0.0
49.567,0.0
49.568,0.0
49.569,0.0
49.57,0.0
49.571,0.0
49.572,0.0
49.573,0.0
49.574,0.0
49.575,0.0
49.576,0.0
49.577,0.0
49.578,0.0
49.579,0.0
49.58,0.0
49.581,0.0
49.582,0.0
49.583,0.0
49.584,0.0
49.585,0.0
49.586,0.0
49.587,0.0
49.588,0.0
49.589,0.0
49.59,0.0
49.591,0.0
49.592,0.0
49.593,0.0
49.594,0.0
49.595,0.0
49.596,0.0
49.597,0.0
49.598,0.0
49.599,0.0
49.6,0.0
49.601,0.0
49.602,0.0
49.603,0.0
49.604,0.0
49.605,0.0
49.606,0.0
49.607,0.0
49.608,0.0
49.609,0.0
49.61,0.0
49.611,0.0
49.612,0.0
49.613,0.0
49.614,0.0
49.615,0.0
49.616,0.0
49.617,0.0
49.618,0.0
49.619,0.0
49.62,0.0
49.621,0.0
49.622,0.0
49.623,0.0
49.624,0.0
49.625,0.0
49.626,0.0
49.627,0.0
49.628,0.0
49.629,0.0
49.63,0.0
49.631,0.0
49.632,0.0
49.633,0.0
49.634,0.0
49.635,0.0
49.636,0.0
49.637,0.0
49.638,0.0
49.639,0.0
49.64,0.0
49.641,0.0
49.642,0.0
49.643,0.0
49.644,0.0
49.645,0.0
49.646,0.0
49.647,0.0
49.648,0.0
49.649,0.0
49.65,0.0
49.651,0.0
49.652,0.0
49.653,0.0
49.654,0.0
49.655,0.0
49.656,0.0
49.657,0.0
49.658,0.0
49.659,0.0
49.66,0.0
49.661,0.0
49.662,0.0
49.663,0.0
49.664,0.0
49.665,0.0
49.666,0.0
49.667,0.0
49.668,0.0
49.669,0.0
49.67,0.0
49.671,0.0
49.672,0.0
49.673,0.0
49.674,0.0
49.675,0.0
49.676,0.0
49.677,0.0
49.678,0.0
49.679,0.0
49.68,0.0
49.681,0.0
49.682,0.0
49.683,0.0
49.684,0.0
49.685,0.0
49.686,0.0
49.687,0.0
49.688,0.0
49.689,0.0
49.69,0.0
49.691,0.0
49.692,0.0
49.693,0.0
49.694,0.0
49.695,0.0
49.696,0.0
49.697,0.0
49.698,0.0
49.699,0.0
49.7,0.0
49.701,0.0
49.702,0.0
49.703,0.0
49.704,0.0
49.705,0.0
49.706,0.0
49.707,0.0
49.708,0.0
49.709,0.0
49.71,0.0
49.711,0.0
49.712,0.0
49.713,0.0
49.714,0.0
49.715,0.0
49.716,0.0
49.717,0.0
49.718,0.0
49.719,0.0
49.72,0.0
49.721,0.0
49.722,0.0
49.723,0.0
49.724,0.0
49.725,0.0
49.726,0.0
49.727,0.0
49.728,0.0
49.729,0.0
49.73,0.0
49.731,0.0
49.732,0.0
49.733,0.0
49.734,0.0
49.735,0.0
49.736,0.0
49.737,0.0
49.738,0.0
49.739,0.0
49.74,0.0
49.741,0.0
49.742,0.0
49.743,0.0
49.744,0.0
49.745,0.0
49.746,0.0
49.747,0.0
49.748,0.0
49.749,0.0
49.75,0.0
49.751,0.0
49.752,0.0
49.753,0.0
49.754,0.0
49.755,0.0
49.756,0.0
49.757,0.0
49.758,0.0
49.759,0.0
49.76,0.0
49.761,0.0
49.762,0.0
49.763,0.0
49.764,0.0
49.765,0.0
49.766,0.0
49.767,0.0
49.768,0.0
49.769,0.0
49.77,0.0
49.771,0.0
49.772,0.0
49.773,0.0
49.774,0.0
49.775,0.0
49.776,0.0
49.777,0.0
49.778,0.0
49.779,0.0
49.78,0.0
49.781,0.0
49.782,0.0
49.783,0.0
49.784,0.0
49.785,0.0
49.786,0.0
49.787,0.0
49.788,0.0
49.789,0.0
49.79,0.0
49.791,0.0
49.792,0.0
49.793,0.0
49.794,0.0
49.795,0.0
49.796,0.0
49.797,0.0
49.798,0.0
49.799,0.0
49.8,0.0
49.801,0.0
49.802,0.0
49.803,0.0
49.804,0.0
49.805,0.0
49.806,0.0
49.807,0.0
49.808,0.0
49.809,0.0
49.81,0.0
49.811,0.0
49.812,0.0
49.813,0.0
49.814,0.0
49.815,0.0
49.816,0.0
49.817,0.0
49.818,0.0
49.819,0.0
49.82,0.0
49.821,0.0
49.822,0.0
49.823,0.0
49.824,0.0
49.825,0.0
49.826,0.0
49.827,0.0
49.828,0.0
49.829,0.0
49.83,0.0
49.831,0.0
49.832,0.0
49.833,0.0
49.834,0.0
49.835,0.0
49.836,0.0
49.837,0.0
49.838,0.0
49.839,0.0
49.84,0.0
49.841,0.0
49.842,0.0
49.843,0.0
49.844,0.0
49.845,0.0
49.846,0.0
49.847,0.0
49.848,0.0
49.849,0.0
49.85,0.0
49.851,0.0
49.852,0.0
49.853,0.0
49.854,0.0
49.855,0.0
49.856,0.0
49.857,0.0
49.858,0.0
49.859,0.0
49.86,0.0
49.861,0.0
49.862,0.0
49.863,0.0
49.864,0.0
49.865,0.0
49.866,0.0
49.867,0.0
49.868,0.0
49.869,0.0
49.87,0.0
49.871,0.0
49.872,0.0
49.873,0.0
49.874,0.0
49.875,0.0
49.876,0.0
49.877,0.0
49.878,0.0
49.879,0.0
49.88,0.0
49.881,0.0
49.882,0.0
49.883,0.0
49.884,0.0
49.885,0.0
49.886,0.0
49.887,0.0
49.888,0.0
49.889,0.0
49.89,0.0
49.891,0.0
49.892,0.0
49.893,0.0
49.894,0.0
49.895,0.0
49.896,0.0
49.897,0.0
49.898,0.0
49.899,0.0
49.9,0.0
49.901,0.0
49.902,0.0
49.903,0.0
49.904,0.0
49.905,0.0
49.906,0.0
49.907,0.0
49.908,0.0
49.909,0.0
49.91,0.0
49.911,0.0
49.912,0.0
49.913,0.0
49.914,0.0
49.915,0.0
49.916,0.0
49.917,0.0
49.918,0.0
49.919,0.0
49.92,0.0
49.921,0.0
49.922,0.0
49.923,0.0
49.924,0.0
49.925,0.0
49.926,0.0
49.927,0.0
49.928,0.0
49.929,0.0
49.93,0.0
49.931,0.0
49.932,0.0
49.933,0.0
49.934,0.0
49.935,0.0
49.936,0.0
49.937,0.0
49.938,0.0
49.939,0.0
49.94,0.0
49.941,0.0
49.942,0.0
49.943,0.0
49.944,0.0
49.945,0.0
49.946,0.0
49.947,0.0
49.948,0.0
49.949,0.0
49.95,0.0
49.951,0.0
49.952,0.0
49.953,0.0
49.954,0.0
49.955,0.0
49.956,0.0
49.957,0.0
49.958,0.0
49.959,0.0
49.96,0.0
49.961,0.0
49.962,0.0
49.963,0.0
49.964,0.0
49.965,0.0
49.966,0.0
49.967,0.0
49.968,0.0
49.969,0.0
49.97,0.0
49.971,0.0
49.972,0.0
49.973,0.0
49.974,0.0
49.975,0.0
49.976,0.0
49.977,0.0
49.978,0.0
49.979,0.0
49.98,0.0
49.981,0.0
49.982,0.0
49.983,0.0
49.984,0.0
49.985,0.0
49.986,0.0
49.987,0.0
49.988,0.0
49.989,0.0
49.99,0.0
49.991,0.0
49.992,0.0
49.993,0.0
49.994,0.0
49.995,0.0
49.996,0.0
49.997,0.0
49.998,0.0
49.999,0.0
50.0,0.0
50.001,0.0
50.002,0.0
50.003,0.0
50.004,0.0
50.005,0.0
50.006,0.0
50.007,0.0
50.008,0.0
50.009,0.0
50.01,0.0
50.011,0.0
50.012,0.0
50.013,0.0
50.014,0.0
50.015,0.0
50.016,0.0
50.017,0.0
50.018,0.0
50.019,0.0
50.02,0.0
50.021,0.0
50.022,0.0
50.023,0.0
50.024,0.0
50.025,0.0
50.026,0.0
50.027,0.0
50.028,0.0
50.029,0.0
50.03,0.0
50.031,0.0
50.032,0.0
50.033,0.0
50.034,0.0
50.035,0.0
50.036,0.0
50.037,0.0
50.038,0.0
50.039,0.0
50.04,0.0
50.041,0.0
50.042,0.0
50.043,0.0
50.044,0.0
50.045,0.0
50.046,0.0
50.047,0.0
50.048,0.0
50.049,0.0
50.05,0.0
50.051,0.0
50.052,0.0
50.053,0.0
50.054,0.0
50.055,0.0
50.056,0.0
50.057,0.0
50.058,0.0
50.059,0.0
50.06,0.0
50.061,0.0
50.062,0.0
50.063,0.0
50.064,0.0
50.065,0.0
50.066,0.0
50.067,0.0
50.068,0.0
50.069,0.0
50.07,0.0
50.071,0.0
50.072,0.0
50.073,0.0
50.074,0.0
50.075,0.0
50.076,0.0
50.077,0.0
50.078,0.0
50.079,0.0
50.08,0.0
50.081,0.0
50.082,0.0
50.083,0.0
50.084,0.0
50.085,0.0
50.086,0.0
50.087,0.0
50.088,0.0
50.089,0.0
50.09,0.0
50.091,0.0
50.092,0.0
50.093,0.0
50.094,0.0
50.095,0.0
50.096,0.0
50.097,0.0
50.098,0.0
50.099,0.0
50.1,0.0
50.101,0.0
50.102,0.0
50.103,0.0
50.104,0.0
50.105,0.0
50.106,0.0
50.107,0.0
50.108,0.0
50.109,0.0
50.11,0.0
50.111,0.0
50.112,0.0
50.113,0.0
50.114,0.0
50.115,0.0
50.116,0.0
50.117,0.0
50.118,0.0
50.119,0.0
50.12,0.0
50.121,0.0
50.122,0.0
50.123,0.0
50.124,0.0
50.125,0.0
50.126,0.0
50.127,0.0
50.128,0.0
50.129,0.0
50.13,0.0
50.131,0.0
50.132,0.0
50.133,0.0
50.134,0.0
50.135,0.0
50.136,0.0
50.137,0.0
50.138,0.0
50.139,0.0
50.14,0.0
50.141,0.0
50.142,0.0
50.143,0.0
50.144,0.0
50.145,0.0
50.146,0.0
50.147,0.0
50.148,0.0
50.149,0.0
50.15,0.0
50.151,0.0
50.152,0.0
50.153,0.0
50.154,0.0
50.155,0.0
50.156,0.0
50.157,0.0
50.158,0.0
50.159,0.0
50.16,0.0
50.161,0.0
50.162,0.0
50.163,0.0
50.164,0.0
50.165,0.0
50.166,0.0
50.167,0.0
50.168,0.0
50.169,0.0
50.17,0.0
50.171,0.0
50.172,0.0
50.173,0.0
50.174,0.0
50.175,0.0
50.176,0.0
50.177,0.0
50.178,0.0
50.179,0.0
50.18,0.0
50.181,0.0
50.182,0.0
50.183,0.0
50.184,0.0
50.185,0.0
50.186,0.0
50.187,0.0
50.188,0.0
50.189,0.0
50.19,0.0
50.191,0.0
50.192,0.0
50.193,0.0
50.194,0.0
50.195,0.0
50.196,0.0
50.197,0.0
50.198,0.0
50.199,0.0
50.2,0.0
50.201,0.0
50.202,0.0
50.203,0.0
50.204,0.0
50.205,0.0
50.206,0.0
50.207,0.0
50.208,0.0
50.209,0.0
50.21,0.0
50.211,0.0
50.212,0.0
50.213,0.0
50.214,0.0
50.215,0.0
50.216,0.0
50.217,0.0
50.218,0.0
50.219,0.0
50.22,0.0
50.221,0.0
50.222,0.0
50.223,0.0
50.224,0.0
50.225,0.0
50.226,0.0
50.227,0.0
50.228,0.0
50.229,0.0
50.23,0.0
50.231,0.0
50.232,0.0
50.233,0.0
50.234,0.0
50.235,0.0
50.236,0.0
50.237,0.0
50.238,0.0
50.239,0.0
50.24,0.0
50.241,0.0
50.242,0.0
50.243,0.0
50.244,0.0
50.245,0.0
50.246,0.0
50.247,0.0
50.248,0.0
50.249,0.0
50.25,0.0
50.251,0.0
50.252,0.0
50.253,0.0
50.254,0.0
50.255,0.0
50.256,0.0
50.257,0.0
50.258,0.0
50.259,0.0
50.26,0.0
50.261,0.0
50.262,0.0
50.263,0.0
50.264,0.0
50.265,0.0
50.266,0.0
50.267,0.0
50.268,0.0
50.269,0.0
50.27,0.0
50.271,0.0
50.272,0.0
50.273,0.0
50.274,0.0
50.275,0.0
50.276,0.0
50.277,0.0
50.278,0.0
50.279,0.0
50.28,0.0
50.281,0.0
50.282,0.0
50.283,0.0
50.284,0.0
50.285,0.0
50.286,0.0
50.287,0.0
50.288,0.0
50.289,0.0
50.29,0.0
50.291,0.0
50.292,0.0
50.293,0.0
50.294,0.0
50.295,0.0
50.296,0.0
50.297,0.0
50.298,0.0
50.299,0.0
50.3,0.0
50.301,0.0
50.302,0.0
50.303,0.0
50.304,0.0
50.305,0.0
50.306,0.0
50.307,0.0
50.308,0.0
50.309,0.0
50.31,0.0
50.311,0.0
50.312,0.0
50.313,0.0
50.314,0.0
50.315,0.0
50.316,0.0
50.317,0.0
50.318,0.0
50.319,0.0
50.32,0.0
50.321,0.0
50.322,0.0
50.323,0.0
50.324,0.0
50.325,0.0
50.326,0.0
50.327,0.0
50.328,0.0
50.329,0.0
50.33,0.0
50.331,0.0
50.332,0.0
50.333,0.0
50.334,0.0
50.335,0.0
50.336,0.0
50.337,0.0
50.338,0.0
50.339,0.0
50.34,0.0
50.341,0.0
50.342,0.0
50.343,0.0
50.344,0.0
50.345,0.0
50.346,0.0
50.347,0.0
50.348,0.0
50.349,0.0
50.35,0.0
50.351,0.0
50.352,0.0
50.353,0.0
50.354,0.0
50.355,0.0
50.356,0.0
50.357,0.0
50.358,0.0
50.359,0.0
50.36,0.0
50.361,0.0
50.362,0.0
50.363,0.0
50.364,0.0
50.365,0.0
50.366,0.0
50.367,0.0
50.368,0.0
50.369,0.0
50.37,0.0
50.371,0.0
50.372,0.0
50.373,0.0
50.374,0.0
50.375,0.0
50.376,0.0
50.377,0.0
50.378,0.0
50.379,0.0
50.38,0.0
50.381,0.0
50.382,0.0
50.383,0.0
50.384,0.0
50.385,0.0
50.386,0.0
50.387,0.0
50.388,0.0
50.389,0.0
50.39,0.0
50.391,0.0
50.392,0.0
50.393,0.0
50.394,0.0
50.395,0.0
50.396,0.0
50.397,0.0
50.398,0.0
50.399,0.0
50.4,0.0
50.401,0.0
50.402,0.0
50.403,0.0
50.404,0.0
50.405,0.0
50.406,0.0
50.407,0.0
50.408,0.0
50.409,0.0
50.41,0.0
50.411,0.0
50.412,0.0
50.413,0.0
50.414,0.0
50.415,0.0
50.416,0.0
50.417,0.0
50.418,0.0
50.419,0.0
50.42,0.0
50.421,0.0
50.422,0.0
50.423,0.0
50.424,0.0
50.425,0.0
50.426,0.0
50.427,0.0
50.428,0.0
50.429,0.0
50.43,0.0
50.431,0.0
50.432,0.0
50.433,0.0
50.434,0.0
50.435,0.0
50.436,0.0
50.437,0.0
50.438,0.0
50.439,0.0
50.44,0.0
50.441,0.0
50.442,0.0
50.443,0.0
50.444,0.0
50.445,0.0
50.446,0.0
50.447,0.0
50.448,0.0
50.449,0.0
50.45,0.0
50.451,0.0
50.452,0.0
50.453,0.0
50.454,0.0
50.455,0.0
50.456,0.0
50.457,0.0
50.458,0.0
50.459,0.0
50.46,0.0
50.461,0.0
50.462,0.0
50.463,0.0
50.464,0.0
50.465,0.0
50.466,0.0
50.467,0.0
50.468,0.0
50.469,0.0
50.47,0.0
50.471,0.0
50.472,0.0
50.473,0.0
50.474,0.0
50.475,0.0
50.476,0.0
50.477,0.0
50.478,0.0
50.479,0.0
50.48,0.0
50.481,0.0
50.482,0.0
50.483,0.0
50.484,0.0
50.485,0.0
50.486,0.0
50.487,0.0
50.488,0.0
50.489,0.0
50.49,0.0
50.491,0.0
50.492,0.0
50.493,0.0
50.494,0.0
50.495,0.0
50.496,0.0
50.497,0.0
50.498,0.0
50.499,0.0
50.5,0.0
50.501,0.0
50.502,0.0
50.503,0.0
50.504,0.0
50.505,0.0
50.506,0.0
50.507,0.0
50.508,0.0
50.509,0.0
50.51,0.0
50.511,0.0
50.512,0.0
50.513,0.0
50.514,0.0
50.515,0.0
50.516,0.0
50.517,0.0
50.518,0.0
50.519,0.0
50.52,0.0
50.521,0.0
50.522,0.0
50.523,0.0
50.524,0.0
50.525,0.0
50.526,0.0
50.527,0.0
50.528,0.0
50.529,0.0
50.53,0.0
50.531,0.0
50.532,0.0
50.533,0.0
50.534,0.0
50.535,0.0
50.536,0.0
50.537,0.0
50.538,0.0
50.539,0.0
50.54,0.0
50.541,0.0
50.542,0.0
50.543,0.0
50.544,0.0
50.545,0.0
50.546,0.0
50.547,0.0
50.548,0.0
50.549,0.0
50.55,0.0
50.551,0.0
50.552,0.0
50.553,0.0
50.554,0.0
50.555,0.0
50.556,0.0
50.557,0.0
50.558,0.0
50.559,0.0
50.56,0.0
50.561,0.0
50.562,0.0
50.563,0.0
50.564,0.0
50.565,0.0
50.566,0.0
50.567,0.0
50.568,0.0
50.569,0.0
50.57,0.0
50.571,0.0
50.572,0.0
50.573,0.0
50.574,0.0
50.575,0.0
50.576,0.0
50.577,0.0
50.578,0.0
50.579,0.0
50.58,0.0
50.581,0.0
50.582,0.0
50.583,0.0
50.584,0.0
50.585,0.0
50.586,0.0
50.587,0.0
50.588,0.0
50.589,0.0
50.59,0.0
50.591,0.0
50.592,0.0
50.593,0.0
50.594,0.0
50.595,0.0
50.596,0.0
50.597,0.0
50.598,0.0
50.599,0.0
50.6,0.0
50.601,0.0
50.602,0.0
50.603,0.0
50.604,0.0
50.605,0.0
50.606,0.0
50.607,0.0
50.608,0.0
50.609,0.0
50.61,0.0
50.611,0.0
50.612,0.0
50.613,0.0
50.614,0.0
50.615,0.0
50.616,0.0
50.617,0.0
50.618,0.0
50.619,0.0
50.62,0.0
50.621,0.0
50.622,0.0
50.623,0.0
50.624,0.0
50.625,0.0
50.626,0.0
50.627,0.0
50.628,0.0
50.629,0.0
50.63,0.0
50.631,0.0
50.632,0.0
50.633,0.0
50.634,0.0
50.635,0.0
50.636,0.0
50.637,0.0
50.638,0.0
50.639,0.0
50.64,0.0
50.641,0.0
50.642,0.0
50.643,0.0
50.644,0.0
50.645,0.0
50.646,0.0
50.647,0.0
50.648,0.0
50.649,0.0
50.65,0.0
50.651,0.0
50.652,0.0
50.653,0.0
50.654,0.0
50.655,0.0
50.656,0.0
50.657,0.0
50.658,0.0
50.659,0.0
50.66,0.0
50.661,0.0
50.662,0.0
50.663,0.0
50.664,0.0
50.665,0.0
50.666,0.0
50.667,0.0
50.668,0.0
50.669,0.0
50.67,0.0
50.671,0.0
50.672,0.0
50.673,0.0
50.674,0.0
50.675,0.0
50.676,0.0
50.677,0.0
50.678,0.0
50.679,0.0
50.68,0.0
50.681,0.0
50.682,0.0
50.683,0.0
50.684,0.0
50.685,0.0
50.686,0.0
50.687,0.0
50.688,0.0
50.689,0.0
50.69,0.0
50.691,0.0
50.692,0.0
50.693,0.0
50.694,0.0
50.695,0.0
50.696,0.0
50.697,0.0
50.698,0.0
50.699,0.0
50.7,0.0
50.701,0.0
50.702,0.0
50.703,0.0
50.704,0.0
50.705,0.0
50.706,0.0
50.707,0.0
50.708,0.0
50.709,0.0
50.71,0.0
50.711,0.0
50.712,0.0
50.713,0.0
50.714,0.0
50.715,0.0
50.716,0.0
50.717,0.0
50.718,0.0
50.719,0.0
50.72,0.0
50.721,0.0
50.722,0.0
50.723,0.0
50.724,0.0
50.725,0.0
50.726,0.0
50.727,0.0
50.728,0.0
50.729,0.0
50.73,0.0
50.731,0.0
50.732,0.0
50.733,0.0
50.734,0.0
50.735,0.0
50.736,0.0
50.737,0.0
50.738,0.0
50.739,0.0
50.74,0.0
50.741,0.0
50.742,0.0
50.743,0.0
50.744,0.0
50.745,0.0
50.746,0.0
50.747,0.0
50.748,0.0
50.749,0.0
50.75,0.0
50.751,0.0
50.752,0.0
50.753,0.0
50.754,0.0
50.755,0.0
50.756,0.0
50.757,0.0
50.758,0.0
50.759,0.0
50.76,0.0
50.761,0.0
50.762,0.0
50.763,0.0
50.764,0.0
50.765,0.0
50.766,0.0
50.767,0.0
50.768,0.0
50.769,0.0
50.77,0.0
50.771,0.0
50.772,0.0
50.773,0.0
50.774,0.0
50.775,0.0
50.776,0.0
50.777,0.0
50.778,0.0
50.779,0.0
50.78,0.0
50.781,0.0
50.782,0.0
50.783,0.0
50.784,0.0
50.785,0.0
50.786,0.0
50.787,0.0
50.788,0.0
50.789,0.0
50.79,0.0
50.791,0.0
50.792,0.0
50.793,0.0
50.794,0.0
50.795,0.0
50.796,0.0
50.797,0.0
50.798,0.0
50.799,0.0
50.8,0.0
50.801,0.0
50.802,0.0
50.803,0.0
50.804,0.0
50.805,0.0
50.806,0.0
50.807,0.0
50.808,0.0
50.809,0.0
50.81,0.0
50.811,0.0
50.812,0.0
50.813,0.0
50.814,0.0
50.815,0.0
50.816,0.0
50.817,0.0
50.818,0.0
50.819,0.0
50.82,0.0
50.821,0.0
50.822,0.0
50.823,0.0
50.824,0.0
50.825,0.0
50.826,0.0
50.827,0.0
50.828,0.0
50.829,0.0
50.83,0.0
50.831,0.0
50.832,0.0
50.833,0.0
50.834,0.0
50.835,0.0
50.836,0.0
50.837,0.0
50.838,0.0
50.839,0.0
50.84,0.0
50.841,0.0
50.842,0.0
50.843,0.0
50.844,0.0
50.845,0.0
50.846,0.0
50.847,0.0
50.848,0.0
50.849,0.0
50.85,0.0
50.851,0.0
50.852,0.0
50.853,0.0
50.854,0.0
50.855,0.0
50.856,0.0
50.857,0.0
50.858,0.0
50.859,0.0
50.86,0.0
50.861,0.0
50.862,0.0
50.863,0.0
50.864,0.0
50.865,0.0
50.866,0.0
50.867,0.0
50.868,0.0
50.869,0.0
50.87,0.0
50.871,0.0
50.872,0.0
50.873,0.0
50.874,0.0
50.875,0.0
50.876,0.0
50.877,0.0
50.878,0.0
50.879,0.0
50.88,0.0
50.881,0.0
50.882,0.0
50.883,0.0
50.884,0.0
50.885,0.0
50.886,0.0
50.887,0.0
50.888,0.0
50.889,0.0
50.89,0.0
50.891,0.0
50.892,0.0
50.893,0.0
50.894,0.0
50.895,0.0
50.896,0.0
50.897,0.0
50.898,0.0
50.899,0.0
50.9,0.0
50.901,0.0
50.902,0.0
50.903,0.0
50.904,0.0
50.905,0.0
50.906,0.0
50.907,0.0
50.908,0.0
50.909,0.0
50.91,0.0
50.911,0.0
50.912,0.0
50.913,0.0
50.914,0.0
50.915,0.0
50.916,0.0
50.917,0.0
50.918,0.0
50.919,0.0
50.92,0.0
50.921,0.0
50.922,0.0
50.923,0.0
50.924,0.0
50.925,0.0
50.926,0.0
50.927,0.0
50.928,0.0
50.929,0.0
50.93,0.0
50.931,0.0
50.932,0.0
50.933,0.0
50.934,0.0
50.935,0.0
50.936,0.0
50.937,0.0
50.938,0.0
50.939,0.0
50.94,0.0
50.941,0.0
50.942,0.0
50.943,0.0
50.944,0.0
50.945,0.0
50.946,0.0
50.947,0.0
50.948,0.0
50.949,0.0
50.95,0.0
50.951,0.0
50.952,0.0
50.953,0.0
50.954,0.0
50.955,0.0
50.956,0.0
50.957,0.0
50.958,0.0
50.959,0.0
50.96,0.0
50.961,0.0
50.962,0.0
50.963,0.0
50.964,0.0
50.965,0.0
50.966,0.0
50.967,0.0
50.968,0.0
50.969,0.0
50.97,0.0
50.971,0.0
50.972,0.0
50.973,0.0
50.974,0.0
50.975,0.0
50.976,0.0
50.977,0.0
50.978,0.0
50.979,0.0
50.98,0.0
50.981,0.0
50.982,0.0
50.983,0.0
50.984,0.0
50.985,0.0
50.986,0.0
50.987,0.0
50.988,0.0
50.989,0.0
50.99,0.0
50.991,0.0
50.992,0.0
50.993,0.0
50.994,0.0
50.995,0.0
50.996,0.0
50.997,0.0
50.998,0.0
50.999,0.0
51.0,0.0
51.001,0.0
51.002,0.0
51.003,0.0
51.004,0.0
51.005,0.0
51.006,0.0
51.007,0.0
51.008,0.0
51.009,0.0
51.01,0.0
51.011,0.0
51.012,0.0
51.013,0.0
51.014,0.0
51.015,0.0
51.016,0.0
51.017,0.0
51.018,0.0
51.019,0.0
51.02,0.0
51.021,0.0
51.022,0.0
51.023,0.0
51.024,0.0
51.025,0.0
51.026,0.0
51.027,0.0
51.028,0.0
51.029,0.0
51.03,0.0
51.031,0.0
51.032,0.0
51.033,0.0
51.034,0.0
51.035,0.0
51.036,0.0
51.037,0.0
51.038,0.0
51.039,0.0
51.04,0.0
51.041,0.0
51.042,0.0
51.043,0.0
51.044,0.0
51.045,0.0
51.046,0.0
51.047,0.0
51.048,0.0
51.049,0.0
51.05,0.0
51.051,0.0
51.052,0.0
51.053,0.0
51.054,0.0
51.055,0.0
51.056,0.0
51.057,0.0
51.058,0.0
51.059,0.0
51.06,0.0
51.061,0.0
51.062,0.0
51.063,0.0
51.064,0.0
51.065,0.0
51.066,0.0
51.067,0.0
51.068,0.0
51.069,0.0
51.07,0.0
51.071,0.0
51.072,0.0
51.073,0.0
51.074,0.0
51.075,0.0
51.076,0.0
51.077,0.0
51.078,0.0
51.079,0.0
51.08,0.0
51.081,0.0
51.082,0.0
51.083,0.0
51.084,0.0
51.085,0.0
51.086,0.0
51.087,0.0
51.088,0.0
51.089,0.0
51.09,0.0
51.091,0.0
51.092,0.0
51.093,0.0
51.094,0.0
51.095,0.0
51.096,0.0
51.097,0.0
51.098,0.0
51.099,0.0
51.1,0.0
51.101,0.0
51.102,0.0
51.103,0.0
51.104,0.0
51.105,0.0
51.106,0.0
51.107,0.0
51.108,0.0
51.109,0.0
51.11,0.0
51.111,0.0
51.112,0.0
51.113,0.0
51.114,0.0
51.115,0.0
51.116,0.0
51.117,0.0
51.118,0.0
51.119,0.0
51.12,0.0
51.121,0.0
51.122,0.0
51.123,0.0
51.124,0.0
51.125,0.0
51.126,0.0
51.127,0.0
51.128,0.0
51.129,0.0
51.13,0.0
51.131,0.0
51.132,0.0
51.133,0.0
51.134,0.0
51.135,0.0
51.136,0.0
51.137,0.0
51.138,0.0
51.139,0.0
51.14,0.0
51.141,0.0
51.142,0.0
51.143,0.0
51.144,0.0
51.145,0.0
51.146,0.0
51.147,0.0
51.148,0.0
51.149,0.0
51.15,0.0
51.151,0.0
51.152,0.0
51.153,0.0
51.154,0.0
51.155,0.0
51.156,0.0
51.157,0.0
51.158,0.0
51.159,0.0
51.16,0.0
51.161,0.0
51.162,0.0
51.163,0.0
51.164,0.0
51.165,0.0
51.166,0.0
51.167,0.0
51.168,0.0
51.169,0.0
51.17,0.0
51.171,0.0
51.172,0.0
51.173,0.0
51.174,0.0
51.175,0.0
51.176,0.0
51.177,0.0
51.178,0.0
51.179,0.0
51.18,0.0
51.181,0.0
51.182,0.0
51.183,0.0
51.184,0.0
51.185,0.0
51.186,0.0
51.187,0.0
51.188,0.0
51.189,0.0
51.19,0.0
51.191,0.0
51.192,0.0
51.193,0.0
51.194,0.0
51.195,0.0
51.196,0.0
51.197,0.0
51.198,0.0
51.199,0.0
51.2,0.0
51.201,0.0
51.202,0.0
51.203,0.0
51.204,0.0
51.205,0.0
51.206,0.0
51.207,0.0
51.208,0.0
51.209,0.0
51.21,0.0
51.211,0.0
51.212,0.0
51.213,0.0
51.214,0.0
51.215,0.0
51.216,0.0
51.217,0.0
51.218,0.0
51.219,0.0
51.22,0.0
51.221,0.0
51.222,0.0
51.223,0.0
51.224,0.0
51.225,0.0
51.226,0.0
51.227,0.0
51.228,0.0
51.229,0.0
51.23,0.0
51.231,0.0
51.232,0.0
51.233,0.0
51.234,0.0
51.235,0.0
51.236,0.0
51.237,0.0
51.238,0.0
51.239,0.0
51.24,0.0
51.241,0.0
51.242,0.0
51.243,0.0
51.244,0.0
51.245,0.0
51.246,0.0
51.247,0.0
51.248,0.0
51.249,0.0
51.25,0.0
51.251,0.0
51.252,0.0
51.253,0.0
51.254,0.0
51.255,0.0
51.256,0.0
51.257,0.0
51.258,0.0
51.259,0.0
51.26,0.0
51.261,0.0
51.262,0.0
51.263,0.0
51.264,0.0
51.265,0.0
51.266,0.0
51.267,0.0
51.268,0.0
51.269,0.0
51.27,0.0
51.271,0.0
51.272,0.0
51.273,0.0
51.274,0.0
51.275,0.0
51.276,0.0
51.277,0.0
51.278,0.0
51.279,0.0
51.28,0.0
51.281,0.0
51.282,0.0
51.283,0.0
51.284,0.0
51.285,0.0
51.286,0.0
51.287,0.0
51.288,0.0
51.289,0.0
51.29,0.0
51.291,0.0
51.292,0.0
51.293,0.0
51.294,0.0
51.295,0.0
51.296,0.0
51.297,0.0
51.298,0.0
51.299,0.0
51.3,0.0
51.301,0.0
51.302,0.0
51.303,0.0
51.304,0.0
51.305,0.0
51.306,0.0
51.307,0.0
51.308,0.0
51.309,0.0
51.31,0.0
51.311,0.0
51.312,0.0
51.313,0.0
51.314,0.0
51.315,0.0
51.316,0.0
51.317,0.0
51.318,0.0
51.319,0.0
51.32,0.0
51.321,0.0
51.322,0.0
51.323,0.0
51.324,0.0
51.325,0.0
51.326,0.0
51.327,0.0
51.328,0.0
51.329,0.0
51.33,0.0
51.331,0.0
51.332,0.0
51.333,0.0
51.334,0.0
51.335,0.0
51.336,0.0
51.337,0.0
51.338,0.0
51.339,0.0
51.34,0.0
51.341,0.0
51.342,0.0
51.343,0.0
51.344,0.0
51.345,0.0
51.346,0.0
51.347,0.0
51.348,0.0
51.349,0.0
51.35,0.0
51.351,0.0
51.352,0.0
51.353,0.0
51.354,0.0
51.355,0.0
51.356,0.0
51.357,0.0
51.358,0.0
51.359,0.0
51.36,0.0
51.361,0.0
51.362,0.0
51.363,0.0
51.364,0.0
51.365,0.0
51.366,0.0
51.367,0.0
51.368,0.0
51.369,0.0
51.37,0.0
51.371,0.0
51.372,0.0
51.373,0.0
51.374,0.0
51.375,0.0
51.376,0.0
51.377,0.0
51.378,0.0
51.379,0.0
51.38,0.0
51.381,0.0
51.382,0.0
51.383,0.0
51.384,0.0
51.385,0.0
51.386,0.0
51.387,0.0
51.388,0.0
51.389,0.0
51.39,0.0
51.391,0.0
51.392,0.0
51.393,0.0
51.394,0.0
51.395,0.0
51.396,0.0
51.397,0.0
51.398,0.0
51.399,0.0
51.4,0.0
51.401,0.0
51.402,0.0
51.403,0.0
51.404,0.0
51.405,0.0
51.406,0.0
51.407,0.0
51.408,0.0
51.409,0.0
51.41,0.0
51.411,0.0
51.412,0.0
51.413,0.0
51.414,0.0
51.415,0.0
51.416,0.0
51.417,0.0
51.418,0.0
51.419,0.0
51.42,0.0
51.421,0.0
51.422,0.0
51.423,0.0
51.424,0.0
51.425,0.0
51.426,0.0
51.427,0.0
51.428,0.0
51.429,0.0
51.43,0.0
51.431,0.0
51.432,0.0
51.433,0.0
51.434,0.0
51.435,0.0
51.436,0.0
51.437,0.0
51.438,0.0
51.439,0.0
51.44,0.0
51.441,0.0
51.442,0.0
51.443,0.0
51.444,0.0
51.445,0.0
51.446,0.0
51.447,0.0
51.448,0.0
51.449,0.0
51.45,0.0
51.451,0.0
51.452,0.0
51.453,0.0
51.454,0.0
51.455,0.0
51.456,0.0
51.457,0.0
51.458,0.0
51.459,0.0
51.46,0.0
51.461,0.0
51.462,0.0
51.463,0.0
51.464,0.0
51.465,0.0
51.466,0.0
51.467,0.0
51.468,0.0
51.469,0.0
51.47,0.0
51.471,0.0
51.472,0.0
51.473,0.0
51.474,0.0
51.475,0.0
51.476,0.0
51.477,0.0
51.478,0.0
51.479,0.0
51.48,0.0
51.481,0.0
51.482,0.0
51.483,0.0
51.484,0.0
51.485,0.0
51.486,0.0
51.487,0.0
51.488,0.0
51.489,0.0
51.49,0.0
51.491,0.0
51.492,0.0
51.493,0.0
51.494,0.0
51.495,0.0
51.496,0.0
51.497,0.0
51.498,0.0
51.499,0.0
51.5,0.0
51.501,0.0
51.502,0.0
51.503,0.0
51.504,0.0
51.505,0.0
51.506,0.0
51.507,0.0
51.508,0.0
51.509,0.0
51.51,0.0
51.511,0.0
51.512,0.0
51.513,0.0
51.514,0.0
51.515,0.0
51.516,0.0
51.517,0.0
51.518,0.0
51.519,0.0
51.52,0.0
51.521,0.0
51.522,0.0
51.523,0.0
51.524,0.0
51.525,0.0
51.526,0.0
51.527,0.0
51.528,0.0
51.529,0.0
51.53,0.0
51.531,0.0
51.532,0.0
51.533,0.0
51.534,0.0
51.535,0.0
51.536,0.0
51.537,0.0
51.538,0.0
51.539,0.0
51.54,0.0
51.541,0.0
51.542,0.0
51.543,0.0
51.544,0.0
51.545,0.0
51.546,0.0
51.547,0.0
51.548,0.0
51.549,0.0
51.55,0.0
51.551,0.0
51.552,0.0
51.553,0.0
51.554,0.0
51.555,0.0
51.556,0.0
51.557,0.0
51.558,0.0
51.559,0.0
51.56,0.0
51.561,0.0
51.562,0.0
51.563,0.0
51.564,0.0
51.565,0.0
51.566,0.0
51.567,0.0
51.568,0.0
51.569,0.0
51.57,0.0
51.571,0.0
51.572,0.0
51.573,0.0
51.574,0.0
51.575,0.0
51.576,0.0
51.577,0.0
51.578,0.0
51.579,0.0
51.58,0.0
51.581,0.0
51.582,0.0
51.583,0.0
51.584,0.0
51.585,0.0
51.586,0.0
51.587,0.0
51.588,0.0
51.589,0.0
51.59,0.0
51.591,0.0
51.592,0.0
51.593,0.0
51.594,0.0
51.595,0.0
51.596,0.0
51.597,0.0
51.598,0.0
51.599,0.0
51.6,0.0
51.601,0.0
51.602,0.0
51.603,0.0
51.604,0.0
51.605,0.0
51.606,0.0
51.607,0.0
51.608,0.0
51.609,0.0
51.61,0.0
51.611,0.0
51.612,0.0
51.613,0.0
51.614,0.0
51.615,0.0
51.616,0.0
51.617,0.0
51.618,0.0
51.619,0.0
51.62,0.0
51.621,0.0
51.622,0.0
51.623,0.0
51.624,0.0
51.625,0.0
51.626,0.0
51.627,0.0
51.628,0.0
51.629,0.0
51.63,0.0
51.631,0.0
51.632,0.0
51.633,0.0
51.634,0.0
51.635,0.0
51.636,0.0
51.637,0.0
51.638,0.0
51.639,0.0
51.64,0.0
51.641,0.0
51.642,0.0
51.643,0.0
51.644,0.0
51.645,0.0
51.646,0.0
51.647,0.0
51.648,0.0
51.649,0.0
51.65,0.0
51.651,0.0
51.652,0.0
51.653,0.0
51.654,0.0
51.655,0.0
51.656,0.0
51.657,0.0
51.658,0.0
51.659,0.0
51.66,0.0
51.661,0.0
51.662,0.0
51.663,0.0
51.664,0.0
51.665,0.0
51.666,0.0
51.667,0.0
51.668,0.0
51.669,0.0
51.67,0.0
51.671,0.0
51.672,0.0
51.673,0.0
51.674,0.0
51.675,0.0
51.676,0.0
51.677,0.0
51.678,0.0
51.679,0.0
51.68,0.0
51.681,0.0
51.682,0.0
51.683,0.0
51.684,0.0
51.685,0.0
51.686,0.0
51.687,0.0
51.688,0.0
51.689,0.0
51.69,0.0
51.691,0.0
51.692,0.0
51.693,0.0
51.694,0.0
51.695,0.0
51.696,0.0
51.697,0.0
51.698,0.0
51.699,0.0
51.7,0.0
51.701,0.0
51.702,0.0
51.703,0.0
51.704,0.0
51.705,0.0
51.706,0.0
51.707,0.0
51.708,0.0
51.709,0.0
51.71,0.0
51.711,0.0
51.712,0.0
51.713,0.0
51.714,0.0
51.715,0.0
51.716,0.0
51.717,0.0
51.718,0.0
51.719,0.0
51.72,0.0
51.721,0.0
51.722,0.0
51.723,0.0
51.724,0.0
51.725,0.0
51.726,0.0
51.727,0.0
51.728,0.0
51.729,0.0
51.73,0.0
51.731,0.0
51.732,0.0
51.733,0.0
51.734,0.0
51.735,0.0
51.736,0.0
51.737,0.0
51.738,0.0
51.739,0.0
51.74,0.0
51.741,0.0
51.742,0.0
51.743,0.0
51.744,0.0
51.745,0.0
51.746,0.0
51.747,0.0
51.748,0.0
51.749,0.0
51.75,0.0
51.751,0.0
51.752,0.0
51.753,0.0
51.754,0.0
51.755,0.0
51.756,0.0
51.757,0.0
51.758,0.0
51.759,0.0
51.76,0.0
51.761,0.0
51.762,0.0
51.763,0.0
51.764,0.0
51.765,0.0
51.766,0.0
51.767,0.0
51.768,0.0
51.769,0.0
51.77,0.0
51.771,0.0
51.772,0.0
51.773,0.0
51.774,0.0
51.775,0.0
51.776,0.0
51.777,0.0
51.778,0.0
51.779,0.0
51.78,0.0
51.781,0.0
51.782,0.0
51.783,0.0
51.784,0.0
51.785,0.0
51.786,0.0
51.787,0.0
51.788,0.0
51.789,0.0
51.79,0.0
51.791,0.0
51.792,0.0
51.793,0.0
51.794,0.0
51.795,0.0
51.796,0.0
51.797,0.0
51.798,0.0
51.799,0.0
51.8,0.0
51.801,0.0
51.802,0.0
51.803,0.0
51.804,0.0
51.805,0.0
51.806,0.0
51.807,0.0
51.808,0.0
51.809,0.0
51.81,0.0
51.811,0.0
51.812,0.0
51.813,0.0
51.814,0.0
51.815,0.0
51.816,0.0
51.817,0.0
51.818,0.0
51.819,0.0
51.82,0.0
51.821,0.0
51.822,0.0
51.823,0.0
51.824,0.0
51.825,0.0
51.826,0.0
51.827,0.0
51.828,0.0
51.829,0.0
51.83,0.0
51.831,0.0
51.832,0.0
51.833,0.0
51.834,0.0
51.835,0.0
51.836,0.0
51.837,0.0
51.838,0.0
51.839,0.0
51.84,0.0
51.841,0.0
51.842,0.0
51.843,0.0
51.844,0.0
51.845,0.0
51.846,0.0
51.847,0.0
51.848,0.0
51.849,0.0
51.85,0.0
51.851,0.0
51.852,0.0
51.853,0.0
51.854,0.0
51.855,0.0
51.856,0.0
51.857,0.0
51.858,0.0
51.859,0.0
51.86,0.0
51.861,0.0
51.862,0.0
51.863,0.0
51.864,0.0
51.865,0.0
51.866,0.0
51.867,0.0
51.868,0.0
51.869,0.0
51.87,0.0
51.871,0.0
51.872,0.0
51.873,0.0
51.874,0.0
51.875,0.0
51.876,0.0
51.877,0.0
51.878,0.0
51.879,0.0
51.88,0.0
51.881,0.0
51.882,0.0
51.883,0.0
51.884,0.0
51.885,0.0
51.886,0.0
51.887,0.0
51.888,0.0
51.889,0.0
51.89,0.0
51.891,0.0
51.892,0.0
51.893,0.0
51.894,0.0
51.895,0.0
51.896,0.0
51.897,0.0
51.898,0.0
51.899,0.0
51.9,0.0
51.901,0.0
51.902,0.0
51.903,0.0
51.904,0.0
51.905,0.0
51.906,0.0
51.907,0.0
51.908,0.0
51.909,0.0
51.91,0.0
51.911,0.0
51.912,0.0
51.913,0.0
51.914,0.0
51.915,0.0
51.916,0.0
51.917,0.0
51.918,0.0
51.919,0.0
51.92,0.0
51.921,0.0
51.922,0.0
51.923,0.0
51.924,0.0
51.925,0.0
51.926,0.0
51.927,0.0
51.928,0.0
51.929,0.0
51.93,0.0
51.931,0.0
51.932,0.0
51.933,0.0
51.934,0.0
51.935,0.0
51.936,0.0
51.937,0.0
51.938,0.0
51.939,0.0
51.94,0.0
51.941,0.0
51.942,0.0
51.943,0.0
51.944,0.0
51.945,0.0
51.946,0.0
51.947,0.0
51.948,0.0
51.949,0.0
51.95,0.0
51.951,0.0
51.952,0.0
51.953,0.0
51.954,0.0
51.955,0.0
51.956,0.0
51.957,0.0
51.958,0.0
51.959,0.0
51.96,0.0
51.961,0.0
51.962,0.0
51.963,0.0
51.964,0.0
51.965,0.0
51.966,0.0
51.967,0.0
51.968,0.0
51.969,0.0
51.97,0.0
51.971,0.0
51.972,0.0
51.973,0.0
51.974,0.0
51.975,0.0
51.976,0.0
51.977,0.0
51.978,0.0
51.979,0.0
51.98,0.0
51.981,0.0
51.982,0.0
51.983,0.0
51.984,0.0
51.985,0.0
51.986,0.0
51.987,0.0
51.988,0.0
51.989,0.0
51.99,0.0
51.991,0.0
51.992,0.0
51.993,0.0
51.994,0.0
51.995,0.0
51.996,0.0
51.997,0.0
51.998,0.0
51.999,0.0
52.0,0.0
52.001,0.0
52.002,0.0
52.003,0.0
52.004,0.0
52.005,0.0
52.006,0.0
52.007,0.0
52.008,0.0
52.009,0.0
52.01,0.0
52.011,0.0
52.012,0.0
52.013,0.0
52.014,0.0
52.015,0.0
52.016,0.0
52.017,0.0
52.018,0.0
52.019,0.0
52.02,0.0
52.021,0.0
52.022,0.0
52.023,0.0
52.024,0.0
52.025,0.0
52.026,0.0
52.027,0.0
52.028,0.0
52.029,0.0
52.03,0.0
52.031,0.0
52.032,0.0
52.033,0.0
52.034,0.0
52.035,0.0
52.036,0.0
52.037,0.0
52.038,0.0
52.039,0.0
52.04,0.0
52.041,0.0
52.042,0.0
52.043,0.0
52.044,0.0
52.045,0.0
52.046,0.0
52.047,0.0
52.048,0.0
52.049,0.0
52.05,0.0
52.051,0.0
52.052,0.0
52.053,0.0
52.054,0.0
52.055,0.0
52.056,0.0
52.057,0.0
52.058,0.0
52.059,0.0
52.06,0.0
52.061,0.0
52.062,0.0
52.063,0.0
52.064,0.0
52.065,0.0
52.066,0.0
52.067,0.0
52.068,0.0
52.069,0.0
52.07,0.0
52.071,0.0
52.072,0.0
52.073,0.0
52.074,0.0
52.075,0.0
52.076,0.0
52.077,0.0
52.078,0.0
52.079,0.0
52.08,0.0
52.081,0.0
52.082,0.0
52.083,0.0
52.084,0.0
52.085,0.0
52.086,0.0
52.087,0.0
52.088,0.0
52.089,0.0
52.09,0.0
52.091,0.0
52.092,0.0
52.093,0.0
52.094,0.0
52.095,0.0
52.096,0.0
52.097,0.0
52.098,0.0
52.099,0.0
52.1,0.0
52.101,0.0
52.102,0.0
52.103,0.0
52.104,0.0
52.105,0.0
52.106,0.0
52.107,0.0
52.108,0.0
52.109,0.0
52.11,0.0
52.111,0.0
52.112,0.0
52.113,0.0
52.114,0.0
52.115,0.0
52.116,0.0
52.117,0.0
52.118,0.0
52.119,0.0
52.12,0.0
52.121,0.0
52.122,0.0
52.123,0.0
52.124,0.0
52.125,0.0
52.126,0.0
52.127,0.0
52.128,0.0
52.129,0.0
52.13,0.0
52.131,0.0
52.132,0.0
52.133,0.0
52.134,0.0
52.135,0.0
52.136,0.0
52.137,0.0
52.138,0.0
52.139,0.0
52.14,0.0
52.141,0.0
52.142,0.0
52.143,0.0
52.144,0.0
52.145,0.0
52.146,0.0
52.147,0.0
52.148,0.0
52.149,0.0
52.15,0.0
52.151,0.0
52.152,0.0
52.153,0.0
52.154,0.0
52.155,0.0
52.156,0.0
52.157,0.0
52.158,0.0
52.159,0.0
52.16,0.0
52.161,0.0
52.162,0.0
52.163,0.0
52.164,0.0
52.165,0.0
52.166,0.0
52.167,0.0
52.168,0.0
52.169,0.0
52.17,0.0
52.171,0.0
52.172,0.0
52.173,0.0
52.174,0.0
52.175,0.0
52.176,0.0
52.177,0.0
52.178,0.0
52.179,0.0
52.18,0.0
52.181,0.0
52.182,0.0
52.183,0.0
52.184,0.0
52.185,0.0
52.186,0.0
52.187,0.0
52.188,0.0
52.189,0.0
52.19,0.0
52.191,0.0
52.192,0.0
52.193,0.0
52.194,0.0
52.195,0.0
52.196,0.0
52.197,0.0
52.198,0.0
52.199,0.0
52.2,0.0
52.201,0.0
52.202,0.0
52.203,0.0
52.204,0.0
52.205,0.0
52.206,0.0
52.207,0.0
52.208,0.0
52.209,0.0
52.21,0.0
52.211,0.0
52.212,0.0
52.213,0.0
52.214,0.0
52.215,0.0
52.216,0.0
52.217,0.0
52.218,0.0
52.219,0.0
52.22,0.0
52.221,0.0
52.222,0.0
52.223,0.0
52.224,0.0
52.225,0.0
52.226,0.0
52.227,0.0
52.228,0.0
52.229,0.0
52.23,0.0
52.231,0.0
52.232,0.0
52.233,0.0
52.234,0.0
52.235,0.0
52.236,0.0
52.237,0.0
52.238,0.0
52.239,0.0
52.24,0.0
52.241,0.0
52.242,0.0
52.243,0.0
52.244,0.0
52.245,0.0
52.246,0.0
52.247,0.0
52.248,0.0
52.249,0.0
52.25,0.0
52.251,0.0
52.252,0.0
52.253,0.0
52.254,0.0
52.255,0.0
52.256,0.0
52.257,0.0
52.258,0.0
52.259,0.0
52.26,0.0
52.261,0.0
52.262,0.0
52.263,0.0
52.264,0.0
52.265,0.0
52.266,0.0
52.267,0.0
52.268,0.0
52.269,0.0
52.27,0.0
52.271,0.0
52.272,0.0
52.273,0.0
52.274,0.0
52.275,0.0
52.276,0.0
52.277,0.0
52.278,0.0
52.279,0.0
52.28,0.0
52.281,0.0
52.282,0.0
52.283,0.0
52.284,0.0
52.285,0.0
52.286,0.0
52.287,0.0
52.288,0.0
52.289,0.0
52.29,0.0
52.291,0.0
52.292,0.0
52.293,0.0
52.294,0.0
52.295,0.0
52.296,0.0
52.297,0.0
52.298,0.0
52.299,0.0
52.3,0.0
52.301,0.0
52.302,0.0
52.303,0.0
52.304,0.0
52.305,0.0
52.306,0.0
52.307,0.0
52.308,0.0
52.309,0.0
52.31,0.0
52.311,0.0
52.312,0.0
52.313,0.0
52.314,0.0
52.315,0.0
52.316,0.0
52.317,0.0
52.318,0.0
52.319,0.0
52.32,0.0
52.321,0.0
52.322,0.0
52.323,0.0
52.324,0.0
52.325,0.0
52.326,0.0
52.327,0.0
52.328,0.0
52.329,0.0
52.33,0.0
52.331,0.0
52.332,0.0
52.333,0.0
52.334,0.0
52.335,0.0
52.336,0.0
52.337,0.0
52.338,0.0
52.339,0.0
52.34,0.0
52.341,0.0
52.342,0.0
52.343,0.0
52.344,0.0
52.345,0.0
52.346,0.0
52.347,0.0
52.348,0.0
52.349,0.0
52.35,0.0
52.351,0.0
52.352,0.0
52.353,0.0
52.354,0.0
52.355,0.0
52.356,0.0
52.357,0.0
52.358,0.0
52.359,0.0
52.36,0.0
52.361,0.0
52.362,0.0
52.363,0.0
52.364,0.0
52.365,0.0
52.366,0.0
52.367,0.0
52.368,0.0
52.369,0.0
52.37,0.0
52.371,0.0
52.372,0.0
52.373,0.0
52.374,0.0
52.375,0.0
52.376,0.0
52.377,0.0
52.378,0.0
52.379,0.0
52.38,0.0
52.381,0.0
52.382,0.0
52.383,0.0
52.384,0.0
52.385,0.0
52.386,0.0
52.387,0.0
52.388,0.0
52.389,0.0
52.39,0.0
52.391,0.0
52.392,0.0
52.393,0.0
52.394,0.0
52.395,0.0
52.396,0.0
52.397,0.0
52.398,0.0
52.399,0.0
52.4,0.0
52.401,0.0
52.402,0.0
52.403,0.0
52.404,0.0
52.405,0.0
52.406,0.0
52.407,0.0
52.408,0.0
52.409,0.0
52.41,0.0
52.411,0.0
52.412,0.0
52.413,0.0
52.414,0.0
52.415,0.0
52.416,0.0
52.417,0.0
52.418,0.0
52.419,0.0
52.42,0.0
52.421,0.0
52.422,0.0
52.423,0.0
52.424,0.0
52.425,0.0
52.426,0.0
52.427,0.0
52.428,0.0
52.429,0.0
52.43,0.0
52.431,0.0
52.432,0.0
52.433,0.0
52.434,0.0
52.435,0.0
52.436,0.0
52.437,0.0
52.438,0.0
52.439,0.0
52.44,0.0
52.441,0.0
52.442,0.0
52.443,0.0
52.444,0.0
52.445,0.0
52.446,0.0
52.447,0.0
52.448,0.0
52.449,0.0
52.45,0.0
52.451,0.0
52.452,0.0
52.453,0.0
52.454,0.0
52.455,0.0
52.456,0.0
52.457,0.0
52.458,0.0
52.459,0.0
52.46,0.0
52.461,0.0
52.462,0.0
52.463,0.0
52.464,0.0
52.465,0.0
52.466,0.0
52.467,0.0
52.468,0.0
52.469,0.0
52.47,0.0
52.471,0.0
52.472,0.0
52.473,0.0
52.474,0.0
52.475,0.0
52.476,0.0
52.477,0.0
52.478,0.0
52.479,0.0
52.48,0.0
52.481,0.0
52.482,0.0
52.483,0.0
52.484,0.0
52.485,0.0
52.486,0.0
52.487,0.0
52.488,0.0
52.489,0.0
52.49,0.0
52.491,0.0
52.492,0.0
52.493,0.0
52.494,0.0
52.495,0.0
52.496,0.0
52.497,0.0
52.498,0.0
52.499,0.0
52.5,0.0
52.501,0.0
52.502,0.0
52.503,0.0
52.504,0.0
52.505,0.0
52.506,0.0
52.507,0.0
52.508,0.0
52.509,0.0
52.51,0.0
52.511,0.0
52.512,0.0
52.513,0.0
52.514,0.0
52.515,0.0
52.516,0.0
52.517,0.0
52.518,0.0
52.519,0.0
52.52,0.0
52.521,0.0
52.522,0.0
52.523,0.0
52.524,0.0
52.525,0.0
52.526,0.0
52.527,0.0
52.528,0.0
52.529,0.0
52.53,0.0
52.531,0.0
52.532,0.0
52.533,0.0
52.534,0.0
52.535,0.0
52.536,0.0
52.537,0.0
52.538,0.0
52.539,0.0
52.54,0.0
52.541,0.0
52.542,0.0
52.543,0.0
52.544,0.0
52.545,0.0
52.546,0.0
52.547,0.0
52.548,0.0
52.549,0.0
52.55,0.0
52.551,0.0
52.552,0.0
52.553,0.0
52.554,0.0
52.555,0.0
52.556,0.0
52.557,0.0
52.558,0.0
52.559,0.0
52.56,0.0
52.561,0.0
52.562,0.0
52.563,0.0
52.564,0.0
52.565,0.0
52.566,0.0
52.567,0.0
52.568,0.0
52.569,0.0
52.57,0.0
52.571,0.0
52.572,0.0
52.573,0.0
52.574,0.0
52.575,0.0
52.576,0.0
52.577,0.0
52.578,0.0
52.579,0.0
52.58,0.0
52.581,0.0
52.582,0.0
52.583,0.0
52.584,0.0
52.585,0.0
52.586,0.0
52.587,0.0
52.588,0.0
52.589,0.0
52.59,0.0
52.591,0.0
52.592,0.0
52.593,0.0
52.594,0.0
52.595,0.0
52.596,0.0
52.597,0.0
52.598,0.0
52.599,0.0
52.6,0.0
52.601,0.0
52.602,0.0
52.603,0.0
52.604,0.0
52.605,0.0
52.606,0.0
52.607,0.0
52.608,0.0
52.609,0.0
52.61,0.0
52.611,0.0
52.612,0.0
52.613,0.0
52.614,0.0
52.615,0.0
52.616,0.0
52.617,0.0
52.618,0.0
52.619,0.0
52.62,0.0
52.621,0.0
52.622,0.0
52.623,0.0
52.624,0.0
52.625,0.0
52.626,0.0
52.627,0.0
52.628,0.0
52.629,0.0
52.63,0.0
52.631,0.0
52.632,0.0
52.633,0.0
52.634,0.0
52.635,0.0
52.636,0.0
52.637,0.0
52.638,0.0
52.639,0.0
52.64,0.0
52.641,0.0
52.642,0.0
52.643,0.0
52.644,0.0
52.645,0.0
52.646,0.0
52.647,0.0
52.648,0.0
52.649,0.0
52.65,0.0
52.651,0.0
52.652,0.0
52.653,0.0
52.654,0.0
52.655,0.0
52.656,0.0
52.657,0.0
52.658,0.0
52.659,0.0
52.66,0.0
52.661,0.0
52.662,0.0
52.663,0.0
52.664,0.0
52.665,0.0
52.666,0.0
52.667,0.0
52.668,0.0
52.669,0.0
52.67,0.0
52.671,0.0
52.672,0.0
52.673,0.0
52.674,0.0
52.675,0.0
52.676,0.0
52.677,0.0
52.678,0.0
52.679,0.0
52.68,0.0
52.681,0.0
52.682,0.0
52.683,0.0
52.684,0.0
52.685,0.0
52.686,0.0
52.687,0.0
52.688,0.0
52.689,0.0
52.69,0.0
52.691,0.0
52.692,0.0
52.693,0.0
52.694,0.0
52.695,0.0
52.696,0.0
52.697,0.0
52.698,0.0
52.699,0.0
52.7,0.0
52.701,0.0
52.702,0.0
52.703,0.0
52.704,0.0
52.705,0.0
52.706,0.0
52.707,0.0
52.708,0.0
52.709,0.0
52.71,0.0
52.711,0.0
52.712,0.0
52.713,0.0
52.714,0.0
52.715,0.0
52.716,0.0
52.717,0.0
52.718,0.0
52.719,0.0
52.72,0.0
52.721,0.0
52.722,0.0
52.723,0.0
52.724,0.0
52.725,0.0
52.726,0.0
52.727,0.0
52.728,0.0
52.729,0.0
52.73,0.0
52.731,0.0
52.732,0.0
52.733,0.0
52.734,0.0
52.735,0.0
52.736,0.0
52.737,0.0
52.738,0.0
52.739,0.0
52.74,0.0
52.741,0.0
52.742,0.0
52.743,0.0
52.744,0.0
52.745,0.0
52.746,0.0
52.747,0.0
52.748,0.0
52.749,0.0
52.75,0.0
52.751,0.0
52.752,0.0
52.753,0.0
52.754,0.0
52.755,0.0
52.756,0.0
52.757,0.0
52.758,0.0
52.759,0.0
52.76,0.0
52.761,0.0
52.762,0.0
52.763,0.0
52.764,0.0
52.765,0.0
52.766,0.0
52.767,0.0
52.768,0.0
52.769,0.0
52.77,0.0
52.771,0.0
52.772,0.0
52.773,0.0
52.774,0.0
52.775,0.0
52.776,0.0
52.777,0.0
52.778,0.0
52.779,0.0
52.78,0.0
52.781,0.0
52.782,0.0
52.783,0.0
52.784,0.0
52.785,0.0
52.786,0.0
52.787,0.0
52.788,0.0
52.789,0.0
52.79,0.0
52.791,0.0
52.792,0.0
52.793,0.0
52.794,0.0
52.795,0.0
52.796,0.0
52.797,0.0
52.798,0.0
52.799,0.0
52.8,0.0
52.801,0.0
52.802,0.0
52.803,0.0
52.804,0.0
52.805,0.0
52.806,0.0
52.807,0.0
52.808,0.0
52.809,0.0
52.81,0.0
52.811,0.0
52.812,0.0
52.813,0.0
52.814,0.0
52.815,0.0
52.816,0.0
52.817,0.0
52.818,0.0
52.819,0.0
52.82,0.0
52.821,0.0
52.822,0.0
52.823,0.0
52.824,0.0
52.825,0.0
52.826,0.0
52.827,0.0
52.828,0.0
52.829,0.0
52.83,0.0
52.831,0.0
52.832,0.0
52.833,0.0
52.834,0.0
52.835,0.0
52.836,0.0
52.837,0.0
52.838,0.0
52.839,0.0
52.84,0.0
52.841,0.0
52.842,0.0
52.843,0.0
52.844,0.0
52.845,0.0
52.846,0.0
52.847,0.0
52.848,0.0
52.849,0.0
52.85,0.0
52.851,0.0
52.852,0.0
52.853,0.0
52.854,0.0
52.855,0.0
52.856,0.0
52.857,0.0
52.858,0.0
52.859,0.0
52.86,0.0
52.861,0.0
52.862,0.0
52.863,0.0
52.864,0.0
52.865,0.0
52.866,0.0
52.867,0.0
52.868,0.0
52.869,0.0
52.87,0.0
52.871,0.0
52.872,0.0
52.873,0.0
52.874,0.0
52.875,0.0
52.876,0.0
52.877,0.0
52.878,0.0
52.879,0.0
52.88,0.0
52.881,0.0
52.882,0.0
52.883,0.0
52.884,0.0
52.885,0.0
52.886,0.0
52.887,0.0
52.888,0.0
52.889,0.0
52.89,0.0
52.891,0.0
52.892,0.0
52.893,0.0
52.894,0.0
52.895,0.0
52.896,0.0
52.897,0.0
52.898,0.0
52.899,0.0
52.9,0.0
52.901,0.0
52.902,0.0
52.903,0.0
52.904,0.0
52.905,0.0
52.906,0.0
52.907,0.0
52.908,0.0
52.909,0.0
52.91,0.0
52.911,0.0
52.912,0.0
52.913,0.0
52.914,0.0
52.915,0.0
52.916,0.0
52.917,0.0
52.918,0.0
52.919,0.0
52.92,0.0
52.921,0.0
52.922,0.0
52.923,0.0
52.924,0.0
52.925,0.0
52.926,0.0
52.927,0.0
52.928,0.0
52.929,0.0
52.93,0.0
52.931,0.0
52.932,0.0
52.933,0.0
52.934,0.0
52.935,0.0
52.936,0.0
52.937,0.0
52.938,0.0
52.939,0.0
52.94,0.0
52.941,0.0
52.942,0.0
52.943,0.0
52.944,0.0
52.945,0.0
52.946,0.0
52.947,0.0
52.948,0.0
52.949,0.0
52.95,0.0
52.951,0.0
52.952,0.0
52.953,0.0
52.954,0.0
52.955,0.0
52.956,0.0
52.957,0.0
52.958,0.0
52.959,0.0
52.96,0.0
52.961,0.0
52.962,0.0
52.963,0.0
52.964,0.0
52.965,0.0
52.966,0.0
52.967,0.0
52.968,0.0
52.969,0.0
52.97,0.0
52.971,0.0
52.972,0.0
52.973,0.0
52.974,0.0
52.975,0.0
52.976,0.0
52.977,0.0
52.978,0.0
52.979,0.0
52.98,0.0
52.981,0.0
52.982,0.0
52.983,0.0
52.984,0.0
52.985,0.0
52.986,0.0
52.987,0.0
52.988,0.0
52.989,0.0
52.99,0.0
52.991,0.0
52.992,0.0
52.993,0.0
52.994,0.0
52.995,0.0
52.996,0.0
52.997,0.0
52.998,0.0
52.999,0.0
53.0,0.0
53.001,0.0
53.002,0.0
53.003,0.0
53.004,0.0
53.005,0.0
53.006,0.0
53.007,0.0
53.008,0.0
53.009,0.0
53.01,0.0
53.011,0.0
53.012,0.0
53.013,0.0
53.014,0.0
53.015,0.0
53.016,0.0
53.017,0.0
53.018,0.0
53.019,0.0
53.02,0.0
53.021,0.0
53.022,0.0
53.023,0.0
53.024,0.0
53.025,0.0
53.026,0.0
53.027,0.0
53.028,0.0
53.029,0.0
53.03,0.0
53.031,0.0
53.032,0.0
53.033,0.0
53.034,0.0
53.035,0.0
53.036,0.0
53.037,0.0
53.038,0.0
53.039,0.0
53.04,0.0
53.041,0.0
53.042,0.0
53.043,0.0
53.044,0.0
53.045,0.0
53.046,0.0
53.047,0.0
53.048,0.0
53.049,0.0
53.05,0.0
53.051,0.0
53.052,0.0
53.053,0.0
53.054,0.0
53.055,0.0
53.056,0.0
53.057,0.0
53.058,0.0
53.059,0.0
53.06,0.0
53.061,0.0
53.062,0.0
53.063,0.0
53.064,0.0
53.065,0.0
53.066,0.0
53.067,0.0
53.068,0.0
53.069,0.0
53.07,0.0
53.071,0.0
53.072,0.0
53.073,0.0
53.074,0.0
53.075,0.0
53.076,0.0
53.077,0.0
53.078,0.0
53.079,0.0
53.08,0.0
53.081,0.0
53.082,0.0
53.083,0.0
53.084,0.0
53.085,0.0
53.086,0.0
53.087,0.0
53.088,0.0
53.089,0.0
53.09,0.0
53.091,0.0
53.092,0.0
53.093,0.0
53.094,0.0
53.095,0.0
53.096,0.0
53.097,0.0
53.098,0.0
53.099,0.0
53.1,0.0
53.101,0.0
53.102,0.0
53.103,0.0
53.104,0.0
53.105,0.0
53.106,0.0
53.107,0.0
53.108,0.0
53.109,0.0
53.11,0.0
53.111,0.0
53.112,0.0
53.113,0.0
53.114,0.0
53.115,0.0
53.116,0.0
53.117,0.0
53.118,0.0
53.119,0.0
53.12,0.0
53.121,0.0
53.122,0.0
53.123,0.0
53.124,0.0
53.125,0.0
53.126,0.0
53.127,0.0
53.128,0.0
53.129,0.0
53.13,0.0
53.131,0.0
53.132,0.0
53.133,0.0
53.134,0.0
53.135,0.0
53.136,0.0
53.137,0.0
53.138,0.0
53.139,0.0
53.14,0.0
53.141,0.0
53.142,0.0
53.143,0.0
53.144,0.0
53.145,0.0
53.146,0.0
53.147,0.0
53.148,0.0
53.149,0.0
53.15,0.0
53.151,0.0
53.152,0.0
53.153,0.0
53.154,0.0
53.155,0.0
53.156,0.0
53.157,0.0
53.158,0.0
53.159,0.0
53.16,0.0
53.161,0.0
53.162,0.0
53.163,0.0
53.164,0.0
53.165,0.0
53.166,0.0
53.167,0.0
53.168,0.0
53.169,0.0
53.17,0.0
53.171,0.0
53.172,0.0
53.173,0.0
53.174,0.0
53.175,0.0
53.176,0.0
53.177,0.0
53.178,0.0
53.179,0.0
53.18,0.0
53.181,0.0
53.182,0.0
53.183,0.0
53.184,0.0
53.185,0.0
53.186,0.0
53.187,0.0
53.188,0.0
53.189,0.0
53.19,0.0
53.191,0.0
53.192,0.0
53.193,0.0
53.194,0.0
53.195,0.0
53.196,0.0
53.197,0.0
53.198,0.0
53.199,0.0
53.2,0.0
53.201,0.0
53.202,0.0
53.203,0.0
53.204,0.0
53.205,0.0
53.206,0.0
53.207,0.0
53.208,0.0
53.209,0.0
53.21,0.0
53.211,0.0
53.212,0.0
53.213,0.0
53.214,0.0
53.215,0.0
53.216,0.0
53.217,0.0
53.218,0.0
53.219,0.0
53.22,0.0
53.221,0.0
53.222,0.0
53.223,0.0
53.224,0.0
53.225,0.0
53.226,0.0
53.227,0.0
53.228,0.0
53.229,0.0
53.23,0.0
53.231,0.0
53.232,0.0
53.233,0.0
53.234,0.0
53.235,0.0
53.236,0.0
53.237,0.0
53.238,0.0
53.239,0.0
53.24,0.0
53.241,0.0
53.242,0.0
53.243,0.0
53.244,0.0
53.245,0.0
53.246,0.0
53.247,0.0
53.248,0.0
53.249,0.0
53.25,0.0
53.251,0.0
53.252,0.0
53.253,0.0
53.254,0.0
53.255,0.0
53.256,0.0
53.257,0.0
53.258,0.0
53.259,0.0
53.26,0.0
53.261,0.0
53.262,0.0
53.263,0.0
53.264,0.0
53.265,0.0
53.266,0.0
53.267,0.0
53.268,0.0
53.269,0.0
53.27,0.0
53.271,0.0
53.272,0.0
53.273,0.0
53.274,0.0
53.275,0.0
53.276,0.0
53.277,0.0
53.278,0.0
53.279,0.0
53.28,0.0
53.281,0.0
53.282,0.0
53.283,0.0
53.284,0.0
53.285,0.0
53.286,0.0
53.287,0.0
53.288,0.0
53.289,0.0
53.29,0.0
53.291,0.0
53.292,0.0
53.293,0.0
53.294,0.0
53.295,0.0
53.296,0.0
53.297,0.0
53.298,0.0
53.299,0.0
53.3,0.0
53.301,0.0
53.302,0.0
53.303,0.0
53.304,0.0
53.305,0.0
53.306,0.0
53.307,0.0
53.308,0.0
53.309,0.0
53.31,0.0
53.311,0.0
53.312,0.0
53.313,0.0
53.314,0.0
53.315,0.0
53.316,0.0
53.317,0.0
53.318,0.0
53.319,0.0
53.32,0.0
53.321,0.0
53.322,0.0
53.323,0.0
53.324,0.0
53.325,0.0
53.326,0.0
53.327,0.0
53.328,0.0
53.329,0.0
53.33,0.0
53.331,0.0
53.332,0.0
53.333,0.0
53.334,0.0
53.335,0.0
53.336,0.0
53.337,0.0
53.338,0.0
53.339,0.0
53.34,0.0
53.341,0.0
53.342,0.0
53.343,0.0
53.344,0.0
53.345,0.0
53.346,0.0
53.347,0.0
53.348,0.0
53.349,0.0
53.35,0.0
53.351,0.0
53.352,0.0
53.353,0.0
53.354,0.0
53.355,0.0
53.356,0.0
53.357,0.0
53.358,0.0
53.359,0.0
53.36,0.0
53.361,0.0
53.362,0.0
53.363,0.0
53.364,0.0
53.365,0.0
53.366,0.0
53.367,0.0
53.368,0.0
53.369,0.0
53.37,0.0
53.371,0.0
53.372,0.0
53.373,0.0
53.374,0.0
53.375,0.0
53.376,0.0
53.377,0.0
53.378,0.0
53.379,0.0
53.38,0.0
53.381,0.0
53.382,0.0
53.383,0.0
53.384,0.0
53.385,0.0
53.386,0.0
53.387,0.0
53.388,0.0
53.389,0.0
53.39,0.0
53.391,0.0
53.392,0.0
53.393,0.0
53.394,0.0
53.395,0.0
53.396,0.0
53.397,0.0
53.398,0.0
53.399,0.0
53.4,0.0
53.401,0.0
53.402,0.0
53.403,0.0
53.404,0.0
53.405,0.0
53.406,0.0
53.407,0.0
53.408,0.0
53.409,0.0
53.41,0.0
53.411,0.0
53.412,0.0
53.413,0.0
53.414,0.0
53.415,0.0
53.416,0.0
53.417,0.0
53.418,0.0
53.419,0.0
53.42,0.0
53.421,0.0
53.422,0.0
53.423,0.0
53.424,0.0
53.425,0.0
53.426,0.0
53.427,0.0
53.428,0.0
53.429,0.0
53.43,0.0
53.431,0.0
53.432,0.0
53.433,0.0
53.434,0.0
53.435,0.0
53.436,0.0
53.437,0.0
53.438,0.0
53.439,0.0
53.44,0.0
53.441,0.0
53.442,0.0
53.443,0.0
53.444,0.0
53.445,0.0
53.446,0.0
53.447,0.0
53.448,0.0
53.449,0.0
53.45,0.0
53.451,0.0
53.452,0.0
53.453,0.0
53.454,0.0
53.455,0.0
53.456,0.0
53.457,0.0
53.458,0.0
53.459,0.0
53.46,0.0
53.461,0.0
53.462,0.0
53.463,0.0
53.464,0.0
53.465,0.0
53.466,0.0
53.467,0.0
53.468,0.0
53.469,0.0
53.47,0.0
53.471,0.0
53.472,0.0
53.473,0.0
53.474,0.0
53.475,0.0
53.476,0.0
53.477,0.0
53.478,0.0
53.479,0.0
53.48,0.0
53.481,0.0
53.482,0.0
53.483,0.0
53.484,0.0
53.485,0.0
53.486,0.0
53.487,0.0
53.488,0.0
53.489,0.0
53.49,0.0
53.491,0.0
53.492,0.0
53.493,0.0
53.494,0.0
53.495,0.0
53.496,0.0
53.497,0.0
53.498,0.0
53.499,0.0
53.5,0.0
53.501,0.0
53.502,0.0
53.503,0.0
53.504,0.0
53.505,0.0
53.506,0.0
53.507,0.0
53.508,0.0
53.509,0.0
53.51,0.0
53.511,0.0
53.512,0.0
53.513,0.0
53.514,0.0
53.515,0.0
53.516,0.0
53.517,0.0
53.518,0.0
53.519,0.0
53.52,0.0
53.521,0.0
53.522,0.0
53.523,0.0
53.524,0.0
53.525,0.0
53.526,0.0
53.527,0.0
53.528,0.0
53.529,0.0
53.53,0.0
53.531,0.0
53.532,0.0
53.533,0.0
53.534,0.0
53.535,0.0
53.536,0.0
53.537,0.0
53.538,0.0
53.539,0.0
53.54,0.0
53.541,0.0
53.542,0.0
53.543,0.0
53.544,0.0
53.545,0.0
53.546,0.0
53.547,0.0
53.548,0.0
53.549,0.0
53.55,0.0
53.551,0.0
53.552,0.0
53.553,0.0
53.554,0.0
53.555,0.0
53.556,0.0
53.557,0.0
53.558,0.0
53.559,0.0
53.56,0.0
53.561,0.0
53.562,0.0
53.563,0.0
53.564,0.0
53.565,0.0
53.566,0.0
53.567,0.0
53.568,0.0
53.569,0.0
53.57,0.0
53.571,0.0
53.572,0.0
53.573,0.0
53.574,0.0
53.575,0.0
53.576,0.0
53.577,0.0
53.578,0.0
53.579,0.0
53.58,0.0
53.581,0.0
53.582,0.0
53.583,0.0
53.584,0.0
53.585,0.0
53.586,0.0
53.587,0.0
53.588,0.0
53.589,0.0
53.59,0.0
53.591,0.0
53.592,0.0
53.593,0.0
53.594,0.0
53.595,0.0
53.596,0.0
53.597,0.0
53.598,0.0
53.599,0.0
53.6,0.0
53.601,0.0
53.602,0.0
53.603,0.0
53.604,0.0
53.605,0.0
53.606,0.0
53.607,0.0
53.608,0.0
53.609,0.0
53.61,0.0
53.611,0.0
53.612,0.0
53.613,0.0
53.614,0.0
53.615,0.0
53.616,0.0
53.617,0.0
53.618,0.0
53.619,0.0
53.62,0.0
53.621,0.0
53.622,0.0
53.623,0.0
53.624,0.0
53.625,0.0
53.626,0.0
53.627,0.0
53.628,0.0
53.629,0.0
53.63,0.0
53.631,0.0
53.632,0.0
53.633,0.0
53.634,0.0
53.635,0.0
53.636,0.0
53.637,0.0
53.638,0.0
53.639,0.0
53.64,0.0
53.641,0.0
53.642,0.0
53.643,0.0
53.644,0.0
53.645,0.0
53.646,0.0
53.647,0.0
53.648,0.0
53.649,0.0
53.65,0.0
53.651,0.0
53.652,0.0
53.653,0.0
53.654,0.0
53.655,0.0
53.656,0.0
53.657,0.0
53.658,0.0
53.659,0.0
53.66,0.0
53.661,0.0
53.662,0.0
53.663,0.0
53.664,0.0
53.665,0.0
53.666,0.0
53.667,0.0
53.668,0.0
53.669,0.0
53.67,0.0
53.671,0.0
53.672,0.0
53.673,0.0
53.674,0.0
53.675,0.0
53.676,0.0
53.677,0.0
53.678,0.0
53.679,0.0
53.68,0.0
53.681,0.0
53.682,0.0
53.683,0.0
53.684,0.0
53.685,0.0
53.686,0.0
53.687,0.0
53.688,0.0
53.689,0.0
53.69,0.0
53.691,0.0
53.692,0.0
53.693,0.0
53.694,0.0
53.695,0.0
53.696,0.0
53.697,0.0
53.698,0.0
53.699,0.0
53.7,0.0
53.701,0.0
53.702,0.0
53.703,0.0
53.704,0.0
53.705,0.0
53.706,0.0
53.707,0.0
53.708,0.0
53.709,0.0
53.71,0.0
53.711,0.0
53.712,0.0
53.713,0.0
53.714,0.0
53.715,0.0
53.716,0.0
53.717,0.0
53.718,0.0
53.719,0.0
53.72,0.0
53.721,0.0
53.722,0.0
53.723,0.0
53.724,0.0
53.725,0.0
53.726,0.0
53.727,0.0
53.728,0.0
53.729,0.0
53.73,0.0
53.731,0.0
53.732,0.0
53.733,0.0
53.734,0.0
53.735,0.0
53.736,0.0
53.737,0.0
53.738,0.0
53.739,0.0
53.74,0.0
53.741,0.0
53.742,0.0
53.743,0.0
53.744,0.0
53.745,0.0
53.746,0.0
53.747,0.0
53.748,0.0
53.749,0.0
53.75,0.0
53.751,0.0
53.752,0.0
53.753,0.0
53.754,0.0
53.755,0.0
53.756,0.0
53.757,0.0
53.758,0.0
53.759,0.0
53.76,0.0
53.761,0.0
53.762,0.0
53.763,0.0
53.764,0.0
53.765,0.0
53.766,0.0
53.767,0.0
53.768,0.0
53.769,0.0
53.77,0.0
53.771,0.0
53.772,0.0
53.773,0.0
53.774,0.0
53.775,0.0
53.776,0.0
53.777,0.0
53.778,0.0
53.779,0.0
53.78,0.0
53.781,0.0
53.782,0.0
53.783,0.0
53.784,0.0
53.785,0.0
53.786,0.0
53.787,0.0
53.788,0.0
53.789,0.0
53.79,0.0
53.791,0.0
53.792,0.0
53.793,0.0
53.794,0.0
53.795,0.0
53.796,0.0
53.797,0.0
53.798,0.0
53.799,0.0
53.8,0.0
53.801,0.0
53.802,0.0
53.803,0.0
53.804,0.0
53.805,0.0
53.806,0.0
53.807,0.0
53.808,0.0
53.809,0.0
53.81,0.0
53.811,0.0
53.812,0.0
53.813,0.0
53.814,0.0
53.815,0.0
53.816,0.0
53.817,0.0
53.818,0.0
53.819,0.0
53.82,0.0
53.821,0.0
53.822,0.0
53.823,0.0
53.824,0.0
53.825,0.0
53.826,0.0
53.827,0.0
53.828,0.0
53.829,0.0
53.83,0.0
53.831,0.0
53.832,0.0
53.833,0.0
53.834,0.0
53.835,0.0
53.836,0.0
53.837,0.0
53.838,0.0
53.839,0.0
53.84,0.0
53.841,0.0
53.842,0.0
53.843,0.0
53.844,0.0
53.845,0.0
53.846,0.0
53.847,0.0
53.848,0.0
53.849,0.0
53.85,0.0
53.851,0.0
53.852,0.0
53.853,0.0
53.854,0.0
53.855,0.0
53.856,0.0
53.857,0.0
53.858,0.0
53.859,0.0
53.86,0.0
53.861,0.0
53.862,0.0
53.863,0.0
53.864,0.0
53.865,0.0
53.866,0.0
53.867,0.0
53.868,0.0
53.869,0.0
53.87,0.0
53.871,0.0
53.872,0.0
53.873,0.0
53.874,0.0
53.875,0.0
53.876,0.0
53.877,0.0
53.878,0.0
53.879,0.0
53.88,0.0
53.881,0.0
53.882,0.0
53.883,0.0
53.884,0.0
53.885,0.0
53.886,0.0
53.887,0.0
53.888,0.0
53.889,0.0
53.89,0.0
53.891,0.0
53.892,0.0
53.893,0.0
53.894,0.0
53.895,0.0
53.896,0.0
53.897,0.0
53.898,0.0
53.899,0.0
53.9,0.0
53.901,0.0
53.902,0.0
53.903,0.0
53.904,0.0
53.905,0.0
53.906,0.0
53.907,0.0
53.908,0.0
53.909,0.0
53.91,0.0
53.911,0.0
53.912,0.0
53.913,0.0
53.914,0.0
53.915,0.0
53.916,0.0
53.917,0.0
53.918,0.0
53.919,0.0
53.92,0.0
53.921,0.0
53.922,0.0
53.923,0.0
53.924,0.0
53.925,0.0
53.926,0.0
53.927,0.0
53.928,0.0
53.929,0.0
53.93,0.0
53.931,0.0
53.932,0.0
53.933,0.0
53.934,0.0
53.935,0.0
53.936,0.0
53.937,0.0
53.938,0.0
53.939,0.0
53.94,0.0
53.941,0.0
53.942,0.0
53.943,0.0
53.944,0.0
53.945,0.0
53.946,0.0
53.947,0.0
53.948,0.0
53.949,0.0
53.95,0.0
53.951,0.0
53.952,0.0
53.953,0.0
53.954,0.0
53.955,0.0
53.956,0.0
53.957,0.0
53.958,0.0
53.959,0.0
53.96,0.0
53.961,0.0
53.962,0.0
53.963,0.0
53.964,0.0
53.965,0.0
53.966,0.0
53.967,0.0
53.968,0.0
53.969,0.0
53.97,0.0
53.971,0.0
53.972,0.0
53.973,0.0
53.974,0.0
53.975,0.0
53.976,0.0
53.977,0.0
53.978,0.0
53.979,0.0
53.98,0.0
53.981,0.0
53.982,0.0
53.983,0.0
53.984,0.0
53.985,0.0
53.986,0.0
53.987,0.0
53.988,0.0
53.989,0.0
53.99,0.0
53.991,0.0
53.992,0.0
53.993,0.0
53.994,0.0
53.995,0.0
53.996,0.0
53.997,0.0
53.998,0.45
53.999,0.45
54.0,0.45
54.001,0.45
54.002,0.45
54.003,0.45
54.004,0.45
54.005,0.45
54.006,0.45
54.007,0.45
54.008,0.45
54.009,0.45
54.01,0.45
54.011,0.45
54.012,0.45
54.013,0.45
54.014,0.45
54.015,0.45
54.016,0.45
54.017,0.45
54.018,0.45
54.019,0.45
54.02,0.45
54.021,0.45
54.022,0.45
54.023,0.45
54.024,0.45
54.025,0.45
54.026,0.45
54.027,0.45
54.028,0.45
54.029,0.45
54.03,0.45
54.031,0.45
54.032,0.45
54.033,0.45
54.034,0.45
54.035,0.45
54.036,0.45
54.037,0.45
54.038,0.45
54.039,0.45
54.04,0.45
54.041,0.45
54.042,0.45
54.043,0.45
54.044,0.45
54.045,0.45
54.046,0.45
54.047,0.45
54.048,0.45
54.049,0.45
54.05,0.45
54.051,0.45
54.052,0.45
54.053,0.45
54.054,0.45
54.055,0.45
54.056,0.45
54.057,0.45
54.058,0.45
54.059,0.45
54.06,0.45
54.061,0.45
54.062,0.45
54.063,0.45
54.064,0.45
54.065,0.45
54.066,0.45
54.067,0.45
54.068,0.45
54.069,0.45
54.07,0.45
54.071,0.45
54.072,0.45
54.073,0.45
54.074,0.45
54.075,0.45
54.076,0.45
54.077,0.45
54.078,0.45
54.079,0.45
54.08,0.45
54.081,0.45
54.082,0.45
54.083,0.45
54.084,0.45
54.085,0.45
54.086,0.45
54.087,0.45
54.088,0.45
54.089,0.45
54.09,0.45
54.091,0.45
54.092,0.45
54.093,0.45
54.094,0.45
54.095,0.45
54.096,0.45
54.097,0.45
54.098,0.45
54.099,0.45
54.1,0.45
54.101,0.45
54.102,0.45
54.103,0.45
54.104,0.45
54.105,0.45
54.106,0.45
54.107,0.45
54.108,0.45
54.109,0.45
54.11,0.45
54.111,0.45
54.112,0.45
54.113,0.45
54.114,0.45
54.115,0.45
54.116,0.45
54.117,0.45
54.118,0.45
54.119,0.45
54.12,0.45
54.121,0.45
54.122,0.45
54.123,0.45
54.124,0.45
54.125,0.45
54.126,0.45
54.127,0.45
54.128,0.45
54.129,0.45
54.13,0.45
54.131,0.45
54.132,0.45
54.133,0.45
54.134,0.45
54.135,0.45
54.136,0.45
54.137,0.45
54.138,0.45
54.139,0.45
54.14,0.45
54.141,0.45
54.142,0.45
54.143,0.45
54.144,0.45
54.145,0.45
54.146,0.45
54.147,0.45
54.148,0.45
54.149,0.45
54.15,0.45
54.151,0.45
54.152,0.45
54.153,0.45
54.154,0.45
54.155,0.45
54.156,0.45
54.157,0.45
54.158,0.45
54.159,0.45
54.16,0.45
54.161,0.45
54.162,0.45
54.163,0.45
54.164,0.45
54.165,0.45
54.166,0.45
54.167,0.45
54.168,0.45
54.169,0.45
54.17,0.45
54.171,0.45
54.172,0.45
54.173,0.45
54.174,0.45
54.175,0.45
54.176,0.45
54.177,0.45
54.178,0.45
54.179,0.45
54.18,0.45
54.181,0.45
54.182,0.45
54.183,0.45
54.184,0.45
54.185,0.45
54.186,0.45
54.187,0.45
54.188,0.45
54.189,0.45
54.19,0.45
54.191,0.45
54.192,0.45
54.193,0.45
54.194,0.45
54.195,0.45
54.196,0.45
54.197,0.45
54.198,0.45
54.199,0.45
54.2,0.45
54.201,0.45
54.202,0.45
54.203,0.45
54.204,0.45
54.205,0.45
54.206,0.45
54.207,0.45
54.208,0.45
54.209,0.45
54.21,0.45
54.211,0.45
54.212,0.45
54.213,0.45
54.214,0.45
54.215,0.45
54.216,0.45
54.217,0.45
54.218,0.45
54.219,0.45
54.22,0.45
54.221,0.45
54.222,0.45
54.223,0.45
54.224,0.45
54.225,0.45
54.226,0.45
54.227,0.45
54.228,0.45
54.229,0.45
54.23,0.45
54.231,0.45
54.232,0.45
54.233,0.45
54.234,0.45
54.235,0.45
54.236,0.45
54.237,0.45
54.238,0.45
54.239,0.45
54.24,0.45
54.241,0.45
54.242,0.45
54.243,0.45
54.244,0.45
54.245,0.45
54.246,0.45
54.247,0.45
54.248,0.45
54.249,0.45
54.25,0.45
54.251,0.45
54.252,0.45
54.253,0.45
54.254,0.45
54.255,0.45
54.256,0.45
54.257,0.45
54.258,0.45
54.259,0.45
54.26,0.45
54.261,0.45
54.262,0.45
54.263,0.45
54.264,0.45
54.265,0.45
54.266,0.45
54.267,0.45
54.268,0.45
54.269,0.45
54.27,0.45
54.271,0.45
54.272,0.45
54.273,0.45
54.274,0.45
54.275,0.45
54.276,0.45
54.277,0.45
54.278,0.45
54.279,0.45
54.28,0.45
54.281,0.45
54.282,0.45
54.283,0.45
54.284,0.45
54.285,0.45
54.286,0.45
54.287,0.45
54.288,0.45
54.289,0.45
54.29,0.45
54.291,0.45
54.292,0.45
54.293,0.45
54.294,0.45
54.295,0.45
54.296,0.45
54.297,0.45
54.298,0.45
54.299,0.45
54.3,0.45
54.301,0.45
54.302,0.45
54.303,0.45
54.304,0.45
54.305,0.45
54.306,0.45
54.307,0.45
54.308,0.45
54.309,0.45
54.31,0.45
54.311,0.45
54.312,0.45
54.313,0.45
54.314,0.45
54.315,0.45
54.316,0.45
54.317,0.45
54.318,0.45
54.319,0.45
54.32,0.45
54.321,0.45
54.322,0.45
54.323,0.45
54.324,0.45
54.325,0.45
54.326,0.45
54.327,0.45
54.328,0.45
54.329,0.45
54.33,0.45
54.331,0.45
54.332,0.45
54.333,0.45
54.334,0.45
54.335,0.45
54.336,0.45
54.337,0.45
54.338,0.45
54.339,0.45
54.34,0.45
54.341,0.45
54.342,0.45
54.343,0.45
54.344,0.45
54.345,0.45
54.346,0.45
54.347,0.45
54.348,0.45
54.349,0.45
54.35,0.45
54.351,0.45
54.352,0.45
54.353,0.45
54.354,0.45
54.355,0.45
54.356,0.45
54.357,0.45
54.358,0.45
54.359,0.45
54.36,0.45
54.361,0.45
54.362,0.45
54.363,0.45
54.364,0.45
54.365,0.45
54.366,0.45
54.367,0.45
54.368,0.45
54.369,0.45
54.37,0.45
54.371,0.45
54.372,0.45
54.373,0.45
54.374,0.45
54.375,0.45
54.376,0.45
54.377,0.45
54.378,0.45
54.379,0.45
54.38,0.45
54.381,0.45
54.382,0.45
54.383,0.45
54.384,0.45
54.385,0.45
54.386,0.45
54.387,0.45
54.388,0.45
54.389,0.45
54.39,0.45
54.391,0.45
54.392,0.45
54.393,0.45
54.394,0.45
54.395,0.45
54.396,0.45
54.397,0.45
54.398,0.45
54.399,0.45
54.4,0.45
54.401,0.45
54.402,0.45
54.403,0.45
54.404,0.45
54.405,0.45
54.406,0.45
54.407,0.45
54.408,0.45
54.409,0.45
54.41,0.45
54.411,0.45
54.412,0.45
54.413,0.45
54.414,0.45
54.415,0.45
54.416,0.45
54.417,0.45
54.418,0.45
54.419,0.45
54.42,0.45
54.421,0.45
54.422,0.45
54.423,0.45
54.424,0.45
54.425,0.45
54.426,0.45
54.427,0.45
54.428,0.45
54.429,0.45
54.43,0.45
54.431,0.45
54.432,0.45
54.433,0.45
54.434,0.45
54.435,0.45
54.436,0.45
54.437,0.45
54.438,0.45
54.439,0.45
54.44,0.45
54.441,0.45
54.442,0.45
54.443,0.45
54.444,0.45
54.445,0.45
54.446,0.45
54.447,0.45
54.448,0.45
54.449,0.45
54.45,0.45
54.451,0.45
54.452,0.45
54.453,0.45
54.454,0.45
54.455,0.45
54.456,0.45
54.457,0.45
54.458,0.45
54.459,0.45
54.46,0.45
54.461,0.45
54.462,0.45
54.463,0.45
54.464,0.45
54.465,0.45
54.466,0.45
54.467,0.45
54.468,0.45
54.469,0.45
54.47,0.45
54.471,0.45
54.472,0.45
54.473,0.45
54.474,0.45
54.475,0.45
54.476,0.45
54.477,0.45
54.478,0.45
54.479,0.45
54.48,0.45
54.481,0.45
54.482,0.45
54.483,0.45
54.484,0.45
54.485,0.45
54.486,0.45
54.487,0.45
54.488,0.45
54.489,0.45
54.49,0.45
54.491,0.45
54.492,0.45
54.493,0.45
54.494,0.45
54.495,0.45
54.496,0.45
54.497,0.45
54.498,0.45
54.499,0.45
54.5,0.45
54.501,0.45
54.502,0.45
54.503,0.45
54.504,0.45
54.505,0.45
54.506,0.45
54.507,0.45
54.508,0.45
54.509,0.45
54.51,0.45
54.511,0.45
54.512,0.45
54.513,0.45
54.514,0.45
54.515,0.45
54.516,0.45
54.517,0.45
54.518,0.45
54.519,0.45
54.52,0.45
54.521,0.45
54.522,0.45
54.523,0.45
54.524,0.45
54.525,0.45
54.526,0.45
54.527,0.45
54.528,0.45
54.529,0.45
54.53,0.45
54.531,0.45
54.532,0.45
54.533,0.45
54.534,0.45
54.535,0.45
54.536,0.45
54.537,0.45
54.538,0.45
54.539,0.45
54.54,0.45
54.541,0.45
54.542,0.45
54.543,0.45
54.544,0.45
54.545,0.45
54.546,0.45
54.547,0.45
54.548,0.45
54.549,0.45
54.55,0.45
54.551,0.45
54.552,0.45
54.553,0.45
54.554,0.45
54.555,0.45
54.556,0.45
54.557,0.45
54.558,0.45
54.559,0.45
54.56,0.45
54.561,0.45
54.562,0.45
54.563,0.45
54.564,0.45
54.565,0.45
54.566,0.45
54.567,0.45
54.568,0.45
54.569,0.45
54.57,0.45
54.571,0.45
54.572,0.45
54.573,0.45
54.574,0.45
54.575,0.45
54.576,0.45
54.577,0.45
54.578,0.45
54.579,0.45
54.58,0.45
54.581,0.45
54.582,0.45
54.583,0.45
54.584,0.45
54.585,0.45
54.586,0.45
54.587,0.45
54.588,0.45
54.589,0.45
54.59,0.45
54.591,0.45
54.592,0.45
54.593,0.45
54.594,0.45
54.595,0.45
54.596,0.45
54.597,0.45
54.598,0.45
54.599,0.45
54.6,0.45
54.601,0.45
54.602,0.45
54.603,0.45
54.604,0.45
54.605,0.45
54.606,0.45
54.607,0.45
54.608,0.45
54.609,0.45
54.61,0.45
54.611,0.45
54.612,0.45
54.613,0.45
54.614,0.45
54.615,0.45
54.616,0.45
54.617,0.45
54.618,0.45
54.619,0.45
54.62,0.45
54.621,0.45
54.622,0.45
54.623,0.45
54.624,0.45
54.625,0.45
54.626,0.45
54.627,0.45
54.628,0.45
54.629,0.45
54.63,0.45
54.631,0.45
54.632,0.45
54.633,0.45
54.634,0.45
54.635,0.45
54.636,0.45
54.637,0.45
54.638,0.45
54.639,0.45
54.64,0.45
54.641,0.45
54.642,0.45
54.643,0.45
54.644,0.45
54.645,0.45
54.646,0.45
54.647,0.45
54.648,0.45
54.649,0.45
54.65,0.45
54.651,0.45
54.652,0.45
54.653,0.45
54.654,0.45
54.655,0.45
54.656,0.45
54.657,0.45
54.658,0.45
54.659,0.45
54.66,0.45
54.661,0.45
54.662,0.45
54.663,0.45
54.664,0.45
54.665,0.45
54.666,0.45
54.667,0.45
54.668,0.45
54.669,0.45
54.67,0.45
54.671,0.45
54.672,0.45
54.673,0.45
54.674,0.45
54.675,0.45
54.676,0.45
54.677,0.45
54.678,0.45
54.679,0.45
54.68,0.45
54.681,0.45
54.682,0.45
54.683,0.45
54.684,0.45
54.685,0.45
54.686,0.45
54.687,0.45
54.688,0.45
54.689,0.45
54.69,0.45
54.691,0.45
54.692,0.45
54.693,0.45
54.694,0.45
54.695,0.45
54.696,0.45
54.697,0.45
54.698,0.45
54.699,0.45
54.7,0.45
54.701,0.45
54.702,0.45
54.703,0.45
54.704,0.45
54.705,0.45
54.706,0.45
54.707,0.45
54.708,0.45
54.709,0.45
54.71,0.45
54.711,0.45
54.712,0.45
54.713,0.45
54.714,0.45
54.715,0.45
54.716,0.45
54.717,0.45
54.718,0.45
54.719,0.45
54.72,0.45
54.721,0.45
54.722,0.45
54.723,0.45
54.724,0.45
54.725,0.45
54.726,0.45
54.727,0.45
54.728,0.45
54.729,0.45
54.73,0.45
54.731,0.45
54.732,0.45
54.733,0.45
54.734,0.45
54.735,0.45
54.736,0.45
54.737,0.45
54.738,0.45
54.739,0.45
54.74,0.45
54.741,0.45
54.742,0.45
54.743,0.45
54.744,0.45
54.745,0.45
54.746,0.45
54.747,0.45
54.748,0.45
54.749,0.45
54.75,0.45
54.751,0.45
54.752,0.45
54.753,0.45
54.754,0.45
54.755,0.45
54.756,0.45
54.757,0.45
54.758,0.45
54.759,0.45
54.76,0.45
54.761,0.45
54.762,0.45
54.763,0.45
54.764,0.45
54.765,0.45
54.766,0.45
54.767,0.45
54.768,0.45
54.769,0.45
54.77,0.45
54.771,0.45
54.772,0.45
54.773,0.45
54.774,0.45
54.775,0.45
54.776,0.45
54.777,0.45
54.778,0.45
54.779,0.45
54.78,0.45
54.781,0.45
54.782,0.45
54.783,0.45
54.784,0.45
54.785,0.45
54.786,0.45
54.787,0.45
54.788,0.45
54.789,0.45
54.79,0.45
54.791,0.45
54.792,0.45
54.793,0.45
54.794,0.45
54.795,0.45
54.796,0.45
54.797,0.45
54.798,0.45
54.799,0.45
54.8,0.45
54.801,0.45
54.802,0.45
54.803,0.45
54.804,0.45
54.805,0.45
54.806,0.45
54.807,0.45
54.808,0.45
54.809,0.45
54.81,0.45
54.811,0.45
54.812,0.45
54.813,0.45
54.814,0.45
54.815,0.45
54.816,0.45
54.817,0.45
54.818,0.45
54.819,0.45
54.82,0.45
54.821,0.45
54.822,0.45
54.823,0.45
54.824,0.45
54.825,0.45
54.826,0.45
54.827,0.45
54.828,0.45
54.829,0.45
54.83,0.45
54.831,0.45
54.832,0.45
54.833,0.45
54.834,0.45
54.835,0.45
54.836,0.45
54.837,0.45
54.838,0.45
54.839,0.45
54.84,0.45
54.841,0.45
54.842,0.45
54.843,0.45
54.844,0.45
54.845,0.45
54.846,0.45
54.847,0.45
54.848,0.45
54.849,0.45
54.85,0.45
54.851,0.45
54.852,0.45
54.853,0.45
54.854,0.45
54.855,0.45
54.856,0.45
54.857,0.45
54.858,0.45
54.859,0.45
54.86,0.45
54.861,0.45
54.862,0.45
54.863,0.45
54.864,0.45
54.865,0.45
54.866,0.45
54.867,0.45
54.868,0.45
54.869,0.45
54.87,0.45
54.871,0.45
54.872,0.45
54.873,0.45
54.874,0.45
54.875,0.45
54.876,0.45
54.877,0.45
54.878,0.45
54.879,0.45
54.88,0.45
54.881,0.45
54.882,0.45
54.883,0.45
54.884,0.45
54.885,0.45
54.886,0.45
54.887,0.45
54.888,0.45
54.889,0.45
54.89,0.45
54.891,0.45
54.892,0.45
54.893,0.45
54.894,0.45
54.895,0.45
54.896,0.45
54.897,0.45
54.898,0.45
54.899,0.45
54.9,0.45
54.901,0.45
54.902,0.45
54.903,0.45
54.904,0.45
54.905,0.45
54.906,0.45
54.907,0.45
54.908,0.45
54.909,0.45
54.91,0.45
54.911,0.45
54.912,0.45
54.913,0.45
54.914,0.45
54.915,0.45
54.916,0.45
54.917,0.45
54.918,0.45
54.919,0.45
54.92,0.45
54.921,0.45
54.922,0.45
54.923,0.45
54.924,0.45
54.925,0.45
54.926,0.45
54.927,0.45
54.928,0.45
54.929,0.45
54.93,0.45
54.931,0.45
54.932,0.45
54.933,0.45
54.934,0.45
54.935,0.45
54.936,0.45
54.937,0.45
54.938,0.45
54.939,0.45
54.94,0.45
54.941,0.45
54.942,0.45
54.943,0.45
54.944,0.45
54.945,0.45
54.946,0.45
54.947,0.45
54.948,0.45
54.949,0.45
54.95,0.45
54.951,0.45
54.952,0.45
54.953,0.45
54.954,0.45
54.955,0.45
54.956,0.45
54.957,0.45
54.958,0.45
54.959,0.45
54.96,0.45
54.961,0.45
54.962,0.45
54.963,0.45
54.964,0.45
54.965,0.45
54.966,0.45
54.967,0.45
54.968,0.45
54.969,0.45
54.97,0.45
54.971,0.45
54.972,0.45
54.973,0.45
54.974,0.45
54.975,0.45
54.976,0.45
54.977,0.45
54.978,0.45
54.979,0.45
54.98,0.45
54.981,0.45
54.982,0.45
54.983,0.45
54.984,0.45
54.985,0.45
54.986,0.45
54.987,0.45
54.988,0.45
54.989,0.45
54.99,0.45
54.991,0.45
54.992,0.45
54.993,0.45
54.994,0.45
54.995,0.45
54.996,0.45
54.997,0.45
54.998,0.45
54.999,0.45
55.0,0.45
55.001,0.45
55.002,0.45
55.003,0.45
55.004,0.45
55.005,0.45
55.006,0.45
55.007,0.45
55.008,0.45
55.009,0.45
55.01,0.45
55.011,0.45
55.012,0.45
55.013,0.45
55.014,0.45
55.015,0.45
55.016,0.45
55.017,0.45
55.018,0.45
55.019,0.45
55.02,0.45
55.021,0.45
55.022,0.45
55.023,0.45
55.024,0.45
55.025,0.45
55.026,0.45
55.027,0.45
55.028,0.45
55.029,0.45
55.03,0.45
55.031,0.45
55.032,0.45
55.033,0.45
55.034,0.45
55.035,0.45
55.036,0.45
55.037,0.45
55.038,0.45
55.039,0.45
55.04,0.45
55.041,0.45
55.042,0.45
55.043,0.45
55.044,0.45
55.045,0.45
55.046,0.45
55.047,0.45
55.048,0.45
55.049,0.45
55.05,0.45
55.051,0.45
55.052,0.45
55.053,0.45
55.054,0.45
55.055,0.45
55.056,0.45
55.057,0.45
55.058,0.45
55.059,0.45
55.06,0.45
55.061,0.45
55.062,0.45
55.063,0.45
55.064,0.45
55.065,0.45
55.066,0.45
55.067,0.45
55.068,0.45
55.069,0.45
55.07,0.45
55.071,0.45
55.072,0.45
55.073,0.45
55.074,0.45
55.075,0.45
55.076,0.45
55.077,0.45
55.078,0.45
55.079,0.45
55.08,0.45
55.081,0.45
55.082,0.45
55.083,0.45
55.084,0.45
55.085,0.45
55.086,0.45
55.087,0.45
55.088,0.45
55.089,0.45
55.09,0.45
55.091,0.45
55.092,0.45
55.093,0.45
55.094,0.45
55.095,0.45
55.096,0.45
55.097,0.45
55.098,0.45
55.099,0.45
55.1,0.45
55.101,0.45
55.102,0.45
55.103,0.45
55.104,0.45
55.105,0.45
55.106,0.45
55.107,0.45
55.108,0.45
55.109,0.45
55.11,0.45
55.111,0.45
55.112,0.45
55.113,0.45
55.114,0.45
55.115,0.45
55.116,0.45
55.117,0.45
55.118,0.45
55.119,0.45
55.12,0.45
55.121,0.45
55.122,0.45
55.123,0.45
55.124,0.45
55.125,0.45
55.126,0.45
55.127,0.45
55.128,0.45
55.129,0.45
55.13,0.45
55.131,0.45
55.132,0.45
55.133,0.45
55.134,0.45
55.135,0.45
55.136,0.45
55.137,0.45
55.138,0.45
55.139,0.45
55.14,0.45
55.141,0.45
55.142,0.45
55.143,0.45
55.144,0.45
55.145,0.45
55.146,0.45
55.147,0.45
55.148,0.45
55.149,0.45
55.15,0.45
55.151,0.45
55.152,0.45
55.153,0.45
55.154,0.45
55.155,0.45
55.156,0.45
55.157,0.45
55.158,0.45
55.159,0.45
55.16,0.45
55.161,0.45
55.162,0.45
55.163,0.45
55.164,0.45
55.165,0.45
55.166,0.45
55.167,0.45
55.168,0.45
55.169,0.45
55.17,0.45
55.171,0.45
55.172,0.45
55.173,0.45
55.174,0.45
55.175,0.45
55.176,0.45
55.177,0.45
55.178,0.45
55.179,0.45
55.18,0.45
55.181,0.45
55.182,0.45
55.183,0.45
55.184,0.45
55.185,0.45
55.186,0.45
55.187,0.45
55.188,0.45
55.189,0.45
55.19,0.45
55.191,0.45
55.192,0.45
55.193,0.45
55.194,0.45
55.195,0.45
55.196,0.45
55.197,0.45
55.198,0.45
55.199,0.45
55.2,0.45
55.201,0.45
55.202,0.45
55.203,0.45
55.204,0.45
55.205,0.45
55.206,0.45
55.207,0.45
55.208,0.45
55.209,0.45
55.21,0.45
55.211,0.45
55.212,0.45
55.213,0.45
55.214,0.45
55.215,0.45
55.216,0.45
55.217,0.45
55.218,0.45
55.219,0.45
55.22,0.45
55.221,0.45
55.222,0.45
55.223,0.45
55.224,0.45
55.225,0.45
55.226,0.45
55.227,0.45
55.228,0.45
55.229,0.45
55.23,0.45
55.231,0.45
55.232,0.45
55.233,0.45
55.234,0.45
55.235,0.45
55.236,0.45
55.237,0.45
55.238,0.45
55.239,0.45
55.24,0.45
55.241,0.45
55.242,0.45
55.243,0.45
55.244,0.45
55.245,0.45
55.246,0.45
55.247,0.45
55.248,0.45
55.249,0.45
55.25,0.45
55.251,0.45
55.252,0.45
55.253,0.45
55.254,0.45
55.255,0.45
55.256,0.45
55.257,0.45
55.258,0.45
55.259,0.45
55.26,0.45
55.261,0.45
55.262,0.45
55.263,0.45
55.264,0.45
55.265,0.45
55.266,0.45
55.267,0.45
55.268,0.45
55.269,0.45
55.27,0.45
55.271,0.45
55.272,0.45
55.273,0.45
55.274,0.45
55.275,0.45
55.276,0.45
55.277,0.45
55.278,0.45
55.279,0.45
55.28,0.45
55.281,0.45
55.282,0.45
55.283,0.45
55.284,0.45
55.285,0.45
55.286,0.45
55.287,0.45
55.288,0.45
55.289,0.45
55.29,0.45
55.291,0.45
55.292,0.45
55.293,0.45
55.294,0.45
55.295,0.45
55.296,0.45
55.297,0.45
55.298,0.45
55.299,0.45
55.3,0.45
55.301,0.45
55.302,0.45
55.303,0.45
55.304,0.45
55.305,0.45
55.306,0.45
55.307,0.45
55.308,0.45
55.309,0.45
55.31,0.45
55.311,0.45
55.312,0.45
55.313,0.45
55.314,0.45
55.315,0.45
55.316,0.45
55.317,0.45
55.318,0.45
55.319,0.45
55.32,0.45
55.321,0.45
55.322,0.45
55.323,0.45
55.324,0.45
55.325,0.45
55.326,0.45
55.327,0.45
55.328,0.45
55.329,0.45
55.33,0.45
55.331,0.45
55.332,0.45
55.333,0.45
55.334,0.45
55.335,0.45
55.336,0.45
55.337,0.45
55.338,0.45
55.339,0.45
55.34,0.45
55.341,0.45
55.342,0.45
55.343,0.45
55.344,0.45
55.345,0.45
55.346,0.45
55.347,0.45
55.348,0.45
55.349,0.45
55.35,0.45
55.351,0.45
55.352,0.45
55.353,0.45
55.354,0.45
55.355,0.45
55.356,0.45
55.357,0.45
55.358,0.45
55.359,0.45
55.36,0.45
55.361,0.45
55.362,0.45
55.363,0.45
55.364,0.45
55.365,0.45
55.366,0.45
55.367,0.45
55.368,0.45
55.369,0.45
55.37,0.45
55.371,0.45
55.372,0.45
55.373,0.45
55.374,0.45
55.375,0.45
55.376,0.45
55.377,0.45
55.378,0.45
55.379,0.45
55.38,0.45
55.381,0.45
55.382,0.45
55.383,0.45
55.384,0.45
55.385,0.45
55.386,0.45
55.387,0.45
55.388,0.45
55.389,0.45
55.39,0.45
55.391,0.45
55.392,0.45
55.393,0.45
55.394,0.45
55.395,0.45
55.396,0.45
55.397,0.45
55.398,0.45
55.399,0.45
55.4,0.45
55.401,0.45
55.402,0.45
55.403,0.45
55.404,0.45
55.405,0.45
55.406,0.45
55.407,0.45
55.408,0.45
55.409,0.45
55.41,0.45
55.411,0.45
55.412,0.45
55.413,0.45
55.414,0.45
55.415,0.45
55.416,0.45
55.417,0.45
55.418,0.45
55.419,0.45
55.42,0.45
55.421,0.45
55.422,0.45
55.423,0.45
55.424,0.45
55.425,0.45
55.426,0.45
55.427,0.45
55.428,0.45
55.429,0.45
55.43,0.45
55.431,0.45
55.432,0.45
55.433,0.45
55.434,0.45
55.435,0.45
55.436,0.45
55.437,0.45
55.438,0.45
55.439,0.45
55.44,0.45
55.441,0.45
55.442,0.45
55.443,0.45
55.444,0.45
55.445,0.45
55.446,0.45
55.447,0.45
55.448,0.45
55.449,0.45
55.45,0.45
55.451,0.45
55.452,0.45
55.453,0.45
55.454,0.45
55.455,0.45
55.456,0.45
55.457,0.45
55.458,0.45
55.459,0.45
55.46,0.45
55.461,0.45
55.462,0.45
55.463,0.45
55.464,0.45
55.465,0.45
55.466,0.45
55.467,0.45
55.468,0.45
55.469,0.45
55.47,0.45
55.471,0.45
55.472,0.45
55.473,0.45
55.474,0.45
55.475,0.45
55.476,0.45
55.477,0.45
55.478,0.45
55.479,0.45
55.48,0.45
55.481,0.45
55.482,0.45
55.483,0.45
55.484,0.45
55.485,0.45
55.486,0.45
55.487,0.45
55.488,0.45
55.489,0.45
55.49,0.45
55.491,0.45
55.492,0.45
55.493,0.45
55.494,0.45
55.495,0.45
55.496,0.45
55.497,0.45
55.498,0.45
55.499,0.45
55.5,0.45
55.501,0.45
55.502,0.45
55.503,0.45
55.504,0.45
55.505,0.45
55.506,0.45
55.507,0.45
55.508,0.45
55.509,0.45
55.51,0.45
55.511,0.45
55.512,0.45
55.513,0.45
55.514,0.45
55.515,0.45
55.516,0.45
55.517,0.45
55.518,0.45
55.519,0.45
55.52,0.45
55.521,0.45
55.522,0.45
55.523,0.45
55.524,0.45
55.525,0.45
55.526,0.45
55.527,0.45
55.528,0.45
55.529,0.45
55.53,0.45
55.531,0.45
55.532,0.45
55.533,0.45
55.534,0.45
55.535,0.45
55.536,0.45
55.537,0.45
55.538,0.45
55.539,0.45
55.54,0.45
55.541,0.45
55.542,0.45
55.543,0.45
55.544,0.45
55.545,0.45
55.546,0.45
55.547,0.45
55.548,0.45
55.549,0.45
55.55,0.45
55.551,0.45
55.552,0.45
55.553,0.45
55.554,0.45
55.555,0.45
55.556,0.45
55.557,0.45
55.558,0.45
55.559,0.45
55.56,0.45
55.561,0.45
55.562,0.45
55.563,0.45
55.564,0.45
55.565,0.45
55.566,0.45
55.567,0.45
55.568,0.45
55.569,0.45
55.57,0.45
55.571,0.45
55.572,0.45
55.573,0.45
55.574,0.45
55.575,0.45
55.576,0.45
55.577,0.45
55.578,0.45
55.579,0.45
55.58,0.45
55.581,0.45
55.582,0.45
55.583,0.45
55.584,0.45
55.585,0.45
55.586,0.45
55.587,0.45
55.588,0.45
55.589,0.45
55.59,0.45
55.591,0.45
55.592,0.45
55.593,0.45
55.594,0.45
55.595,0.45
55.596,0.45
55.597,0.45
55.598,0.45
55.599,0.45
55.6,0.45
55.601,0.45
55.602,0.45
55.603,0.45
55.604,0.45
55.605,0.45
55.606,0.45
55.607,0.45
55.608,0.45
55.609,0.45
55.61,0.45
55.611,0.45
55.612,0.45
55.613,0.45
55.614,0.45
55.615,0.45
55.616,0.45
55.617,0.45
55.618,0.45
55.619,0.45
55.62,0.45
55.621,0.45
55.622,0.45
55.623,0.45
55.624,0.45
55.625,0.45
55.626,0.45
55.627,0.45
55.628,0.45
55.629,0.45
55.63,0.45
55.631,0.45
55.632,0.45
55.633,0.45
55.634,0.45
55.635,0.45
55.636,0.45
55.637,0.45
55.638,0.45
55.639,0.45
55.64,0.45
55.641,0.45
55.642,0.45
55.643,0.45
55.644,0.45
55.645,0.45
55.646,0.45
55.647,0.45
55.648,0.45
55.649,0.45
55.65,0.45
55.651,0.45
55.652,0.45
55.653,0.45
55.654,0.45
55.655,0.45
55.656,0.45
55.657,0.45
55.658,0.45
55.659,0.45
55.66,0.45
55.661,0.45
55.662,0.45
55.663,0.45
55.664,0.45
55.665,0.45
55.666,0.45
55.667,0.45
55.668,0.45
55.669,0.45
55.67,0.45
55.671,0.45
55.672,0.45
55.673,0.45
55.674,0.45
55.675,0.45
55.676,0.45
55.677,0.45
55.678,0.45
55.679,0.45
55.68,0.45
55.681,0.45
55.682,0.45
55.683,0.45
55.684,0.45
55.685,0.45
55.686,0.45
55.687,0.45
55.688,0.45
55.689,0.45
55.69,0.45
55.691,0.45
55.692,0.45
55.693,0.45
55.694,0.45
55.695,0.45
55.696,0.45
55.697,0.45
55.698,0.45
55.699,0.45
55.7,0.45
55.701,0.45
55.702,0.45
55.703,0.45
55.704,0.45
55.705,0.45
55.706,0.45
55.707,0.45
55.708,0.45
55.709,0.45
55.71,0.45
55.711,0.45
55.712,0.45
55.713,0.45
55.714,0.45
55.715,0.45
55.716,0.45
55.717,0.45
55.718,0.45
55.719,0.45
55.72,0.45
55.721,0.45
55.722,0.45
55.723,0.45
55.724,0.45
55.725,0.45
55.726,0.45
55.727,0.45
55.728,0.45
55.729,0.45
55.73,0.45
55.731,0.45
55.732,0.45
55.733,0.45
55.734,0.45
55.735,0.45
55.736,0.45
55.737,0.45
55.738,0.45
55.739,0.45
55.74,0.45
55.741,0.45
55.742,0.45
55.743,0.45
55.744,0.45
55.745,0.45
55.746,0.45
55.747,0.45
55.748,0.45
55.749,0.45
55.75,0.45
55.751,0.45
55.752,0.45
55.753,0.45
55.754,0.45
55.755,0.45
55.756,0.45
55.757,0.45
55.758,0.45
55.759,0.45
55.76,0.45
55.761,0.45
55.762,0.45
55.763,0.45
55.764,0.45
55.765,0.45
55.766,0.45
55.767,0.45
55.768,0.45
55.769,0.45
55.77,0.45
55.771,0.45
55.772,0.45
55.773,0.45
55.774,0.45
55.775,0.45
55.776,0.45
55.777,0.45
55.778,0.45
55.779,0.45
55.78,0.45
55.781,0.45
55.782,0.45
55.783,0.45
55.784,0.45
55.785,0.45
55.786,0.45
55.787,0.45
55.788,0.45
55.789,0.45
55.79,0.45
55.791,0.45
55.792,0.45
55.793,0.45
55.794,0.45
55.795,0.45
55.796,0.45
55.797,0.45
55.798,0.45
55.799,0.45
55.8,0.45
55.801,0.45
55.802,0.45
55.803,0.45
55.804,0.45
55.805,0.45
55.806,0.45
55.807,0.45
55.808,0.45
55.809,0.45
55.81,0.45
55.811,0.45
55.812,0.45
55.813,0.45
55.814,0.45
55.815,0.45
55.816,0.45
55.817,0.45
55.818,0.45
55.819,0.45
55.82,0.45
55.821,0.45
55.822,0.45
55.823,0.45
55.824,0.45
55.825,0.0
55.826,0.0
55.827,0.0
55.828,0.0
55.829,0.0
55.83,0.0
55.831,0.0
55.832,0.0
55.833,0.0
55.834,0.0
55.835,0.0
55.836,0.0
55.837,0.0
55.838,0.0
55.839,0.0
55.84,0.0
55.841,0.0
55.842,0.0
55.843,0.0
55.844,0.0
55.845,0.0
55.846,0.0
55.847,0.0
55.848,0.0
55.849,0.0
55.85,0.0
55.851,0.0
55.852,0.0
55.853,0.0
55.854,0.0
55.855,0.0
55.856,0.0
55.857,0.0
55.858,0.0
55.859,0.0
55.86,0.0
55.861,0.0
55.862,0.0
55.863,0.0
55.864,0.0
55.865,0.0
55.866,0.0
55.867,0.0
55.868,0.0
55.869,0.0
55.87,0.0
55.871,0.0
55.872,0.0
55.873,0.0
55.874,0.0
55.875,0.0
55.876,0.0
55.877,0.0
55.878,0.0
55.879,0.0
55.88,0.0
55.881,0.0
55.882,0.0
55.883,0.0
55.884,0.0
55.885,0.0
55.886,0.0
55.887,0.0
55.888,0.0
55.889,0.0
55.89,0.0
55.891,0.0
55.892,0.0
55.893,0.0
55.894,0.0
55.895,0.0
55.896,0.0
55.897,0.0
55.898,0.0
55.899,0.0
55.9,0.0
55.901,0.0
55.902,0.0
55.903,0.0
55.904,0.0
55.905,0.0
55.906,0.0
55.907,0.0
55.908,0.0
55.909,0.0
55.91,0.0
55.911,0.0
55.912,0.0
55.913,0.0
55.914,0.0
55.915,0.0
55.916,0.0
55.917,0.0
55.918,0.0
55.919,0.0
55.92,0.0
55.921,0.0
55.922,0.0
55.923,0.0
55.924,0.0
55.925,0.0
55.926,0.0
55.927,0.0
55.928,0.0
55.929,0.0
55.93,0.0
55.931,0.0
55.932,0.0
55.933,0.0
55.934,0.0
55.935,0.0
55.936,0.0
55.937,0.0
55.938,0.0
55.939,0.0
55.94,0.0
55.941,0.0
55.942,0.0
55.943,0.0
55.944,0.0
55.945,0.0
55.946,0.0
55.947,0.0
55.948,0.0
55.949,0.0
55.95,0.0
55.951,0.0
55.952,0.0
55.953,0.0
55.954,0.0
55.955,0.0
55.956,0.0
55.957,0.0
55.958,0.0
55.959,0.0
55.96,0.0
55.961,0.0
55.962,0.0
55.963,0.0
55.964,0.0
55.965,0.0
55.966,0.0
55.967,0.0
55.968,0.0
55.969,0.0
55.97,0.0
55.971,0.0
55.972,0.0
55.973,0.0
55.974,0.0
55.975,0.0
55.976,0.0
55.977,0.0
55.978,0.0
55.979,0.0
55.98,0.0
55.981,0.0
55.982,0.0
55.983,0.0
55.984,0.0
55.985,0.0
55.986,0.0
55.987,0.0
55.988,0.0
55.989,0.0
55.99,0.0
55.991,0.0
55.992,0.0
55.993,0.0
55.994,0.0
55.995,0.0
55.996,0.0
55.997,0.0
55.998,0.0
55.999,0.0
56.0,0.0
56.001,0.0
56.002,0.0
56.003,0.0
56.004,0.0
56.005,0.0
56.006,0.0
56.007,0.0
56.008,0.0
56.009,0.0
56.01,0.0
56.011,0.0
56.012,0.0
56.013,0.0
56.014,0.0
56.015,0.0
56.016,0.0
56.017,0.0
56.018,0.0
56.019,0.0
56.02,0.0
56.021,0.0
56.022,0.0
56.023,0.0
56.024,0.0
56.025,0.0
56.026,0.0
56.027,0.0
56.028,0.0
56.029,0.0
56.03,0.0
56.031,0.0
56.032,0.0
56.033,0.0
56.034,0.0
56.035,0.0
56.036,0.0
56.037,0.0
56.038,0.0
56.039,0.0
56.04,0.0
56.041,0.0
56.042,0.0
56.043,0.0
56.044,0.0
56.045,0.0
56.046,0.0
56.047,0.0
56.048,0.0
56.049,0.0
56.05,0.0
56.051,0.0
56.052,0.0
56.053,0.0
56.054,0.0
56.055,0.0
56.056,0.0
56.057,0.0
56.058,0.0
56.059,0.0
56.06,0.0
56.061,0.0
56.062,0.0
56.063,0.0
56.064,0.0
56.065,0.0
56.066,0.0
56.067,0.0
56.068,0.0
56.069,0.0
56.07,0.0
56.071,0.0
56.072,0.0
56.073,0.0
56.074,0.0
56.075,0.0
56.076,0.0
56.077,0.0
56.078,0.0
56.079,0.0
56.08,0.0
56.081,0.0
56.082,0.0
56.083,0.0
56.084,0.0
56.085,0.0
56.086,0.0
56.087,0.0
56.088,0.0
56.089,0.0
56.09,0.0
56.091,0.0
56.092,0.0
56.093,0.0
56.094,0.0
56.095,0.0
56.096,0.0
56.097,0.0
56.098,0.0
56.099,0.0
56.1,0.0
56.101,0.0
56.102,0.0
56.103,0.0
56.104,0.0
56.105,0.0
56.106,0.0
56.107,0.0
56.108,0.0
56.109,0.0
56.11,0.0
56.111,0.0
56.112,0.0
56.113,0.0
56.114,0.0
56.115,0.0
56.116,0.0
56.117,0.0
56.118,0.0
56.119,0.0
56.12,0.0
56.121,0.0
56.122,0.0
56.123,0.0
56.124,0.0
56.125,0.0
56.126,0.0
56.127,0.0
56.128,0.0
56.129,0.0
56.13,0.0
56.131,0.0
56.132,0.0
56.133,0.0
56.134,0.0
56.135,0.0
56.136,0.0
56.137,0.0
56.138,0.0
56.139,0.0
56.14,0.0
56.141,0.0
56.142,0.0
56.143,0.0
56.144,0.0
56.145,0.0
56.146,0.0
56.147,0.0
56.148,0.0
56.149,0.0
56.15,0.0
56.151,0.0
56.152,0.0
56.153,0.0
56.154,0.0
56.155,0.0
56.156,0.0
56.157,0.0
56.158,0.0
56.159,0.0
56.16,0.0
56.161,0.0
56.162,0.0
56.163,0.0
56.164,0.0
56.165,0.0
56.166,0.0
56.167,0.0
56.168,0.0
56.169,0.0
56.17,0.0
56.171,0.0
56.172,0.0
56.173,0.0
56.174,0.0
56.175,0.0
56.176,0.0
56.177,0.0
56.178,0.0
56.179,0.0
56.18,0.0
56.181,0.0
56.182,0.0
56.183,0.0
56.184,0.0
56.185,0.0
56.186,0.0
56.187,0.0
56.188,0.0
56.189,0.0
56.19,0.0
56.191,0.0
56.192,0.0
56.193,0.0
56.194,0.0
56.195,0.0
56.196,0.0
56.197,0.0
56.198,0.0
56.199,0.0
56.2,0.0
56.201,0.0
56.202,0.0
56.203,0.0
56.204,0.0
56.205,0.0
56.206,0.0
56.207,0.0
56.208,0.0
56.209,0.0
56.21,0.0
56.211,0.0
56.212,0.0
56.213,0.0
56.214,0.0
56.215,0.0
56.216,0.0
56.217,0.0
56.218,0.0
56.219,0.0
56.22,0.0
56.221,0.0
56.222,0.0
56.223,0.0
56.224,0.0
56.225,0.0
56.226,0.0
56.227,0.0
56.228,0.0
56.229,0.0
56.23,0.0
56.231,0.0
56.232,0.0
56.233,0.0
56.234,0.0
56.235,0.0
56.236,0.0
56.237,0.0
56.238,0.0
56.239,0.0
56.24,0.0
56.241,0.0
56.242,0.0
56.243,0.0
56.244,0.0
56.245,0.0
56.246,0.0
56.247,0.0
56.248,0.0
56.249,0.0
56.25,0.0
56.251,0.0
56.252,0.0
56.253,0.0
56.254,0.0
56.255,0.0
56.256,0.0
56.257,0.0
56.258,0.0
56.259,0.0
56.26,0.0
56.261,0.0
56.262,0.0
56.263,0.0
56.264,0.0
56.265,0.0
56.266,0.0
56.267,0.0
56.268,0.0
56.269,0.0
56.27,0.0
56.271,0.0
56.272,0.0
56.273,0.0
56.274,0.0
56.275,0.0
56.276,0.0
56.277,0.0
56.278,0.0
56.279,0.0
56.28,0.0
56.281,0.0
56.282,0.0
56.283,0.0
56.284,0.0
56.285,0.0
56.286,0.0
56.287,0.0
56.288,0.0
56.289,0.0
56.29,0.0
56.291,0.0
56.292,0.0
56.293,0.0
56.294,0.0
56.295,0.0
56.296,0.0
56.297,0.0
56.298,0.0
56.299,0.0
56.3,0.0
56.301,0.0
56.302,0.0
56.303,0.0
56.304,0.0
56.305,0.0
56.306,0.0
56.307,0.0
56.308,0.0
56.309,0.0
56.31,0.0
56.311,0.0
56.312,0.0
56.313,0.0
56.314,0.0
56.315,0.0
56.316,0.0
56.317,0.0
56.318,0.0
56.319,0.0
56.32,0.0
56.321,0.0
56.322,0.0
56.323,0.0
56.324,0.0
56.325,0.0
56.326,0.0
56.327,0.0
56.328,0.0
56.329,0.0
56.33,0.0
56.331,0.0
56.332,0.0
56.333,0.0
56.334,0.0
56.335,0.0
56.336,0.0
56.337,0.0
56.338,0.0
56.339,0.0
56.34,0.0
56.341,0.0
56.342,0.0
56.343,0.0
56.344,0.0
56.345,0.0
56.346,0.0
56.347,0.0
56.348,0.0
56.349,0.0
56.35,0.0
56.351,0.0
56.352,0.0
56.353,0.0
56.354,0.0
56.355,0.0
56.356,0.0
56.357,0.0
56.358,0.0
56.359,0.0
56.36,0.0
56.361,0.0
56.362,0.0
56.363,0.0
56.364,0.0
56.365,0.0
56.366,0.0
56.367,0.0
56.368,0.0
56.369,0.0
56.37,0.0
56.371,0.0
56.372,0.0
56.373,0.0
56.374,0.0
56.375,0.0
56.376,0.0
56.377,0.0
56.378,0.0
56.379,0.0
56.38,0.0
56.381,0.0
56.382,0.0
56.383,0.0
56.384,0.0
56.385,0.0
56.386,0.0
56.387,0.0
56.388,0.0
56.389,0.0
56.39,0.0
56.391,0.0
56.392,0.0
56.393,0.0
56.394,0.0
56.395,0.0
56.396,0.0
56.397,0.0
56.398,0.0
56.399,0.0
56.4,0.0
56.401,0.0
56.402,0.0
56.403,0.0
56.404,0.0
56.405,0.0
56.406,0.0
56.407,0.0
56.408,0.0
56.409,0.0
56.41,0.0
56.411,0.0
56.412,0.0
56.413,0.0
56.414,0.0
56.415,0.0
56.416,0.0
56.417,0.0
56.418,0.0
56.419,0.0
56.42,0.0
56.421,0.0
56.422,0.0
56.423,0.0
56.424,0.0
56.425,0.0
56.426,0.0
56.427,0.0
56.428,0.0
56.429,0.0
56.43,0.0
56.431,0.0
56.432,0.0
56.433,0.0
56.434,0.0
56.435,0.0
56.436,0.0
56.437,0.0
56.438,0.0
56.439,0.0
56.44,0.0
56.441,0.0
56.442,0.0
56.443,0.0
56.444,0.0
56.445,0.0
56.446,0.0
56.447,0.0
56.448,0.0
56.449,0.0
56.45,0.0
56.451,0.0
56.452,0.0
56.453,0.0
56.454,0.0
56.455,0.0
56.456,0.0
56.457,0.0
56.458,0.0
56.459,0.0
56.46,0.0
56.461,0.0
56.462,0.0
56.463,0.0
56.464,0.0
56.465,0.0
56.466,0.0
56.467,0.0
56.468,0.0
56.469,0.0
56.47,0.0
56.471,0.0
56.472,0.0
56.473,0.0
56.474,0.0
56.475,0.0
56.476,0.0
56.477,0.0
56.478,0.0
56.479,0.0
56.48,0.0
56.481,0.0
56.482,0.0
56.483,0.0
56.484,0.0
56.485,0.0
56.486,0.0
56.487,0.0
56.488,0.0
56.489,0.0
56.49,0.0
56.491,0.0
56.492,0.0
56.493,0.0
56.494,0.0
56.495,0.0
56.496,0.0
56.497,0.0
56.498,0.0
56.499,0.0
56.5,0.0
56.501,0.0
56.502,0.0
56.503,0.0
56.504,0.0
56.505,0.0
56.506,0.0
56.507,0.0
56.508,0.0
56.509,0.0
56.51,0.0
56.511,0.0
56.512,0.0
56.513,0.0
56.514,0.0
56.515,0.0
56.516,0.0
56.517,0.0
56.518,0.0
56.519,0.0
56.52,0.0
56.521,0.0
56.522,0.0
56.523,0.0
56.524,0.0
56.525,0.0
56.526,0.0
56.527,0.0
56.528,0.0
56.529,0.0
56.53,0.0
56.531,0.0
56.532,0.0
56.533,0.0
56.534,0.0
56.535,0.0
56.536,0.0
56.537,0.0
56.538,0.0
56.539,0.0
56.54,0.0
56.541,0.0
56.542,0.0
56.543,0.0
56.544,0.0
56.545,0.0
56.546,0.0
56.547,0.0
56.548,0.0
56.549,0.0
56.55,0.0
56.551,0.0
56.552,0.0
56.553,0.0
56.554,0.0
56.555,0.0
56.556,0.0
56.557,0.0
56.558,0.0
56.559,0.0
56.56,0.0
56.561,0.0
56.562,0.0
56.563,0.0
56.564,0.0
56.565,0.0
56.566,0.0
56.567,0.0
56.568,0.0
56.569,0.0
56.57,0.0
56.571,0.0
56.572,0.0
56.573,0.0
56.574,0.0
56.575,0.0
56.576,0.0
56.577,0.0
56.578,0.0
56.579,0.0
56.58,0.0
56.581,0.0
56.582,0.0
56.583,0.0
56.584,0.0
56.585,0.0
56.586,0.0
56.587,0.0
56.588,0.0
56.589,0.0
56.59,0.0
56.591,0.0
56.592,0.0
56.593,0.0
56.594,0.0
56.595,0.0
56.596,0.0
56.597,0.0
56.598,0.0
56.599,0.0
56.6,0.0
56.601,0.0
56.602,0.0
56.603,0.0
56.604,0.0
56.605,0.0
56.606,0.0
56.607,0.0
56.608,0.0
56.609,0.0
56.61,0.0
56.611,0.0
56.612,0.0
56.613,0.0
56.614,0.0
56.615,0.0
56.616,0.0
56.617,0.0
56.618,0.0
56.619,0.0
56.62,0.0
56.621,0.0
56.622,0.0
56.623,0.0
56.624,0.0
56.625,0.0
56.626,0.0
56.627,0.0
56.628,0.0
56.629,0.0
56.63,0.0
56.631,0.0
56.632,0.0
56.633,0.0
56.634,0.0
56.635,0.0
56.636,0.0
56.637,0.0
56.638,0.0
56.639,0.0
56.64,0.0
56.641,0.0
56.642,0.0
56.643,0.0
56.644,0.0
56.645,0.0
56.646,0.0
56.647,0.0
56.648,0.0
56.649,0.0
56.65,0.0
56.651,0.0
56.652,0.0
56.653,0.0
56.654,0.0
56.655,0.0
56.656,0.0
56.657,0.0
56.658,0.0
56.659,0.0
56.66,0.0
56.661,0.0
56.662,0.0
56.663,0.0
56.664,0.0
56.665,0.0
56.666,0.0
56.667,0.0
56.668,0.0
56.669,0.0
56.67,0.0
56.671,0.0
56.672,0.0
56.673,0.0
56.674,0.0
56.675,0.0
56.676,0.0
56.677,0.0
56.678,0.0
56.679,0.0
56.68,0.0
56.681,0.0
56.682,0.0
56.683,0.0
56.684,0.0
56.685,0.0
56.686,0.0
56.687,0.0
56.688,0.0
56.689,0.0
56.69,0.0
56.691,0.0
56.692,0.0
56.693,0.0
56.694,0.0
56.695,0.0
56.696,0.0
56.697,0.0
56.698,0.0
56.699,0.0
56.7,0.0
56.701,0.0
56.702,0.0
56.703,0.0
56.704,0.0
56.705,0.0
56.706,0.0
56.707,0.0
56.708,0.0
56.709,0.0
56.71,0.0
56.711,0.0
56.712,0.0
56.713,0.0
56.714,0.0
56.715,0.0
56.716,0.0
56.717,0.0
56.718,0.0
56.719,0.0
56.72,0.0
56.721,0.0
56.722,0.0
56.723,0.0
56.724,0.0
56.725,0.0
56.726,0.0
56.727,0.0
56.728,0.0
56.729,0.0
56.73,0.0
56.731,0.0
56.732,0.0
56.733,0.0
56.734,0.0
56.735,0.0
56.736,0.0
56.737,0.0
56.738,0.0
56.739,0.0
56.74,0.0
56.741,0.0
56.742,0.0
56.743,0.0
56.744,0.0
56.745,0.0
56.746,0.0
56.747,0.0
56.748,0.0
56.749,0.0
56.75,0.0
56.751,0.0
56.752,0.0
56.753,0.0
56.754,0.0
56.755,0.0
56.756,0.0
56.757,0.0
56.758,0.0
56.759,0.0
56.76,0.0
56.761,0.0
56.762,0.0
56.763,0.0
56.764,0.0
56.765,0.0
56.766,0.0
56.767,0.0
56.768,0.0
56.769,0.0
56.77,0.0
56.771,0.0
56.772,0.0
56.773,0.0
56.774,0.0
56.775,0.0
56.776,0.0
56.777,0.0
56.778,0.0
56.779,0.0
56.78,0.0
56.781,0.0
56.782,0.0
56.783,0.0
56.784,0.0
56.785,0.0
56.786,0.0
56.787,0.0
56.788,0.0
56.789,0.0
56.79,0.0
56.791,0.0
56.792,0.0
56.793,0.0
56.794,0.0
56.795,0.0
56.796,0.0
56.797,0.0
56.798,0.0
56.799,0.0
56.8,0.0
56.801,0.0
56.802,0.0
56.803,0.0
56.804,0.0
56.805,0.0
56.806,0.0
56.807,0.0
56.808,0.0
56.809,0.0
56.81,0.0
56.811,0.0
56.812,0.0
56.813,0.0
56.814,0.0
56.815,0.0
56.816,0.0
56.817,0.0
56.818,0.0
56.819,0.0
56.82,0.0
56.821,0.0
56.822,0.0
56.823,0.0
56.824,0.0
56.825,0.0
56.826,0.0
56.827,0.0
56.828,0.0
56.829,0.0
56.83,0.0
56.831,0.0
56.832,0.0
56.833,0.0
56.834,0.0
56.835,0.0
56.836,0.0
56.837,0.0
56.838,0.0
56.839,0.0
56.84,0.0
56.841,0.0
56.842,0.0
56.843,0.0
56.844,0.0
56.845,0.0
56.846,0.0
56.847,0.0
56.848,0.0
56.849,0.0
56.85,0.0
56.851,0.0
56.852,0.0
56.853,0.0
56.854,0.0
56.855,0.0
56.856,0.0
56.857,0.0
56.858,0.0
56.859,0.0
56.86,0.0
56.861,0.0
56.862,0.0
56.863,0.0
56.864,0.0
56.865,0.0
56.866,0.0
56.867,0.0
56.868,0.0
56.869,0.0
56.87,0.0
56.871,0.0
56.872,0.0
56.873,0.0
56.874,0.0
56.875,0.0
56.876,0.0
56.877,0.0
56.878,0.0
56.879,0.0
56.88,0.0
56.881,0.0
56.882,0.0
56.883,0.0
56.884,0.0
56.885,0.0
56.886,0.0
56.887,0.0
56.888,0.0
56.889,0.0
56.89,0.0
56.891,0.0
56.892,0.0
56.893,0.0
56.894,0.0
56.895,0.0
56.896,0.0
56.897,0.0
56.898,0.0
56.899,0.0
56.9,0.0
56.901,0.0
56.902,0.0
56.903,0.0
56.904,0.0
56.905,0.0
56.906,0.0
56.907,0.0
56.908,0.0
56.909,0.0
56.91,0.0
56.911,0.0
56.912,0.0
56.913,0.0
56.914,0.0
56.915,0.0
56.916,0.0
56.917,0.0
56.918,0.0
56.919,0.0
56.92,0.0
56.921,0.0
56.922,0.0
56.923,0.0
56.924,0.0
56.925,0.0
56.926,0.0
56.927,0.0
56.928,0.0
56.929,0.0
56.93,0.0
56.931,0.0
56.932,0.0
56.933,0.0
56.934,0.0
56.935,0.0
56.936,0.0
56.937,0.0
56.938,0.0
56.939,0.0
56.94,0.0
56.941,0.0
56.942,0.0
56.943,0.0
56.944,0.0
56.945,0.0
56.946,0.0
56.947,0.0
56.948,0.0
56.949,0.0
56.95,0.0
56.951,0.0
56.952,0.0
56.953,0.0
56.954,0.0
56.955,0.0
56.956,0.0
56.957,0.0
56.958,0.0
56.959,0.0
56.96,0.0
56.961,0.0
56.962,0.0
56.963,0.0
56.964,0.0
56.965,0.0
56.966,0.0
56.967,0.0
56.968,0.0
56.969,0.0
56.97,0.0
56.971,0.0
56.972,0.0
56.973,0.0
56.974,0.0
56.975,0.0
56.976,0.0
56.977,0.0
56.978,0.0
56.979,0.0
56.98,0.0
56.981,0.0
56.982,0.0
56.983,0.0
56.984,0.0
56.985,0.0
56.986,0.0
56.987,0.0
56.988,0.0
56.989,0.0
56.99,0.0
56.991,0.0
56.992,0.0
56.993,0.0
56.994,0.0
56.995,0.0
56.996,0.0
56.997,0.0
56.998,0.0
56.999,0.0
57.0,0.0
57.001,0.0
57.002,0.0
57.003,0.0
57.004,0.0
57.005,0.0
57.006,0.0
57.007,0.0
57.008,0.0
57.009,0.0
57.01,0.0
57.011,0.0
57.012,0.0
57.013,0.0
57.014,0.0
57.015,0.0
57.016,0.0
57.017,0.0
57.018,0.0
57.019,0.0
57.02,0.0
57.021,0.0
57.022,0.0
57.023,0.0
57.024,0.0
57.025,0.0
57.026,0.0
57.027,0.0
57.028,0.0
57.029,0.0
57.03,0.0
57.031,0.0
57.032,0.0
57.033,0.0
57.034,0.0
57.035,0.0
57.036,0.0
57.037,0.0
57.038,0.0
57.039,0.0
57.04,0.0
57.041,0.0
57.042,0.0
57.043,0.0
57.044,0.0
57.045,0.0
57.046,0.0
57.047,0.0
57.048,0.0
57.049,0.0
57.05,0.0
57.051,0.0
57.052,0.0
57.053,0.0
57.054,0.0
57.055,0.0
57.056,0.0
57.057,0.0
57.058,0.0
57.059,0.0
57.06,0.0
57.061,0.0
57.062,0.0
57.063,0.0
57.064,0.0
57.065,0.0
57.066,0.0
57.067,0.0
57.068,0.0
57.069,0.0
57.07,0.0
57.071,0.0
57.072,0.0
57.073,0.0
57.074,0.0
57.075,0.0
57.076,0.0
57.077,0.0
57.078,0.0
57.079,0.0
57.08,0.0
57.081,0.0
57.082,0.0
57.083,0.0
57.084,0.0
57.085,0.0
57.086,0.0
57.087,0.0
57.088,0.0
57.089,0.0
57.09,0.0
57.091,0.0
57.092,0.0
57.093,0.0
57.094,0.0
57.095,0.0
57.096,0.0
57.097,0.0
57.098,0.0
57.099,0.0
57.1,0.0
57.101,0.0
57.102,0.0
57.103,0.0
57.104,0.0
57.105,0.0
57.106,0.0
57.107,0.0
57.108,0.0
57.109,0.0
57.11,0.0
57.111,0.0
57.112,0.0
57.113,0.0
57.114,0.0
57.115,0.0
57.116,0.0
57.117,0.0
57.118,0.0
57.119,0.0
57.12,0.0
57.121,0.0
57.122,0.0
57.123,0.0
57.124,0.0
57.125,0.0
57.126,0.0
57.127,0.0
57.128,0.0
57.129,0.0
57.13,0.0
57.131,0.0
57.132,0.0
57.133,0.0
57.134,0.0
57.135,0.0
57.136,0.0
57.137,0.0
57.138,0.0
57.139,0.0
57.14,0.0
57.141,0.0
57.142,0.0
57.143,0.0
57.144,0.0
57.145,0.0
57.146,0.0
57.147,0.0
57.148,0.0
57.149,0.0
57.15,0.0
57.151,0.0
57.152,0.0
57.153,0.0
57.154,0.0
57.155,0.0
57.156,0.0
57.157,0.0
57.158,0.0
57.159,0.0
57.16,0.0
57.161,0.0
57.162,0.0
57.163,0.0
57.164,0.0
57.165,0.0
57.166,0.0
57.167,0.0
57.168,0.0
57.169,0.0
57.17,0.0
57.171,0.0
57.172,0.0
57.173,0.0
57.174,0.0
57.175,0.0
57.176,0.0
57.177,0.0
57.178,0.0
57.179,0.0
57.18,0.0
57.181,0.0
57.182,0.0
57.183,0.0
57.184,0.0
57.185,0.0
57.186,0.0
57.187,0.0
57.188,0.0
57.189,0.0
57.19,0.0
57.191,0.0
57.192,0.0
57.193,0.0
57.194,0.0
57.195,0.0
57.196,0.0
57.197,0.0
57.198,0.0
57.199,0.0
57.2,0.0
57.201,0.0
57.202,0.0
57.203,0.0
57.204,0.0
57.205,0.0
57.206,0.0
57.207,0.0
57.208,0.0
57.209,0.0
57.21,0.0
57.211,0.0
57.212,0.0
57.213,0.0
57.214,0.0
57.215,0.0
57.216,0.0
57.217,0.0
57.218,0.0
57.219,0.0
57.22,0.0
57.221,0.0
57.222,0.0
57.223,0.0
57.224,0.0
57.225,0.0
57.226,0.0
57.227,0.0
57.228,0.0
57.229,0.0
57.23,0.0
57.231,0.0
57.232,0.0
57.233,0.0
57.234,0.0
57.235,0.0
57.236,0.0
57.237,0.0
57.238,0.0
57.239,0.0
57.24,0.0
57.241,0.0
57.242,0.0
57.243,0.0
57.244,0.0
57.245,0.0
57.246,0.45
57.247,0.45
57.248,0.45
57.249,0.45
57.25,0.45
57.251,0.45
57.252,0.45
57.253,0.45
57.254,0.45
57.255,0.45
57.256,0.45
57.257,0.45
57.258,0.45
57.259,0.45
57.26,0.45
57.261,0.45
57.262,0.45
57.263,0.45
57.264,0.45
57.265,0.45
57.266,0.45
57.267,0.45
57.268,0.45
57.269,0.45
57.27,0.45
57.271,0.45
57.272,0.45
57.273,0.45
57.274,0.45
57.275,0.45
57.276,0.45
57.277,0.45
57.278,0.45
57.279,0.45
57.28,0.45
57.281,0.45
57.282,0.45
57.283,0.45
57.284,0.45
57.285,0.45
57.286,0.45
57.287,0.45
57.288,0.45
57.289,0.45
57.29,0.45
57.291,0.45
57.292,0.45
57.293,0.45
57.294,0.45
57.295,0.45
57.296,0.45
57.297,0.45
57.298,0.45
57.299,0.45
57.3,0.45
57.301,0.45
57.302,0.45
57.303,0.45
57.304,0.45
57.305,0.45
57.306,0.45
57.307,0.45
57.308,0.45
57.309,0.45
57.31,0.45
57.311,0.45
57.312,0.45
57.313,0.45
57.314,0.45
57.315,0.45
57.316,0.45
57.317,0.45
57.318,0.45
57.319,0.45
57.32,0.45
57.321,0.45
57.322,0.45
57.323,0.45
57.324,0.45
57.325,0.45
57.326,0.45
57.327,0.45
57.328,0.45
57.329,0.45
57.33,0.45
57.331,0.45
57.332,0.45
57.333,0.45
57.334,0.45
57.335,0.45
57.336,0.45
57.337,0.45
57.338,0.45
57.339,0.45
57.34,0.45
57.341,0.45
57.342,0.45
57.343,0.45
57.344,0.45
57.345,0.45
57.346,0.45
57.347,0.45
57.348,0.45
57.349,0.45
57.35,0.45
57.351,0.45
57.352,0.45
57.353,0.45
57.354,0.45
57.355,0.45
57.356,0.45
57.357,0.45
57.358,0.45
57.359,0.45
57.36,0.45
57.361,0.45
57.362,0.45
57.363,0.45
57.364,0.45
57.365,0.45
57.366,0.45
57.367,0.45
57.368,0.45
57.369,0.45
57.37,0.45
57.371,0.45
57.372,0.45
57.373,0.45
57.374,0.45
57.375,0.45
57.376,0.45
57.377,0.45
57.378,0.45
57.379,0.45
57.38,0.45
57.381,0.45
57.382,0.45
57.383,0.45
57.384,0.45
57.385,0.45
57.386,0.45
57.387,0.45
57.388,0.45
57.389,0.45
57.39,0.45
57.391,0.45
57.392,0.45
57.393,0.45
57.394,0.45
57.395,0.45
57.396,0.45
57.397,0.45
57.398,0.45
57.399,0.45
57.4,0.45
57.401,0.45
57.402,0.45
57.403,0.45
57.404,0.45
57.405,0.45
57.406,0.45
57.407,0.45
57.408,0.45
57.409,0.45
57.41,0.45
57.411,0.45
57.412,0.45
57.413,0.45
57.414,0.45
57.415,0.45
57.416,0.45
57.417,0.45
57.418,0.45
57.419,0.45
57.42,0.45
57.421,0.45
57.422,0.45
57.423,0.45
57.424,0.45
57.425,0.45
57.426,0.45
57.427,0.45
57.428,0.45
57.429,0.45
57.43,0.45
57.431,0.45
57.432,0.45
57.433,0.45
57.434,0.45
57.435,0.45
57.436,0.45
57.437,0.45
57.438,0.45
57.439,0.45
57.44,0.45
57.441,0.45
57.442,0.45
57.443,0.45
57.444,0.45
57.445,0.45
57.446,0.45
57.447,0.45
57.448,0.45
57.449,0.45
57.45,0.45
57.451,0.45
57.452,0.45
57.453,0.45
57.454,0.45
57.455,0.45
57.456,0.45
57.457,0.45
57.458,0.45
57.459,0.45
57.46,0.45
57.461,0.45
57.462,0.45
57.463,0.45
57.464,0.45
57.465,0.45
57.466,0.45
57.467,0.45
57.468,0.45
57.469,0.45
57.47,0.45
57.471,0.45
57.472,0.45
57.473,0.45
57.474,0.45
57.475,0.45
57.476,0.45
57.477,0.45
57.478,0.45
57.479,0.45
57.48,0.45
57.481,0.45
57.482,0.45
57.483,0.45
57.484,0.45
57.485,0.45
57.486,0.45
57.487,0.45
57.488,0.45
57.489,0.45
57.49,0.45
57.491,0.45
57.492,0.45
57.493,0.45
57.494,0.45
57.495,0.45
57.496,0.45
57.497,0.45
57.498,0.45
57.499,0.45
57.5,0.45
57.501,0.45
57.502,0.45
57.503,0.45
57.504,0.45
57.505,0.45
57.506,0.45
57.507,0.45
57.508,0.45
57.509,0.45
57.51,0.45
57.511,0.45
57.512,0.45
57.513,0.45
57.514,0.45
57.515,0.45
57.516,0.45
57.517,0.45
57.518,0.45
57.519,0.45
57.52,0.45
57.521,0.45
57.522,0.45
57.523,0.45
57.524,0.45
57.525,0.45
57.526,0.45
57.527,0.45
57.528,0.45
57.529,0.45
57.53,0.45
57.531,0.45
57.532,0.45
57.533,0.45
57.534,0.45
57.535,0.45
57.536,0.45
57.537,0.45
57.538,0.45
57.539,0.45
57.54,0.45
57.541,0.45
57.542,0.45
57.543,0.45
57.544,0.45
57.545,0.45
57.546,0.45
57.547,0.45
57.548,0.45
57.549,0.45
57.55,0.45
57.551,0.45
57.552,0.45
57.553,0.45
57.554,0.45
57.555,0.45
57.556,0.45
57.557,0.45
57.558,0.45
57.559,0.45
57.56,0.45
57.561,0.45
57.562,0.45
57.563,0.45
57.564,0.45
57.565,0.45
57.566,0.45
57.567,0.45
57.568,0.45
57.569,0.45
57.57,0.45
57.571,0.45
57.572,0.45
57.573,0.45
57.574,0.45
57.575,0.45
57.576,0.45
57.577,0.45
57.578,0.45
57.579,0.45
57.58,0.45
57.581,0.45
57.582,0.45
57.583,0.45
57.584,0.45
57.585,0.45
57.586,0.45
57.587,0.45
57.588,0.45
57.589,0.45
57.59,0.45
57.591,0.45
57.592,0.45
57.593,0.45
57.594,0.45
57.595,0.45
57.596,0.45
57.597,0.45
57.598,0.45
57.599,0.45
57.6,0.45
57.601,0.45
57.602,0.45
57.603,0.45
57.604,0.45
57.605,0.45
57.606,0.45
57.607,0.45
57.608,0.45
57.609,0.45
57.61,0.45
57.611,0.45
57.612,0.45
57.613,0.45
57.614,0.45
57.615,0.45
57.616,0.45
57.617,0.45
57.618,0.45
57.619,0.45
57.62,0.45
57.621,0.45
57.622,0.45
57.623,0.45
57.624,0.45
57.625,0.45
57.626,0.45
57.627,0.45
57.628,0.45
57.629,0.45
57.63,0.45
57.631,0.45
57.632,0.45
57.633,0.45
57.634,0.45
57.635,0.45
57.636,0.45
57.637,0.45
57.638,0.45
57.639,0.45
57.64,0.45
57.641,0.45
57.642,0.45
57.643,0.45
57.644,0.45
57.645,0.45
57.646,0.45
57.647,0.45
57.648,0.45
57.649,0.45
57.65,0.45
57.651,0.45
57.652,0.45
57.653,0.45
57.654,0.45
57.655,0.45
57.656,0.45
57.657,0.45
57.658,0.45
57.659,0.45
57.66,0.45
57.661,0.45
57.662,0.45
57.663,0.45
57.664,0.45
57.665,0.45
57.666,0.45
57.667,0.45
57.668,0.45
57.669,0.45
57.67,0.45
57.671,0.45
57.672,0.45
57.673,0.45
57.674,0.45
57.675,0.45
57.676,0.45
57.677,0.45
57.678,0.45
57.679,0.45
57.68,0.45
57.681,0.45
57.682,0.45
57.683,0.45
57.684,0.45
57.685,0.45
57.686,0.45
57.687,0.45
57.688,0.45
57.689,0.45
57.69,0.45
57.691,0.45
57.692,0.45
57.693,0.45
57.694,0.45
57.695,0.45
57.696,0.45
57.697,0.45
57.698,0.45
57.699,0.45
57.7,0.45
57.701,0.45
57.702,0.45
57.703,0.45
57.704,0.45
57.705,0.45
57.706,0.45
57.707,0.45
57.708,0.45
57.709,0.45
57.71,0.45
57.711,0.45
57.712,0.45
57.713,0.45
57.714,0.45
57.715,0.45
57.716,0.45
57.717,0.45
57.718,0.45
57.719,0.45
57.72,0.45
57.721,0.45
57.722,0.45
57.723,0.45
57.724,0.45
57.725,0.45
57.726,0.45
57.727,0.45
57.728,0.45
57.729,0.45
57.73,0.45
57.731,0.45
57.732,0.45
57.733,0.45
57.734,0.45
57.735,0.45
57.736,0.45
57.737,0.45
57.738,0.45
57.739,0.45
57.74,0.45
57.741,0.45
57.742,0.45
57.743,0.45
57.744,0.45
57.745,0.45
57.746,0.45
57.747,0.45
57.748,0.45
57.749,0.45
57.75,0.45
57.751,0.45
57.752,0.45
57.753,0.45
57.754,0.45
57.755,0.45
57.756,0.45
57.757,0.45
57.758,0.45
57.759,0.45
57.76,0.45
57.761,0.45
57.762,0.45
57.763,0.45
57.764,0.45
57.765,0.45
57.766,0.45
57.767,0.45
57.768,0.45
57.769,0.45
57.77,0.45
57.771,0.45
57.772,0.45
57.773,0.45
57.774,0.45
57.775,0.45
57.776,0.45
57.777,0.45
57.778,0.45
57.779,0.45
57.78,0.45
57.781,0.45
57.782,0.45
57.783,0.45
57.784,0.45
57.785,0.45
57.786,0.45
57.787,0.45
57.788,0.45
57.789,0.45
57.79,0.45
57.791,0.45
57.792,0.45
57.793,0.45
57.794,0.45
57.795,0.45
57.796,0.45
57.797,0.45
57.798,0.45
57.799,0.45
57.8,0.45
57.801,0.45
57.802,0.45
57.803,0.45
57.804,0.45
57.805,0.45
57.806,0.45
57.807,0.45
57.808,0.45
57.809,0.45
57.81,0.45
57.811,0.45
57.812,0.45
57.813,0.45
57.814,0.45
57.815,0.45
57.816,0.45
57.817,0.45
57.818,0.45
57.819,0.45
57.82,0.45
57.821,0.45
57.822,0.45
57.823,0.45
57.824,0.45
57.825,0.45
57.826,0.45
57.827,0.45
57.828,0.45
57.829,0.45
57.83,0.45
57.831,0.45
57.832,0.45
57.833,0.45
57.834,0.45
57.835,0.45
57.836,0.45
57.837,0.45
57.838,0.45
57.839,0.45
57.84,0.45
57.841,0.45
57.842,0.45
57.843,0.45
57.844,0.45
57.845,0.45
57.846,0.45
57.847,0.45
57.848,0.45
57.849,0.45
57.85,0.45
57.851,0.45
57.852,0.45
57.853,0.45
57.854,0.45
57.855,0.45
57.856,0.45
57.857,0.45
57.858,0.45
57.859,0.45
57.86,0.45
57.861,0.45
57.862,0.45
57.863,0.45
57.864,0.45
57.865,0.45
57.866,0.45
57.867,0.45
57.868,0.45
57.869,0.45
57.87,0.45
57.871,0.45
57.872,0.45
57.873,0.45
57.874,0.45
57.875,0.45
57.876,0.45
57.877,0.45
57.878,0.45
57.879,0.45
57.88,0.45
57.881,0.45
57.882,0.45
57.883,0.45
57.884,0.45
57.885,0.45
57.886,0.45
57.887,0.45
57.888,0.45
57.889,0.45
57.89,0.45
57.891,0.45
57.892,0.45
57.893,0.45
57.894,0.45
57.895,0.45
57.896,0.45
57.897,0.45
57.898,0.45
57.899,0.45
57.9,0.45
57.901,0.45
57.902,0.45
57.903,0.45
57.904,0.45
57.905,0.45
57.906,0.45
57.907,0.45
57.908,0.45
57.909,0.45
57.91,0.45
57.911,0.45
57.912,0.45
57.913,0.45
57.914,0.45
57.915,0.45
57.916,0.45
57.917,0.45
57.918,0.45
57.919,0.45
57.92,0.45
57.921,0.45
57.922,0.45
57.923,0.45
57.924,0.45
57.925,0.45
57.926,0.45
57.927,0.45
57.928,0.45
57.929,0.45
57.93,0.45
57.931,0.45
57.932,0.45
57.933,0.45
57.934,0.45
57.935,0.45
57.936,0.45
57.937,0.45
57.938,0.45
57.939,0.45
57.94,0.45
57.941,0.45
57.942,0.45
57.943,0.45
57.944,0.45
57.945,0.45
57.946,0.45
57.947,0.45
57.948,0.45
57.949,0.45
57.95,0.45
57.951,0.45
57.952,0.45
57.953,0.45
57.954,0.45
57.955,0.45
57.956,0.45
57.957,0.45
57.958,0.45
57.959,0.45
57.96,0.45
57.961,0.45
57.962,0.45
57.963,0.45
57.964,0.45
57.965,0.45
57.966,0.45
57.967,0.45
57.968,0.45
57.969,0.45
57.97,0.45
57.971,0.45
57.972,0.45
57.973,0.45
57.974,0.45
57.975,0.45
57.976,0.45
57.977,0.45
57.978,0.45
57.979,0.45
57.98,0.45
57.981,0.45
57.982,0.45
57.983,0.45
57.984,0.45
57.985,0.45
57.986,0.45
57.987,0.45
57.988,0.45
57.989,0.45
57.99,0.45
57.991,0.45
57.992,0.45
57.993,0.45
57.994,0.45
57.995,0.45
57.996,0.45
57.997,0.45
57.998,0.45
57.999,0.45
58.0,0.45
58.001,0.45
58.002,0.45
58.003,0.45
58.004,0.45
58.005,0.45
58.006,0.45
58.007,0.45
58.008,0.45
58.009,0.45
58.01,0.45
58.011,0.45
58.012,0.45
58.013,0.45
58.014,0.45
58.015,0.45
58.016,0.45
58.017,0.45
58.018,0.45
58.019,0.45
58.02,0.45
58.021,0.45
58.022,0.45
58.023,0.45
58.024,0.45
58.025,0.45
58.026,0.45
58.027,0.45
58.028,0.45
58.029,0.45
58.03,0.45
58.031,0.45
58.032,0.45
58.033,0.45
58.034,0.45
58.035,0.45
58.036,0.45
58.037,0.45
58.038,0.45
58.039,0.45
58.04,0.45
58.041,0.45
58.042,0.45
58.043,0.45
58.044,0.45
58.045,0.45
58.046,0.45
58.047,0.45
58.048,0.45
58.049,0.45
58.05,0.45
58.051,0.45
58.052,0.45
58.053,0.45
58.054,0.45
58.055,0.45
58.056,0.45
58.057,0.45
58.058,0.45
58.059,0.45
58.06,0.45
58.061,0.45
58.062,0.45
58.063,0.45
58.064,0.45
58.065,0.45
58.066,0.45
58.067,0.45
58.068,0.45
58.069,0.45
58.07,0.45
58.071,0.45
58.072,0.45
58.073,0.45
58.074,0.45
58.075,0.45
58.076,0.45
58.077,0.45
58.078,0.45
58.079,0.45
58.08,0.45
58.081,0.45
58.082,0.45
58.083,0.45
58.084,0.45
58.085,0.45
58.086,0.45
58.087,0.45
58.088,0.45
58.089,0.45
58.09,0.45
58.091,0.45
58.092,0.45
58.093,0.45
58.094,0.45
58.095,0.45
58.096,0.45
58.097,0.45
58.098,0.45
58.099,0.45
58.1,0.45
58.101,0.45
58.102,0.45
58.103,0.45
58.104,0.45
58.105,0.45
58.106,0.45
58.107,0.45
58.108,0.45
58.109,0.45
58.11,0.45
58.111,0.45
58.112,0.45
58.113,0.45
58.114,0.45
58.115,0.45
58.116,0.45
58.117,0.45
58.118,0.45
58.119,0.45
58.12,0.45
58.121,0.45
58.122,0.45
58.123,0.45
58.124,0.45
58.125,0.45
58.126,0.45
58.127,0.45
58.128,0.45
58.129,0.45
58.13,0.45
58.131,0.45
58.132,0.45
58.133,0.45
58.134,0.45
58.135,0.45
58.136,0.45
58.137,0.45
58.138,0.45
58.139,0.45
58.14,0.45
58.141,0.45
58.142,0.45
58.143,0.45
58.144,0.45
58.145,0.45
58.146,0.45
58.147,0.45
58.148,0.45
58.149,0.45
58.15,0.45
58.151,0.45
58.152,0.45
58.153,0.45
58.154,0.45
58.155,0.45
58.156,0.45
58.157,0.45
58.158,0.45
58.159,0.45
58.16,0.45
58.161,0.45
58.162,0.45
58.163,0.45
58.164,0.45
58.165,0.45
58.166,0.45
58.167,0.45
58.168,0.45
58.169,0.45
58.17,0.45
58.171,0.45
58.172,0.45
58.173,0.45
58.174,0.45
58.175,0.45
58.176,0.45
58.177,0.45
58.178,0.45
58.179,0.45
58.18,0.45
58.181,0.45
58.182,0.45
58.183,0.45
58.184,0.45
58.185,0.45
58.186,0.45
58.187,0.45
58.188,0.45
58.189,0.45
58.19,0.45
58.191,0.45
58.192,0.45
58.193,0.45
58.194,0.45
58.195,0.45
58.196,0.45
58.197,0.45
58.198,0.45
58.199,0.45
58.2,0.45
58.201,0.45
58.202,0.45
58.203,0.45
58.204,0.45
58.205,0.45
58.206,0.45
58.207,0.45
58.208,0.45
58.209,0.45
58.21,0.45
58.211,0.45
58.212,0.45
58.213,0.45
58.214,0.45
58.215,0.45
58.216,0.45
58.217,0.45
58.218,0.45
58.219,0.45
58.22,0.45
58.221,0.45
58.222,0.45
58.223,0.45
58.224,0.45
58.225,0.45
58.226,0.45
58.227,0.45
58.228,0.45
58.229,0.45
58.23,0.45
58.231,0.45
58.232,0.45
58.233,0.45
58.234,0.45
58.235,0.45
58.236,0.45
58.237,0.45
58.238,0.45
58.239,0.45
58.24,0.45
58.241,0.45
58.242,0.45
58.243,0.45
58.244,0.45
58.245,0.45
58.246,0.45
58.247,0.45
58.248,0.45
58.249,0.45
58.25,0.45
58.251,0.45
58.252,0.45
58.253,0.45
58.254,0.45
58.255,0.45
58.256,0.45
58.257,0.45
58.258,0.45
58.259,0.45
58.26,0.45
58.261,0.45
58.262,0.45
58.263,0.45
58.264,0.45
58.265,0.45
58.266,0.45
58.267,0.45
58.268,0.45
58.269,0.45
58.27,0.45
58.271,0.45
58.272,0.45
58.273,0.45
58.274,0.45
58.275,0.45
58.276,0.45
58.277,0.45
58.278,0.45
58.279,0.45
58.28,0.45
58.281,0.45
58.282,0.45
58.283,0.45
58.284,0.45
58.285,0.45
58.286,0.45
58.287,0.45
58.288,0.45
58.289,0.45
58.29,0.45
58.291,0.45
58.292,0.45
58.293,0.45
58.294,0.45
58.295,0.45
58.296,0.45
58.297,0.45
58.298,0.45
58.299,0.45
58.3,0.45
58.301,0.45
58.302,0.45
58.303,0.45
58.304,0.45
58.305,0.45
58.306,0.45
58.307,0.45
58.308,0.45
58.309,0.45
58.31,0.45
58.311,0.45
58.312,0.45
58.313,0.45
58.314,0.45
58.315,0.45
58.316,0.45
58.317,0.45
58.318,0.45
58.319,0.45
58.32,0.45
58.321,0.45
58.322,0.45
58.323,0.45
58.324,0.45
58.325,0.45
58.326,0.45
58.327,0.45
58.328,0.45
58.329,0.45
58.33,0.45
58.331,0.45
58.332,0.45
58.333,0.45
58.334,0.45
58.335,0.45
58.336,0.45
58.337,0.45
58.338,0.45
58.339,0.45
58.34,0.45
58.341,0.45
58.342,0.45
58.343,0.45
58.344,0.45
58.345,0.45
58.346,0.45
58.347,0.45
58.348,0.45
58.349,0.45
58.35,0.45
58.351,0.45
58.352,0.45
58.353,0.45
58.354,0.45
58.355,0.45
58.356,0.45
58.357,0.45
58.358,0.45
58.359,0.45
58.36,0.45
58.361,0.45
58.362,0.45
58.363,0.45
58.364,0.45
58.365,0.45
58.366,0.45
58.367,0.45
58.368,0.45
58.369,0.45
58.37,0.45
58.371,0.45
58.372,0.45
58.373,0.45
58.374,0.45
58.375,0.45
58.376,0.45
58.377,0.45
58.378,0.45
58.379,0.45
58.38,0.45
58.381,0.45
58.382,0.45
58.383,0.45
58.384,0.45
58.385,0.45
58.386,0.45
58.387,0.45
58.388,0.45
58.389,0.45
58.39,0.45
58.391,0.45
58.392,0.45
58.393,0.45
58.394,0.45
58.395,0.45
58.396,0.45
58.397,0.45
58.398,0.45
58.399,0.45
58.4,0.45
58.401,0.45
58.402,0.45
58.403,0.45
58.404,0.45
58.405,0.45
58.406,0.45
58.407,0.45
58.408,0.45
58.409,0.45
58.41,0.45
58.411,0.45
58.412,0.45
58.413,0.45
58.414,0.45
58.415,0.45
58.416,0.45
58.417,0.45
58.418,0.45
58.419,0.45
58.42,0.45
58.421,0.45
58.422,0.45
58.423,0.45
58.424,0.45
58.425,0.45
58.426,0.45
58.427,0.45
58.428,0.45
58.429,0.45
58.43,0.45
58.431,0.45
58.432,0.45
58.433,0.45
58.434,0.45
58.435,0.45
58.436,0.45
58.437,0.45
58.438,0.45
58.439,0.45
58.44,0.45
58.441,0.45
58.442,0.45
58.443,0.45
58.444,0.45
58.445,0.45
58.446,0.45
58.447,0.45
58.448,0.45
58.449,0.45
58.45,0.45
58.451,0.45
58.452,0.45
58.453,0.45
58.454,0.45
58.455,0.45
58.456,0.45
58.457,0.45
58.458,0.45
58.459,0.45
58.46,0.45
58.461,0.45
58.462,0.45
58.463,0.45
58.464,0.45
58.465,0.45
58.466,0.45
58.467,0.45
58.468,0.45
58.469,0.45
58.47,0.45
58.471,0.45
58.472,0.45
58.473,0.45
58.474,0.45
58.475,0.45
58.476,0.45
58.477,0.45
58.478,0.45
58.479,0.45
58.48,0.45
58.481,0.45
58.482,0.45
58.483,0.45
58.484,0.45
58.485,0.45
58.486,0.45
58.487,0.45
58.488,0.45
58.489,0.45
58.49,0.45
58.491,0.45
58.492,0.45
58.493,0.45
58.494,0.45
58.495,0.45
58.496,0.45
58.497,0.45
58.498,0.45
58.499,0.45
58.5,0.45
58.501,0.45
58.502,0.45
58.503,0.45
58.504,0.45
58.505,0.45
58.506,0.45
58.507,0.45
58.508,0.45
58.509,0.45
58.51,0.45
58.511,0.45
58.512,0.45
58.513,0.45
58.514,0.45
58.515,0.45
58.516,0.45
58.517,0.45
58.518,0.45
58.519,0.45
58.52,0.45
58.521,0.45
58.522,0.45
58.523,0.45
58.524,0.45
58.525,0.45
58.526,0.45
58.527,0.45
58.528,0.45
58.529,0.45
58.53,0.45
58.531,0.45
58.532,0.45
58.533,0.45
58.534,0.45
58.535,0.45
58.536,0.45
58.537,0.45
58.538,0.45
58.539,0.45
58.54,0.45
58.541,0.45
58.542,0.45
58.543,0.45
58.544,0.45
58.545,0.45
58.546,0.45
58.547,0.45
58.548,0.45
58.549,0.45
58.55,0.45
58.551,0.45
58.552,0.45
58.553,0.45
58.554,0.45
58.555,0.45
58.556,0.45
58.557,0.45
58.558,0.45
58.559,0.45
58.56,0.45
58.561,0.45
58.562,0.45
58.563,0.45
58.564,0.45
58.565,0.45
58.566,0.45
58.567,0.45
58.568,0.45
58.569,0.45
58.57,0.45
58.571,0.45
58.572,0.45
58.573,0.45
58.574,0.45
58.575,0.45
58.576,0.45
58.577,0.45
58.578,0.45
58.579,0.45
58.58,0.45
58.581,0.45
58.582,0.45
58.583,0.45
58.584,0.45
58.585,0.45
58.586,0.45
58.587,0.45
58.588,0.45
58.589,0.45
58.59,0.45
58.591,0.45
58.592,0.45
58.593,0.45
58.594,0.45
58.595,0.45
58.596,0.45
58.597,0.45
58.598,0.45
58.599,0.45
58.6,0.45
58.601,0.45
58.602,0.45
58.603,0.45
58.604,0.45
58.605,0.45
58.606,0.45
58.607,0.45
58.608,0.45
58.609,0.45
58.61,0.45
58.611,0.45
58.612,0.45
58.613,0.45
58.614,0.45
58.615,0.45
58.616,0.45
58.617,0.45
58.618,0.45
58.619,0.45
58.62,0.45
58.621,0.45
58.622,0.45
58.623,0.45
58.624,0.45
58.625,0.45
58.626,0.45
58.627,0.45
58.628,0.45
58.629,0.45
58.63,0.45
58.631,0.45
58.632,0.45
58.633,0.45
58.634,0.45
58.635,0.45
58.636,0.45
58.637,0.45
58.638,0.45
58.639,0.45
58.64,0.45
58.641,0.45
58.642,0.45
58.643,0.45
58.644,0.45
58.645,0.45
58.646,0.45
58.647,0.45
58.648,0.45
58.649,0.45
58.65,0.45
58.651,0.45
58.652,0.45
58.653,0.45
58.654,0.45
58.655,0.45
58.656,0.45
58.657,0.45
58.658,0.45
58.659,0.45
58.66,0.45
58.661,0.45
58.662,0.45
58.663,0.45
58.664,0.45
58.665,0.45
58.666,0.45
58.667,0.0
58.668,0.0
58.669,0.0
58.67,0.0
58.671,0.0
58.672,0.0
58.673,0.0
58.674,0.0
58.675,0.0
58.676,0.0
58.677,0.0
58.678,0.0
58.679,0.0
58.68,0.0
58.681,0.0
58.682,0.0
58.683,0.0
58.684,0.0
58.685,0.0
58.686,0.0
58.687,0.0
58.688,0.0
58.689,0.0
58.69,0.0
58.691,0.0
58.692,0.0
58.693,0.0
58.694,0.0
58.695,0.0
58.696,0.0
58.697,0.0
58.698,0.0
58.699,0.0
58.7,0.0
58.701,0.0
58.702,0.0
58.703,0.0
58.704,0.0
58.705,0.0
58.706,0.0
58.707,0.0
58.708,0.0
58.709,0.0
58.71,0.0
58.711,0.0
58.712,0.0
58.713,0.0
58.714,0.0
58.715,0.0
58.716,0.0
58.717,0.0
58.718,0.0
58.719,0.0
58.72,0.0
58.721,0.0
58.722,0.0
58.723,0.0
58.724,0.0
58.725,0.0
58.726,0.0
58.727,0.0
58.728,0.0
58.729,0.0
58.73,0.0
58.731,0.0
58.732,0.0
58.733,0.0
58.734,0.0
58.735,0.0
58.736,0.0
58.737,0.0
58.738,0.0
58.739,0.0
58.74,0.0
58.741,0.0
58.742,0.0
58.743,0.0
58.744,0.0
58.745,0.0
58.746,0.0
58.747,0.0
58.748,0.0
58.749,0.0
58.75,0.0
58.751,0.0
58.752,0.0
58.753,0.0
58.754,0.0
58.755,0.0
58.756,0.0
58.757,0.0
58.758,0.0
58.759,0.0
58.76,0.0
58.761,0.0
58.762,0.0
58.763,0.0
58.764,0.0
58.765,0.0
58.766,0.0
58.767,0.0
58.768,0.0
58.769,0.0
58.77,0.0
58.771,0.0
58.772,0.0
58.773,0.0
58.774,0.0
58.775,0.0
58.776,0.0
58.777,0.0
58.778,0.0
58.779,0.0
58.78,0.0
58.781,0.0
58.782,0.0
58.783,0.0
58.784,0.0
58.785,0.0
58.786,0.0
58.787,0.0
58.788,0.0
58.789,0.0
58.79,0.0
58.791,0.0
58.792,0.0
58.793,0.0
58.794,0.0
58.795,0.0
58.796,0.0
58.797,0.0
58.798,0.0
58.799,0.0
58.8,0.0
58.801,0.0
58.802,0.0
58.803,0.0
58.804,0.0
58.805,0.0
58.806,0.0
58.807,0.0
58.808,0.0
58.809,0.0
58.81,0.0
58.811,0.0
58.812,0.0
58.813,0.0
58.814,0.0
58.815,0.0
58.816,0.0
58.817,0.0
58.818,0.0
58.819,0.0
58.82,0.0
58.821,0.0
58.822,0.0
58.823,0.0
58.824,0.0
58.825,0.0
58.826,0.0
58.827,0.0
58.828,0.0
58.829,0.0
58.83,0.0
58.831,0.0
58.832,0.0
58.833,0.0
58.834,0.0
58.835,0.0
58.836,0.0
58.837,0.0
58.838,0.0
58.839,0.0
58.84,0.0
58.841,0.0
58.842,0.0
58.843,0.0
58.844,0.0
58.845,0.0
58.846,0.0
58.847,0.0
58.848,0.0
58.849,0.0
58.85,0.0
58.851,0.0
58.852,0.0
58.853,0.0
58.854,0.0
58.855,0.0
58.856,0.0
58.857,0.0
58.858,0.0
58.859,0.0
58.86,0.0
58.861,0.0
58.862,0.0
58.863,0.0
58.864,0.0
58.865,0.0
58.866,0.0
58.867,0.0
58.868,0.0
58.869,0.0
58.87,0.0
58.871,0.0
58.872,0.0
58.873,0.0
58.874,0.0
58.875,0.0
58.876,0.0
58.877,0.0
58.878,0.0
58.879,0.0
58.88,0.0
58.881,0.0
58.882,0.0
58.883,0.0
58.884,0.0
58.885,0.0
58.886,0.0
58.887,0.0
58.888,0.0
58.889,0.0
58.89,0.0
58.891,0.0
58.892,0.0
58.893,0.0
58.894,0.0
58.895,0.0
58.896,0.0
58.897,0.0
58.898,0.0
58.899,0.0
58.9,0.0
58.901,0.0
58.902,0.0
58.903,0.0
58.904,0.0
58.905,0.0
58.906,0.0
58.907,0.0
58.908,0.0
58.909,0.0
58.91,0.0
58.911,0.0
58.912,0.0
58.913,0.0
58.914,0.0
58.915,0.0
58.916,0.0
58.917,0.0
58.918,0.0
58.919,0.0
58.92,0.0
58.921,0.0
58.922,0.0
58.923,0.0
58.924,0.0
58.925,0.0
58.926,0.0
58.927,0.0
58.928,0.0
58.929,0.0
58.93,0.0
58.931,0.0
58.932,0.0
58.933,0.0
58.934,0.0
58.935,0.0
58.936,0.0
58.937,0.0
58.938,0.0
58.939,0.0
58.94,0.0
58.941,0.0
58.942,0.0
58.943,0.0
58.944,0.0
58.945,0.0
58.946,0.0
58.947,0.0
58.948,0.0
58.949,0.0
58.95,0.0
58.951,0.0
58.952,0.0
58.953,0.0
58.954,0.0
58.955,0.0
58.956,0.0
58.957,0.0
58.958,0.0
58.959,0.0
58.96,0.0
58.961,0.0
58.962,0.0
58.963,0.0
58.964,0.0
58.965,0.0
58.966,0.0
58.967,0.0
58.968,0.0
58.969,0.0
58.97,0.0
58.971,0.0
58.972,0.0
58.973,0.0
58.974,0.0
58.975,0.0
58.976,0.0
58.977,0.0
58.978,0.0
58.979,0.0
58.98,0.0
58.981,0.0
58.982,0.0
58.983,0.0
58.984,0.0
58.985,0.0
58.986,0.0
58.987,0.0
58.988,0.0
58.989,0.0
58.99,0.0
58.991,0.0
58.992,0.0
58.993,0.0
58.994,0.0
58.995,0.0
58.996,0.0
58.997,0.0
58.998,0.0
58.999,0.0
59.0,0.0
59.001,0.0
59.002,0.0
59.003,0.0
59.004,0.0
59.005,0.0
59.006,0.0
59.007,0.0
59.008,0.0
59.009,0.0
59.01,0.0
59.011,0.0
59.012,0.0
59.013,0.0
59.014,0.0
59.015,0.0
59.016,0.0
59.017,0.0
59.018,0.0
59.019,0.0
59.02,0.0
59.021,0.0
59.022,0.0
59.023,0.0
59.024,0.0
59.025,0.0
59.026,0.0
59.027,0.0
59.028,0.0
59.029,0.0
59.03,0.0
59.031,0.0
59.032,0.0
59.033,0.0
59.034,0.0
59.035,0.0
59.036,0.0
59.037,0.0
59.038,0.0
59.039,0.0
59.04,0.0
59.041,0.0
59.042,0.0
59.043,0.0
59.044,0.0
59.045,0.0
59.046,0.0
59.047,0.0
59.048,0.0
59.049,0.0
59.05,0.0
59.051,0.0
59.052,0.0
59.053,0.0
59.054,0.0
59.055,0.0
59.056,0.0
59.057,0.0
59.058,0.0
59.059,0.0
59.06,0.0
59.061,0.0
59.062,0.0
59.063,0.0
59.064,0.0
59.065,0.0
59.066,0.0
59.067,0.0
59.068,0.0
59.069,0.0
59.07,0.0
59.071,0.0
59.072,0.0
59.073,0.0
59.074,0.0
59.075,0.0
59.076,0.0
59.077,0.0
59.078,0.0
59.079,0.0
59.08,0.0
59.081,0.0
59.082,0.0
59.083,0.0
59.084,0.0
59.085,0.0
59.086,0.0
59.087,0.0
59.088,0.0
59.089,0.0
59.09,0.0
59.091,0.0
59.092,0.0
59.093,0.0
59.094,0.0
59.095,0.0
59.096,0.0
59.097,0.0
59.098,0.0
59.099,0.0
59.1,0.0
59.101,0.0
59.102,0.0
59.103,0.0
59.104,0.0
59.105,0.0
59.106,0.0
59.107,0.0
59.108,0.0
59.109,0.0
59.11,0.0
59.111,0.0
59.112,0.0
59.113,0.0
59.114,0.0
59.115,0.0
59.116,0.0
59.117,0.0
59.118,0.0
59.119,0.0
59.12,0.0
59.121,0.0
59.122,0.0
59.123,0.0
59.124,0.0
59.125,0.0
59.126,0.0
59.127,0.0
59.128,0.0
59.129,0.0
59.13,0.0
59.131,0.0
59.132,0.0
59.133,0.0
59.134,0.0
59.135,0.0
59.136,0.0
59.137,0.0
59.138,0.0
59.139,0.0
59.14,0.0
59.141,0.0
59.142,0.0
59.143,0.0
59.144,0.0
59.145,0.0
59.146,0.0
59.147,0.0
59.148,0.0
59.149,0.0
59.15,0.0
59.151,0.0
59.152,0.0
59.153,0.0
59.154,0.0
59.155,0.0
59.156,0.0
59.157,0.0
59.158,0.0
59.159,0.0
59.16,0.0
59.161,0.0
59.162,0.0
59.163,0.0
59.164,0.0
59.165,0.0
59.166,0.0
59.167,0.0
59.168,0.0
59.169,0.0
59.17,0.0
59.171,0.0
59.172,0.0
59.173,0.0
59.174,0.0
59.175,0.0
59.176,0.0
59.177,0.0
59.178,0.0
59.179,0.0
59.18,0.0
59.181,0.0
59.182,0.0
59.183,0.0
59.184,0.0
59.185,0.0
59.186,0.0
59.187,0.0
59.188,0.0
59.189,0.0
59.19,0.0
59.191,0.0
59.192,0.0
59.193,0.0
59.194,0.0
59.195,0.0
59.196,0.0
59.197,0.0
59.198,0.0
59.199,0.0
59.2,0.0
59.201,0.0
59.202,0.0
59.203,0.0
59.204,0.0
59.205,0.0
59.206,0.0
59.207,0.0
59.208,0.0
59.209,0.0
59.21,0.0
59.211,0.0
59.212,0.0
59.213,0.0
59.214,0.0
59.215,0.0
59.216,0.0
59.217,0.0
59.218,0.0
59.219,0.0
59.22,0.0
59.221,0.0
59.222,0.0
59.223,0.0
59.224,0.0
59.225,0.0
59.226,0.0
59.227,0.0
59.228,0.0
59.229,0.0
59.23,0.0
59.231,0.0
59.232,0.0
59.233,0.0
59.234,0.0
59.235,0.0
59.236,0.0
59.237,0.0
59.238,0.0
59.239,0.0
59.24,0.0
59.241,0.0
59.242,0.0
59.243,0.0
59.244,0.0
59.245,0.0
59.246,0.0
59.247,0.0
59.248,0.0
59.249,0.0
59.25,0.0
59.251,0.0
59.252,0.0
59.253,0.0
59.254,0.0
59.255,0.0
59.256,0.0
59.257,0.0
59.258,0.0
59.259,0.0
59.26,0.0
59.261,0.0
59.262,0.0
59.263,0.0
59.264,0.0
59.265,0.0
59.266,0.0
59.267,0.0
59.268,0.0
59.269,0.0
59.27,0.0
59.271,0.0
59.272,0.0
59.273,0.0
59.274,0.0
59.275,0.0
59.276,0.0
59.277,0.0
59.278,0.0
59.279,0.0
59.28,0.0
59.281,0.0
59.282,0.0
59.283,0.0
59.284,0.0
59.285,0.0
59.286,0.0
59.287,0.0
59.288,0.0
59.289,0.0
59.29,0.0
59.291,0.0
59.292,0.0
59.293,0.0
59.294,0.0
59.295,0.0
59.296,0.0
59.297,0.0
59.298,0.0
59.299,0.0
59.3,0.0
59.301,0.0
59.302,0.0
59.303,0.0
59.304,0.0
59.305,0.0
59.306,0.0
59.307,0.0
59.308,0.0
59.309,0.0
59.31,0.0
59.311,0.0
59.312,0.0
59.313,0.0
59.314,0.0
59.315,0.0
59.316,0.0
59.317,0.0
59.318,0.0
59.319,0.0
59.32,0.0
59.321,0.0
59.322,0.0
59.323,0.0
59.324,0.0
59.325,0.0
59.326,0.0
59.327,0.0
59.328,0.0
59.329,0.0
59.33,0.0
59.331,0.0
59.332,0.0
59.333,0.0
59.334,0.0
59.335,0.0
59.336,0.0
59.337,0.0
59.338,0.0
59.339,0.0
59.34,0.0
59.341,0.0
59.342,0.0
59.343,0.0
59.344,0.0
59.345,0.0
59.346,0.0
59.347,0.0
59.348,0.0
59.349,0.0
59.35,0.0
59.351,0.0
59.352,0.0
59.353,0.0
59.354,0.0
59.355,0.0
59.356,0.0
59.357,0.0
59.358,0.0
59.359,0.0
59.36,0.0
59.361,0.0
59.362,0.0
59.363,0.0
59.364,0.0
59.365,0.0
59.366,0.0
59.367,0.0
59.368,0.0
59.369,0.0
59.37,0.0
59.371,0.0
59.372,0.0
59.373,0.0
59.374,0.0
59.375,0.0
59.376,0.0
59.377,0.0
59.378,0.0
59.379,0.0
59.38,0.0
59.381,0.0
59.382,0.0
59.383,0.0
59.384,0.0
59.385,0.0
59.386,0.0
59.387,0.0
59.388,0.0
59.389,0.0
59.39,0.0
59.391,0.0
59.392,0.0
59.393,0.0
59.394,0.0
59.395,0.0
59.396,0.0
59.397,0.0
59.398,0.0
59.399,0.0
59.4,0.0
59.401,0.0
59.402,0.0
59.403,0.0
59.404,0.0
59.405,0.0
59.406,0.0
59.407,0.0
59.408,0.0
59.409,0.0
59.41,0.0
59.411,0.0
59.412,0.0
59.413,0.0
59.414,0.0
59.415,0.0
59.416,0.0
59.417,0.0
59.418,0.0
59.419,0.0
59.42,0.0
59.421,0.0
59.422,0.0
59.423,0.0
59.424,0.0
59.425,0.0
59.426,0.0
59.427,0.0
59.428,0.0
59.429,0.0
59.43,0.0
59.431,0.0
59.432,0.0
59.433,0.0
59.434,0.0
59.435,0.0
59.436,0.0
59.437,0.0
59.438,0.0
59.439,0.0
59.44,0.0
59.441,0.0
59.442,0.0
59.443,0.0
59.444,0.0
59.445,0.0
59.446,0.0
59.447,0.0
59.448,0.0
59.449,0.0
59.45,0.0
59.451,0.0
59.452,0.0
59.453,0.0
59.454,0.0
59.455,0.0
59.456,0.0
59.457,0.0
59.458,0.0
59.459,0.0
59.46,0.0
59.461,0.0
59.462,0.0
59.463,0.0
59.464,0.0
59.465,0.0
59.466,0.0
59.467,0.0
59.468,0.0
59.469,0.0
59.47,0.0
59.471,0.0
59.472,0.0
59.473,0.0
59.474,0.0
59.475,0.0
59.476,0.0
59.477,0.0
59.478,0.0
59.479,0.0
59.48,0.0
59.481,0.0
59.482,0.0
59.483,0.0
59.484,0.0
59.485,0.0
59.486,0.0
59.487,0.0
59.488,0.0
59.489,0.0
59.49,0.0
59.491,0.0
59.492,0.0
59.493,0.0
59.494,0.0
59.495,0.0
59.496,0.0
59.497,0.0
59.498,0.0
59.499,0.0
59.5,0.0
59.501,0.0
59.502,0.0
59.503,0.0
59.504,0.0
59.505,0.0
59.506,0.0
59.507,0.0
59.508,0.0
59.509,0.0
59.51,0.0
59.511,0.0
59.512,0.0
59.513,0.0
59.514,0.0
59.515,0.0
59.516,0.0
59.517,0.0
59.518,0.0
59.519,0.0
59.52,0.0
59.521,0.0
59.522,0.0
59.523,0.0
59.524,0.0
59.525,0.0
59.526,0.0
59.527,0.0
59.528,0.0
59.529,0.0
59.53,0.0
59.531,0.0
59.532,0.0
59.533,0.0
59.534,0.0
59.535,0.0
59.536,0.0
59.537,0.0
59.538,0.0
59.539,0.0
59.54,0.0
59.541,0.0
59.542,0.0
59.543,0.0
59.544,0.0
59.545,0.0
59.546,0.0
59.547,0.0
59.548,0.0
59.549,0.0
59.55,0.0
59.551,0.0
59.552,0.0
59.553,0.0
59.554,0.0
59.555,0.0
59.556,0.0
59.557,0.0
59.558,0.0
59.559,0.0
59.56,0.0
59.561,0.0
59.562,0.0
59.563,0.0
59.564,0.0
59.565,0.0
59.566,0.0
59.567,0.0
59.568,0.0
59.569,0.0
59.57,0.0
59.571,0.0
59.572,0.0
59.573,0.0
59.574,0.0
59.575,0.0
59.576,0.0
59.577,0.0
59.578,0.0
59.579,0.0
59.58,0.0
59.581,0.0
59.582,0.0
59.583,0.0
59.584,0.0
59.585,0.0
59.586,0.0
59.587,0.0
59.588,0.0
59.589,0.0
59.59,0.0
59.591,0.0
59.592,0.0
59.593,0.0
59.594,0.0
59.595,0.0
59.596,0.0
59.597,0.0
59.598,0.0
59.599,0.0
59.6,0.0
59.601,0.0
59.602,0.0
59.603,0.0
59.604,0.0
59.605,0.0
59.606,0.0
59.607,0.0
59.608,0.0
59.609,0.0
59.61,0.0
59.611,0.0
59.612,0.0
59.613,0.0
59.614,0.0
59.615,0.0
59.616,0.0
59.617,0.0
59.618,0.0
59.619,0.0
59.62,0.0
59.621,0.0
59.622,0.0
59.623,0.0
59.624,0.0
59.625,0.0
59.626,0.0
59.627,0.0
59.628,0.0
59.629,0.0
59.63,0.0
59.631,0.0
59.632,0.0
59.633,0.0
59.634,0.0
59.635,0.0
59.636,0.0
59.637,0.0
59.638,0.0
59.639,0.0
59.64,0.0
59.641,0.0
59.642,0.0
59.643,0.0
59.644,0.0
59.645,0.0
59.646,0.0
59.647,0.0
59.648,0.0
59.649,0.0
59.65,0.0
59.651,0.0
59.652,0.0
59.653,0.0
59.654,0.0
59.655,0.0
59.656,0.0
59.657,0.0
59.658,0.0
59.659,0.0
59.66,0.0
59.661,0.0
59.662,0.0
59.663,0.0
59.664,0.0
59.665,0.0
59.666,0.0
59.667,0.0
59.668,0.0
59.669,0.0
59.67,0.0
59.671,0.0
59.672,0.0
59.673,0.0
59.674,0.0
59.675,0.0
59.676,0.0
59.677,0.0
59.678,0.0
59.679,0.0
59.68,0.0
59.681,0.0
59.682,0.0
59.683,0.0
59.684,0.0
59.685,0.0
59.686,0.0
59.687,0.0
59.688,0.0
59.689,0.0
59.69,0.0
59.691,0.0
59.692,0.0
59.693,0.0
59.694,0.0
59.695,0.0
59.696,0.0
59.697,0.0
59.698,0.0
59.699,0.0
59.7,0.0
59.701,0.0
59.702,0.0
59.703,0.0
59.704,0.0
59.705,0.0
59.706,0.0
59.707,0.0
59.708,0.0
59.709,0.0
59.71,0.0
59.711,0.0
59.712,0.0
59.713,0.0
59.714,0.0
59.715,0.0
59.716,0.0
59.717,0.0
59.718,0.0
59.719,0.0
59.72,0.0
59.721,0.0
59.722,0.0
59.723,0.0
59.724,0.0
59.725,0.0
59.726,0.0
59.727,0.0
59.728,0.0
59.729,0.0
59.73,0.0
59.731,0.0
59.732,0.0
59.733,0.0
59.734,0.0
59.735,0.0
59.736,0.0
59.737,0.0
59.738,0.0
59.739,0.0
59.74,0.0
59.741,0.0
59.742,0.0
59.743,0.0
59.744,0.0
59.745,0.0
59.746,0.0
59.747,0.0
59.748,0.0
59.749,0.0
59.75,0.0
59.751,0.0
59.752,0.0
59.753,0.0
59.754,0.0
59.755,0.0
59.756,0.0
59.757,0.0
59.758,0.0
59.759,0.0
59.76,0.0
59.761,0.0
59.762,0.0
59.763,0.0
59.764,0.0
59.765,0.0
59.766,0.0
59.767,0.0
59.768,0.0
59.769,0.0
59.77,0.0
59.771,0.0
59.772,0.0
59.773,0.0
59.774,0.0
59.775,0.0
59.776,0.0
59.777,0.0
59.778,0.0
59.779,0.0
59.78,0.0
59.781,0.0
59.782,0.0
59.783,0.0
59.784,0.0
59.785,0.0
59.786,0.0
59.787,0.0
59.788,0.0
59.789,0.0
59.79,0.0
59.791,0.0
59.792,0.0
59.793,0.0
59.794,0.0
59.795,0.0
59.796,0.0
59.797,0.0
59.798,0.0
59.799,0.0
59.8,0.0
59.801,0.0
59.802,0.0
59.803,0.0
59.804,0.0
59.805,0.0
59.806,0.0
59.807,0.0
59.808,0.0
59.809,0.0
59.81,0.0
59.811,0.0
59.812,0.0
59.813,0.0
59.814,0.0
59.815,0.0
59.816,0.0
59.817,0.0
59.818,0.0
59.819,0.0
59.82,0.0
59.821,0.0
59.822,0.0
59.823,0.0
59.824,0.0
59.825,0.0
59.826,0.0
59.827,0.0
59.828,0.0
59.829,0.0
59.83,0.0
59.831,0.0
59.832,0.0
59.833,0.0
59.834,0.0
59.835,0.0
59.836,0.0
59.837,0.0
59.838,0.0
59.839,0.0
59.84,0.0
59.841,0.0
59.842,0.0
59.843,0.0
59.844,0.0
59.845,0.0
59.846,0.0
59.847,0.0
59.848,0.0
59.849,0.0
59.85,0.0
59.851,0.0
59.852,0.0
59.853,0.0
59.854,0.0
59.855,0.0
59.856,0.0
59.857,0.0
59.858,0.0
59.859,0.0
59.86,0.0
59.861,0.0
59.862,0.0
59.863,0.0
59.864,0.0
59.865,0.0
59.866,0.0
59.867,0.0
59.868,0.0
59.869,0.0
59.87,0.0
59.871,0.0
59.872,0.0
59.873,0.0
59.874,0.0
59.875,0.0
59.876,0.0
59.877,0.0
59.878,0.0
59.879,0.0
59.88,0.0
59.881,0.0
59.882,0.0
59.883,0.0
59.884,0.0
59.885,0.0
59.886,0.0
59.887,0.0
59.888,0.0
59.889,0.0
59.89,0.0
59.891,0.0
59.892,0.0
59.893,0.0
59.894,0.0
59.895,0.0
59.896,0.0
59.897,0.0
59.898,0.0
59.899,0.0
59.9,0.0
59.901,0.0
59.902,0.0
59.903,0.0
59.904,0.0
59.905,0.0
59.906,0.0
59.907,0.0
59.908,0.0
59.909,0.0
59.91,0.0
59.911,0.0
59.912,0.0
59.913,0.0
59.914,0.0
59.915,0.0
59.916,0.0
59.917,0.0
59.918,0.0
59.919,0.0
59.92,0.0
59.921,0.0
59.922,0.0
59.923,0.0
59.924,0.0
59.925,0.0
59.926,0.0
59.927,0.0
59.928,0.0
59.929,0.0
59.93,0.0
59.931,0.0
59.932,0.0
59.933,0.0
59.934,0.0
59.935,0.0
59.936,0.0
59.937,0.0
59.938,0.0
59.939,0.0
59.94,0.0
59.941,0.0
59.942,0.0
59.943,0.0
59.944,0.0
59.945,0.0
59.946,0.0
59.947,0.0
59.948,0.0
59.949,0.0
59.95,0.0
59.951,0.0
59.952,0.0
59.953,0.0
59.954,0.0
59.955,0.0
59.956,0.0
59.957,0.0
59.958,0.0
59.959,0.0
59.96,0.0
59.961,0.0
59.962,0.0
59.963,0.0
59.964,0.0
59.965,0.0
59.966,0.0
59.967,0.0
59.968,0.0
59.969,0.0
59.97,0.0
59.971,0.0
59.972,0.0
59.973,0.0
59.974,0.0
59.975,0.0
59.976,0.0
59.977,0.0
59.978,0.0
59.979,0.0
59.98,0.0
59.981,0.0
59.982,0.0
59.983,0.0
59.984,0.0
59.985,0.0
59.986,0.0
59.987,0.0
59.988,0.0
59.989,0.0
59.99,0.0
59.991,0.0
59.992,0.0
59.993,0.0
59.994,0.0
59.995,0.0
59.996,0.0
59.997,0.0
59.998,0.0
59.999,0.0
60.0,0.0
60.001,0.0
60.002,0.0
60.003,0.0
60.004,0.0
60.005,0.0
60.006,0.0
60.007,0.0
60.008,0.0
60.009,0.0
60.01,0.0
60.011,0.0
60.012,0.0
60.013,0.0
60.014,0.0
60.015,0.0
60.016,0.0
60.017,0.0
60.018,0.0
60.019,0.0
60.02,0.0
60.021,0.0
60.022,0.0
60.023,0.0
60.024,0.0
60.025,0.0
60.026,0.0
60.027,0.0
60.028,0.0
60.029,0.0
60.03,0.0
60.031,0.0
60.032,0.0
60.033,0.0
60.034,0.0
60.035,0.0
60.036,0.0
60.037,0.0
60.038,0.0
60.039,0.0
60.04,0.0
60.041,0.0
60.042,0.0
60.043,0.0
60.044,0.0
60.045,0.0
60.046,0.0
60.047,0.0
60.048,0.0
60.049,0.0
60.05,0.0
60.051,0.0
60.052,0.0
60.053,0.0
60.054,0.0
60.055,0.0
60.056,0.0
60.057,0.0
60.058,0.0
60.059,0.0
60.06,0.0
60.061,0.0
60.062,0.0
60.063,0.0
60.064,0.0
60.065,0.0
60.066,0.0
60.067,0.0
60.068,0.0
60.069,0.0
60.07,0.0
60.071,0.0
60.072,0.0
60.073,0.0
60.074,0.0
60.075,0.0
60.076,0.0
60.077,0.0
60.078,0.0
60.079,0.0
60.08,0.0
60.081,0.0
60.082,0.0
60.083,0.0
60.084,0.0
60.085,0.0
60.086,0.0
60.087,0.0
60.088,0.45
60.089,0.45
60.09,0.45
60.091,0.45
60.092,0.45
60.093,0.45
60.094,0.45
60.095,0.45
60.096,0.45
60.097,0.45
60.098,0.45
60.099,0.45
60.1,0.45
60.101,0.45
60.102,0.45
60.103,0.45
60.104,0.45
60.105,0.45
60.106,0.45
60.107,0.45
60.108,0.45
60.109,0.45
60.11,0.45
60.111,0.45
60.112,0.45
60.113,0.45
60.114,0.45
60.115,0.45
60.116,0.45
60.117,0.45
60.118,0.45
60.119,0.45
60.12,0.45
60.121,0.45
60.122,0.45
60.123,0.45
60.124,0.45
60.125,0.45
60.126,0.45
60.127,0.45
60.128,0.45
60.129,0.45
60.13,0.45
60.131,0.45
60.132,0.45
60.133,0.45
60.134,0.45
60.135,0.45
60.136,0.45
60.137,0.45
60.138,0.45
60.139,0.45
60.14,0.45
60.141,0.45
60.142,0.45
60.143,0.45
60.144,0.45
60.145,0.45
60.146,0.45
60.147,0.45
60.148,0.45
60.149,0.45
60.15,0.45
60.151,0.45
60.152,0.45
60.153,0.45
60.154,0.45
60.155,0.45
60.156,0.45
60.157,0.45
60.158,0.45
60.159,0.45
60.16,0.45
60.161,0.45
60.162,0.45
60.163,0.45
60.164,0.45
60.165,0.45
60.166,0.45
60.167,0.45
60.168,0.45
60.169,0.45
60.17,0.45
60.171,0.45
60.172,0.45
60.173,0.45
60.174,0.45
60.175,0.45
60.176,0.45
60.177,0.45
60.178,0.45
60.179,0.45
60.18,0.45
60.181,0.45
60.182,0.45
60.183,0.45
60.184,0.45
60.185,0.45
60.186,0.45
60.187,0.45
60.188,0.45
60.189,0.45
60.19,0.45
60.191,0.45
60.192,0.45
60.193,0.45
60.194,0.45
60.195,0.45
60.196,0.45
60.197,0.45
60.198,0.45
60.199,0.45
60.2,0.45
60.201,0.45
60.202,0.45
60.203,0.45
60.204,0.45
60.205,0.45
60.206,0.45
60.207,0.45
60.208,0.45
60.209,0.45
60.21,0.45
60.211,0.45
60.212,0.45
60.213,0.45
60.214,0.45
60.215,0.45
60.216,0.45
60.217,0.45
60.218,0.45
60.219,0.45
60.22,0.45
60.221,0.45
60.222,0.45
60.223,0.45
60.224,0.45
60.225,0.45
60.226,0.45
60.227,0.45
60.228,0.45
60.229,0.45
60.23,0.45
60.231,0.45
60.232,0.45
60.233,0.45
60.234,0.45
60.235,0.45
60.236,0.45
60.237,0.45
60.238,0.45
60.239,0.45
60.24,0.45
60.241,0.45
60.242,0.45
60.243,0.45
60.244,0.45
60.245,0.45
60.246,0.45
60.247,0.45
60.248,0.45
60.249,0.45
60.25,0.45
60.251,0.45
60.252,0.45
60.253,0.45
60.254,0.45
60.255,0.45
60.256,0.45
60.257,0.45
60.258,0.45
60.259,0.45
60.26,0.45
60.261,0.45
60.262,0.45
60.263,0.45
60.264,0.45
60.265,0.45
60.266,0.45
60.267,0.45
60.268,0.45
60.269,0.45
60.27,0.45
60.271,0.45
60.272,0.45
60.273,0.45
60.274,0.45
60.275,0.45
60.276,0.45
60.277,0.45
60.278,0.45
60.279,0.45
60.28,0.45
60.281,0.45
60.282,0.45
60.283,0.45
60.284,0.45
60.285,0.45
60.286,0.45
60.287,0.45
60.288,0.45
60.289,0.45
60.29,0.45
60.291,0.45
60.292,0.45
60.293,0.45
60.294,0.45
60.295,0.45
60.296,0.45
60.297,0.45
60.298,0.45
60.299,0.45
60.3,0.45
60.301,0.45
60.302,0.45
60.303,0.45
60.304,0.45
60.305,0.45
60.306,0.45
60.307,0.45
60.308,0.45
60.309,0.45
60.31,0.45
60.311,0.45
60.312,0.45
60.313,0.45
60.314,0.45
60.315,0.45
60.316,0.45
60.317,0.45
60.318,0.45
60.319,0.45
60.32,0.45
60.321,0.45
60.322,0.45
60.323,0.45
60.324,0.45
60.325,0.45
60.326,0.45
60.327,0.45
60.328,0.45
60.329,0.45
60.33,0.45
60.331,0.45
60.332,0.45
60.333,0.45
60.334,0.45
60.335,0.45
60.336,0.45
60.337,0.45
60.338,0.45
60.339,0.45
60.34,0.45
60.341,0.45
60.342,0.45
60.343,0.45
60.344,0.45
60.345,0.45
60.346,0.45
60.347,0.45
60.348,0.45
60.349,0.45
60.35,0.45
60.351,0.45
60.352,0.45
60.353,0.45
60.354,0.45
60.355,0.45
60.356,0.45
60.357,0.45
60.358,0.45
60.359,0.45
60.36,0.45
60.361,0.45
60.362,0.45
60.363,0.45
60.364,0.45
60.365,0.45
60.366,0.45
60.367,0.45
60.368,0.45
60.369,0.45
60.37,0.45
60.371,0.45
60.372,0.45
60.373,0.45
60.374,0.45
60.375,0.45
60.376,0.45
60.377,0.45
60.378,0.45
60.379,0.45
60.38,0.45
60.381,0.45
60.382,0.45
60.383,0.45
60.384,0.45
60.385,0.45
60.386,0.45
60.387,0.45
60.388,0.45
60.389,0.45
60.39,0.45
60.391,0.45
60.392,0.45
60.393,0.45
60.394,0.45
60.395,0.45
60.396,0.45
60.397,0.45
60.398,0.45
60.399,0.45
60.4,0.45
60.401,0.45
60.402,0.45
60.403,0.45
60.404,0.45
60.405,0.45
60.406,0.45
60.407,0.45
60.408,0.45
60.409,0.45
60.41,0.45
60.411,0.45
60.412,0.45
60.413,0.45
60.414,0.45
60.415,0.45
60.416,0.45
60.417,0.45
60.418,0.45
60.419,0.45
60.42,0.45
60.421,0.45
60.422,0.45
60.423,0.45
60.424,0.45
60.425,0.45
60.426,0.45
60.427,0.45
60.428,0.45
60.429,0.45
60.43,0.45
60.431,0.45
60.432,0.45
60.433,0.45
60.434,0.45
60.435,0.45
60.436,0.45
60.437,0.45
60.438,0.45
60.439,0.45
60.44,0.45
60.441,0.45
60.442,0.45
60.443,0.45
60.444,0.45
60.445,0.45
60.446,0.45
60.447,0.45
60.448,0.45
60.449,0.45
60.45,0.45
60.451,0.45
60.452,0.45
60.453,0.45
60.454,0.45
60.455,0.45
60.456,0.45
60.457,0.45
60.458,0.45
60.459,0.45
60.46,0.45
60.461,0.45
60.462,0.45
60.463,0.45
60.464,0.45
60.465,0.45
60.466,0.45
60.467,0.45
60.468,0.45
60.469,0.45
60.47,0.45
60.471,0.45
60.472,0.45
60.473,0.45
60.474,0.45
60.475,0.45
60.476,0.45
60.477,0.45
60.478,0.45
60.479,0.45
60.48,0.45
60.481,0.45
60.482,0.45
60.483,0.45
60.484,0.45
60.485,0.45
60.486,0.45
60.487,0.45
60.488,0.45
60.489,0.45
60.49,0.45
60.491,0.45
60.492,0.45
60.493,0.45
60.494,0.45
60.495,0.45
60.496,0.45
60.497,0.45
60.498,0.45
60.499,0.45
60.5,0.45
60.501,0.45
60.502,0.45
60.503,0.45
60.504,0.45
60.505,0.45
60.506,0.45
60.507,0.45
60.508,0.45
60.509,0.45
60.51,0.45
60.511,0.45
60.512,0.45
60.513,0.45
60.514,0.45
60.515,0.45
60.516,0.45
60.517,0.45
60.518,0.45
60.519,0.45
60.52,0.45
60.521,0.45
60.522,0.45
60.523,0.45
60.524,0.45
60.525,0.45
60.526,0.45
60.527,0.45
60.528,0.45
60.529,0.45
60.53,0.45
60.531,0.45
60.532,0.45
60.533,0.45
60.534,0.45
60.535,0.45
60.536,0.45
60.537,0.45
60.538,0.45
60.539,0.45
60.54,0.45
60.541,0.45
60.542,0.45
60.543,0.45
60.544,0.45
60.545,0.45
60.546,0.45
60.547,0.45
60.548,0.45
60.549,0.45
60.55,0.45
60.551,0.45
60.552,0.45
60.553,0.45
60.554,0.45
60.555,0.45
60.556,0.45
60.557,0.45
60.558,0.45
60.559,0.45
60.56,0.45
60.561,0.45
60.562,0.45
60.563,0.45
60.564,0.45
60.565,0.45
60.566,0.45
60.567,0.45
60.568,0.45
60.569,0.45
60.57,0.45
60.571,0.45
60.572,0.45
60.573,0.45
60.574,0.45
60.575,0.45
60.576,0.45
60.577,0.45
60.578,0.45
60.579,0.45
60.58,0.45
60.581,0.45
60.582,0.45
60.583,0.45
60.584,0.45
60.585,0.45
60.586,0.45
60.587,0.45
60.588,0.45
60.589,0.45
60.59,0.45
60.591,0.45
60.592,0.45
60.593,0.45
60.594,0.45
60.595,0.45
60.596,0.45
60.597,0.45
60.598,0.45
60.599,0.45
60.6,0.45
60.601,0.45
60.602,0.45
60.603,0.45
60.604,0.45
60.605,0.45
60.606,0.45
60.607,0.45
60.608,0.45
60.609,0.45
60.61,0.45
60.611,0.45
60.612,0.45
60.613,0.45
60.614,0.45
60.615,0.45
60.616,0.45
60.617,0.45
60.618,0.45
60.619,0.45
60.62,0.45
60.621,0.45
60.622,0.45
60.623,0.45
60.624,0.45
60.625,0.45
60.626,0.45
60.627,0.45
60.628,0.45
60.629,0.45
60.63,0.45
60.631,0.45
60.632,0.45
60.633,0.45
60.634,0.45
60.635,0.45
60.636,0.45
60.637,0.45
60.638,0.45
60.639,0.45
60.64,0.45
60.641,0.45
60.642,0.45
60.643,0.45
60.644,0.45
60.645,0.45
60.646,0.45
60.647,0.45
60.648,0.45
60.649,0.45
60.65,0.45
60.651,0.45
60.652,0.45
60.653,0.45
60.654,0.45
60.655,0.45
60.656,0.45
60.657,0.45
60.658,0.45
60.659,0.45
60.66,0.45
60.661,0.45
60.662,0.45
60.663,0.45
60.664,0.45
60.665,0.45
60.666,0.45
60.667,0.45
60.668,0.45
60.669,0.45
60.67,0.45
60.671,0.45
60.672,0.45
60.673,0.45
60.674,0.45
60.675,0.45
60.676,0.45
60.677,0.45
60.678,0.45
60.679,0.45
60.68,0.45
60.681,0.45
60.682,0.45
60.683,0.45
60.684,0.45
60.685,0.45
60.686,0.45
60.687,0.45
60.688,0.45
60.689,0.45
60.69,0.45
60.691,0.45
60.692,0.45
60.693,0.45
60.694,0.45
60.695,0.45
60.696,0.45
60.697,0.45
60.698,0.45
60.699,0.45
60.7,0.45
60.701,0.45
60.702,0.45
60.703,0.45
60.704,0.45
60.705,0.45
60.706,0.45
60.707,0.45
60.708,0.45
60.709,0.45
60.71,0.45
60.711,0.45
60.712,0.45
60.713,0.45
60.714,0.45
60.715,0.45
60.716,0.45
60.717,0.45
60.718,0.45
60.719,0.45
60.72,0.45
60.721,0.45
60.722,0.45
60.723,0.45
60.724,0.45
60.725,0.45
60.726,0.45
60.727,0.45
60.728,0.45
60.729,0.45
60.73,0.45
60.731,0.45
60.732,0.45
60.733,0.45
60.734,0.45
60.735,0.45
60.736,0.45
60.737,0.45
60.738,0.45
60.739,0.45
60.74,0.45
60.741,0.45
60.742,0.45
60.743,0.45
60.744,0.45
60.745,0.45
60.746,0.45
60.747,0.45
60.748,0.45
60.749,0.45
60.75,0.45
60.751,0.45
60.752,0.45
60.753,0.45
60.754,0.45
60.755,0.45
60.756,0.45
60.757,0.45
60.758,0.45
60.759,0.45
60.76,0.45
60.761,0.45
60.762,0.45
60.763,0.45
60.764,0.45
60.765,0.45
60.766,0.45
60.767,0.45
60.768,0.45
60.769,0.45
60.77,0.45
60.771,0.45
60.772,0.45
60.773,0.45
60.774,0.45
60.775,0.45
60.776,0.45
60.777,0.45
60.778,0.45
60.779,0.45
60.78,0.45
60.781,0.45
60.782,0.45
60.783,0.45
60.784,0.45
60.785,0.45
60.786,0.45
60.787,0.45
60.788,0.45
60.789,0.45
60.79,0.45
60.791,0.45
60.792,0.45
60.793,0.45
60.794,0.45
60.795,0.45
60.796,0.45
60.797,0.45
60.798,0.45
60.799,0.45
60.8,0.45
60.801,0.45
60.802,0.45
60.803,0.45
60.804,0.45
60.805,0.45
60.806,0.45
60.807,0.45
60.808,0.45
60.809,0.45
60.81,0.45
60.811,0.45
60.812,0.45
60.813,0.45
60.814,0.45
60.815,0.45
60.816,0.45
60.817,0.45
60.818,0.45
60.819,0.45
60.82,0.45
60.821,0.45
60.822,0.45
60.823,0.45
60.824,0.45
60.825,0.45
60.826,0.45
60.827,0.45
60.828,0.45
60.829,0.45
60.83,0.45
60.831,0.45
60.832,0.45
60.833,0.45
60.834,0.45
60.835,0.45
60.836,0.45
60.837,0.45
60.838,0.45
60.839,0.45
60.84,0.45
60.841,0.45
60.842,0.45
60.843,0.45
60.844,0.45
60.845,0.45
60.846,0.45
60.847,0.45
60.848,0.45
60.849,0.45
60.85,0.45
60.851,0.45
60.852,0.45
60.853,0.45
60.854,0.45
60.855,0.45
60.856,0.45
60.857,0.45
60.858,0.45
60.859,0.45
60.86,0.45
60.861,0.45
60.862,0.45
60.863,0.45
60.864,0.45
60.865,0.45
60.866,0.45
60.867,0.45
60.868,0.45
60.869,0.45
60.87,0.45
60.871,0.45
60.872,0.45
60.873,0.45
60.874,0.45
60.875,0.45
60.876,0.45
60.877,0.45
60.878,0.45
60.879,0.45
60.88,0.45
60.881,0.45
60.882,0.45
60.883,0.45
60.884,0.45
60.885,0.45
60.886,0.45
60.887,0.45
60.888,0.45
60.889,0.45
60.89,0.45
60.891,0.45
60.892,0.45
60.893,0.45
60.894,0.45
60.895,0.45
60.896,0.45
60.897,0.45
60.898,0.45
60.899,0.45
60.9,0.45
60.901,0.45
60.902,0.45
60.903,0.45
60.904,0.45
60.905,0.45
60.906,0.45
60.907,0.45
60.908,0.45
60.909,0.45
60.91,0.45
60.911,0.45
60.912,0.45
60.913,0.45
60.914,0.45
60.915,0.45
60.916,0.45
60.917,0.45
60.918,0.45
60.919,0.45
60.92,0.45
60.921,0.45
60.922,0.45
60.923,0.45
60.924,0.45
60.925,0.45
60.926,0.45
60.927,0.45
60.928,0.45
60.929,0.45
60.93,0.45
60.931,0.45
60.932,0.45
60.933,0.45
60.934,0.45
60.935,0.45
60.936,0.45
60.937,0.45
60.938,0.45
60.939,0.45
60.94,0.45
60.941,0.45
60.942,0.45
60.943,0.45
60.944,0.45
60.945,0.45
60.946,0.45
60.947,0.45
60.948,0.45
60.949,0.45
60.95,0.45
60.951,0.45
60.952,0.45
60.953,0.45
60.954,0.45
60.955,0.45
60.956,0.45
60.957,0.45
60.958,0.45
60.959,0.45
60.96,0.45
60.961,0.45
60.962,0.45
60.963,0.45
60.964,0.45
60.965,0.45
60.966,0.45
60.967,0.45
60.968,0.45
60.969,0.45
60.97,0.45
60.971,0.45
60.972,0.45
60.973,0.45
60.974,0.45
60.975,0.45
60.976,0.45
60.977,0.45
60.978,0.45
60.979,0.45
60.98,0.45
60.981,0.45
60.982,0.45
60.983,0.45
60.984,0.45
60.985,0.45
60.986,0.45
60.987,0.45
60.988,0.45
60.989,0.45
60.99,0.45
60.991,0.45
60.992,0.45
60.993,0.45
60.994,0.45
60.995,0.45
60.996,0.45
60.997,0.45
60.998,0.45
60.999,0.45
61.0,0.45
61.001,0.45
61.002,0.45
61.003,0.45
61.004,0.45
61.005,0.45
61.006,0.45
61.007,0.45
61.008,0.45
61.009,0.45
61.01,0.45
61.011,0.45
61.012,0.45
61.013,0.45
61.014,0.45
61.015,0.45
61.016,0.45
61.017,0.45
61.018,0.45
61.019,0.45
61.02,0.45
61.021,0.45
61.022,0.45
61.023,0.45
61.024,0.45
61.025,0.45
61.026,0.45
61.027,0.45
61.028,0.45
61.029,0.45
61.03,0.45
61.031,0.45
61.032,0.45
61.033,0.45
61.034,0.45
61.035,0.45
61.036,0.45
61.037,0.45
61.038,0.45
61.039,0.45
61.04,0.45
61.041,0.45
61.042,0.45
61.043,0.45
61.044,0.45
61.045,0.45
61.046,0.45
61.047,0.45
61.048,0.45
61.049,0.45
61.05,0.45
61.051,0.45
61.052,0.45
61.053,0.45
61.054,0.45
61.055,0.45
61.056,0.45
61.057,0.45
61.058,0.45
61.059,0.45
61.06,0.45
61.061,0.45
61.062,0.45
61.063,0.45
61.064,0.45
61.065,0.45
61.066,0.45
61.067,0.45
61.068,0.45
61.069,0.45
61.07,0.45
61.071,0.45
61.072,0.45
61.073,0.45
61.074,0.45
61.075,0.45
61.076,0.45
61.077,0.45
61.078,0.45
61.079,0.45
61.08,0.45
61.081,0.45
61.082,0.45
61.083,0.45
61.084,0.45
61.085,0.45
61.086,0.45
61.087,0.45
61.088,0.45
61.089,0.45
61.09,0.45
61.091,0.45
61.092,0.45
61.093,0.45
61.094,0.45
61.095,0.45
61.096,0.45
61.097,0.45
61.098,0.45
61.099,0.45
61.1,0.45
61.101,0.45
61.102,0.45
61.103,0.45
61.104,0.45
61.105,0.45
61.106,0.45
61.107,0.45
61.108,0.45
61.109,0.45
61.11,0.45
61.111,0.45
61.112,0.45
61.113,0.45
61.114,0.45
61.115,0.45
61.116,0.45
61.117,0.45
61.118,0.45
61.119,0.45
61.12,0.45
61.121,0.45
61.122,0.45
61.123,0.45
61.124,0.45
61.125,0.45
61.126,0.45
61.127,0.45
61.128,0.45
61.129,0.45
61.13,0.45
61.131,0.45
61.132,0.45
61.133,0.45
61.134,0.45
61.135,0.45
61.136,0.45
61.137,0.45
61.138,0.45
61.139,0.45
61.14,0.45
61.141,0.45
61.142,0.45
61.143,0.45
61.144,0.45
61.145,0.45
61.146,0.45
61.147,0.45
61.148,0.45
61.149,0.45
61.15,0.45
61.151,0.45
61.152,0.45
61.153,0.45
61.154,0.45
61.155,0.45
61.156,0.45
61.157,0.45
61.158,0.45
61.159,0.45
61.16,0.45
61.161,0.45
61.162,0.45
61.163,0.45
61.164,0.45
61.165,0.45
61.166,0.45
61.167,0.45
61.168,0.45
61.169,0.45
61.17,0.45
61.171,0.45
61.172,0.45
61.173,0.45
61.174,0.45
61.175,0.45
61.176,0.45
61.177,0.45
61.178,0.45
61.179,0.45
61.18,0.45
61.181,0.45
61.182,0.45
61.183,0.45
61.184,0.45
61.185,0.45
61.186,0.45
61.187,0.45
61.188,0.45
61.189,0.45
61.19,0.45
61.191,0.45
61.192,0.45
61.193,0.45
61.194,0.45
61.195,0.45
61.196,0.45
61.197,0.45
61.198,0.45
61.199,0.45
61.2,0.45
61.201,0.45
61.202,0.45
61.203,0.45
61.204,0.45
61.205,0.45
61.206,0.45
61.207,0.45
61.208,0.45
61.209,0.45
61.21,0.45
61.211,0.45
61.212,0.45
61.213,0.45
61.214,0.45
61.215,0.45
61.216,0.45
61.217,0.45
61.218,0.45
61.219,0.45
61.22,0.45
61.221,0.45
61.222,0.45
61.223,0.45
61.224,0.45
61.225,0.45
61.226,0.45
61.227,0.45
61.228,0.45
61.229,0.45
61.23,0.45
61.231,0.45
61.232,0.45
61.233,0.45
61.234,0.45
61.235,0.45
61.236,0.45
61.237,0.45
61.238,0.45
61.239,0.45
61.24,0.45
61.241,0.45
61.242,0.45
61.243,0.45
61.244,0.45
61.245,0.45
61.246,0.45
61.247,0.45
61.248,0.45
61.249,0.45
61.25,0.45
61.251,0.45
61.252,0.45
61.253,0.45
61.254,0.45
61.255,0.45
61.256,0.45
61.257,0.45
61.258,0.45
61.259,0.45
61.26,0.45
61.261,0.45
61.262,0.45
61.263,0.45
61.264,0.45
61.265,0.45
61.266,0.45
61.267,0.45
61.268,0.45
61.269,0.45
61.27,0.45
61.271,0.45
61.272,0.45
61.273,0.45
61.274,0.45
61.275,0.45
61.276,0.45
61.277,0.45
61.278,0.45
61.279,0.45
61.28,0.45
61.281,0.45
61.282,0.45
61.283,0.45
61.284,0.45
61.285,0.45
61.286,0.45
61.287,0.45
61.288,0.45
61.289,0.45
61.29,0.45
61.291,0.45
61.292,0.45
61.293,0.45
61.294,0.45
61.295,0.45
61.296,0.45
61.297,0.45
61.298,0.45
61.299,0.45
61.3,0.45
61.301,0.45
61.302,0.45
61.303,0.45
61.304,0.45
61.305,0.45
61.306,0.45
61.307,0.45
61.308,0.45
61.309,0.45
61.31,0.45
61.311,0.45
61.312,0.45
61.313,0.45
61.314,0.45
61.315,0.45
61.316,0.45
61.317,0.45
61.318,0.45
61.319,0.45
61.32,0.45
61.321,0.45
61.322,0.45
61.323,0.45
61.324,0.45
61.325,0.45
61.326,0.45
61.327,0.45
61.328,0.45
61.329,0.45
61.33,0.45
61.331,0.45
61.332,0.45
61.333,0.45
61.334,0.45
61.335,0.45
61.336,0.45
61.337,0.45
61.338,0.45
61.339,0.45
61.34,0.45
61.341,0.45
61.342,0.45
61.343,0.45
61.344,0.45
61.345,0.45
61.346,0.45
61.347,0.45
61.348,0.45
61.349,0.45
61.35,0.45
61.351,0.45
61.352,0.45
61.353,0.45
61.354,0.45
61.355,0.45
61.356,0.45
61.357,0.45
61.358,0.45
61.359,0.45
61.36,0.45
61.361,0.45
61.362,0.45
61.363,0.45
61.364,0.45
61.365,0.45
61.366,0.45
61.367,0.45
61.368,0.45
61.369,0.45
61.37,0.45
61.371,0.45
61.372,0.45
61.373,0.45
61.374,0.45
61.375,0.45
61.376,0.45
61.377,0.45
61.378,0.45
61.379,0.45
61.38,0.45
61.381,0.45
61.382,0.45
61.383,0.45
61.384,0.45
61.385,0.45
61.386,0.45
61.387,0.45
61.388,0.45
61.389,0.45
61.39,0.45
61.391,0.45
61.392,0.45
61.393,0.45
61.394,0.45
61.395,0.45
61.396,0.45
61.397,0.45
61.398,0.45
61.399,0.45
61.4,0.45
61.401,0.45
61.402,0.45
61.403,0.45
61.404,0.45
61.405,0.45
61.406,0.45
61.407,0.45
61.408,0.45
61.409,0.45
61.41,0.45
61.411,0.45
61.412,0.45
61.413,0.45
61.414,0.45
61.415,0.45
61.416,0.45
61.417,0.45
61.418,0.45
61.419,0.45
61.42,0.45
61.421,0.45
61.422,0.45
61.423,0.45
61.424,0.45
61.425,0.45
61.426,0.45
61.427,0.45
61.428,0.45
61.429,0.45
61.43,0.45
61.431,0.45
61.432,0.45
61.433,0.45
61.434,0.45
61.435,0.45
61.436,0.45
61.437,0.45
61.438,0.45
61.439,0.45
61.44,0.45
61.441,0.45
61.442,0.45
61.443,0.45
61.444,0.45
61.445,0.45
61.446,0.45
61.447,0.45
61.448,0.45
61.449,0.45
61.45,0.45
61.451,0.45
61.452,0.45
61.453,0.45
61.454,0.45
61.455,0.45
61.456,0.45
61.457,0.45
61.458,0.45
61.459,0.45
61.46,0.45
61.461,0.45
61.462,0.45
61.463,0.45
61.464,0.45
61.465,0.45
61.466,0.45
61.467,0.45
61.468,0.45
61.469,0.45
61.47,0.45
61.471,0.45
61.472,0.45
61.473,0.45
61.474,0.45
61.475,0.45
61.476,0.45
61.477,0.45
61.478,0.45
61.479,0.45
61.48,0.45
61.481,0.45
61.482,0.45
61.483,0.45
61.484,0.45
61.485,0.45
61.486,0.45
61.487,0.45
61.488,0.45
61.489,0.45
61.49,0.45
61.491,0.45
61.492,0.45
61.493,0.45
61.494,0.45
61.495,0.45
61.496,0.45
61.497,0.45
61.498,0.45
61.499,0.45
61.5,0.45
61.501,0.45
61.502,0.45
61.503,0.45
61.504,0.45
61.505,0.45
61.506,0.45
61.507,0.45
61.508,0.45
61.509,0.45
61.51,0.45
61.511,0.45
61.512,0.45
61.513,0.45
61.514,0.45
61.515,0.45
61.516,0.45
61.517,0.45
61.518,0.45
61.519,0.45
61.52,0.45
61.521,0.45
61.522,0.45
61.523,0.45
61.524,0.45
61.525,0.45
61.526,0.45
61.527,0.45
61.528,0.45
61.529,0.45
61.53,0.45
61.531,0.45
61.532,0.45
61.533,0.45
61.534,0.45
61.535,0.45
61.536,0.45
61.537,0.45
61.538,0.45
61.539,0.45
61.54,0.45
61.541,0.45
61.542,0.45
61.543,0.45
61.544,0.45
61.545,0.45
61.546,0.45
61.547,0.45
61.548,0.45
61.549,0.45
61.55,0.45
61.551,0.45
61.552,0.45
61.553,0.45
61.554,0.45
61.555,0.45
61.556,0.45
61.557,0.45
61.558,0.45
61.559,0.45
61.56,0.45
61.561,0.45
61.562,0.45
61.563,0.45
61.564,0.45
61.565,0.45
61.566,0.45
61.567,0.45
61.568,0.45
61.569,0.45
61.57,0.45
61.571,0.45
61.572,0.45
61.573,0.45
61.574,0.45
61.575,0.45
61.576,0.45
61.577,0.45
61.578,0.45
61.579,0.45
61.58,0.45
61.581,0.45
61.582,0.45
61.583,0.45
61.584,0.45
61.585,0.45
61.586,0.45
61.587,0.45
61.588,0.45
61.589,0.45
61.59,0.45
61.591,0.45
61.592,0.45
61.593,0.45
61.594,0.45
61.595,0.45
61.596,0.45
61.597,0.45
61.598,0.45
61.599,0.45
61.6,0.45
61.601,0.45
61.602,0.45
61.603,0.45
61.604,0.45
61.605,0.45
61.606,0.45
61.607,0.45
61.608,0.45
61.609,0.45
61.61,0.45
61.611,0.45
61.612,0.45
61.613,0.45
61.614,0.45
61.615,0.45
61.616,0.45
61.617,0.45
61.618,0.45
61.619,0.45
61.62,0.45
61.621,0.45
61.622,0.45
61.623,0.45
61.624,0.45
61.625,0.45
61.626,0.45
61.627,0.45
61.628,0.45
61.629,0.45
61.63,0.45
61.631,0.45
61.632,0.45
61.633,0.45
61.634,0.45
61.635,0.45
61.636,0.45
61.637,0.45
61.638,0.45
61.639,0.45
61.64,0.45
61.641,0.45
61.642,0.45
61.643,0.45
61.644,0.45
61.645,0.45
61.646,0.45
61.647,0.45
61.648,0.45
61.649,0.45
61.65,0.45
61.651,0.45
61.652,0.45
61.653,0.45
61.654,0.45
61.655,0.45
61.656,0.45
61.657,0.45
61.658,0.45
61.659,0.45
61.66,0.45
61.661,0.45
61.662,0.45
61.663,0.45
61.664,0.45
61.665,0.45
61.666,0.45
61.667,0.45
61.668,0.45
61.669,0.45
61.67,0.45
61.671,0.45
61.672,0.45
61.673,0.45
61.674,0.45
61.675,0.45
61.676,0.45
61.677,0.45
61.678,0.45
61.679,0.45
61.68,0.45
61.681,0.45
61.682,0.45
61.683,0.45
61.684,0.45
61.685,0.45
61.686,0.45
61.687,0.45
61.688,0.45
61.689,0.45
61.69,0.45
61.691,0.45
61.692,0.45
61.693,0.45
61.694,0.45
61.695,0.45
61.696,0.45
61.697,0.45
61.698,0.45
61.699,0.45
61.7,0.45
61.701,0.45
61.702,0.45
61.703,0.45
61.704,0.45
61.705,0.45
61.706,0.45
61.707,0.45
61.708,0.45
61.709,0.45
61.71,0.45
61.711,0.45
61.712,0.0
61.713,0.0
61.714,0.0
61.715,0.0
61.716,0.0
61.717,0.0
61.718,0.0
61.719,0.0
61.72,0.0
61.721,0.0
61.722,0.0
61.723,0.0
61.724,0.0
61.725,0.0
61.726,0.0
61.727,0.0
61.728,0.0
61.729,0.0
61.73,0.0
61.731,0.0
61.732,0.0
61.733,0.0
61.734,0.0
61.735,0.0
61.736,0.0
61.737,0.0
61.738,0.0
61.739,0.0
61.74,0.0
61.741,0.0
61.742,0.0
61.743,0.0
61.744,0.0
61.745,0.0
61.746,0.0
61.747,0.0
61.748,0.0
61.749,0.0
61.75,0.0
61.751,0.0
61.752,0.0
61.753,0.0
61.754,0.0
61.755,0.0
61.756,0.0
61.757,0.0
61.758,0.0
61.759,0.0
61.76,0.0
61.761,0.0
61.762,0.0
61.763,0.0
61.764,0.0
61.765,0.0
61.766,0.0
61.767,0.0
61.768,0.0
61.769,0.0
61.77,0.0
61.771,0.0
61.772,0.0
61.773,0.0
61.774,0.0
61.775,0.0
61.776,0.0
61.777,0.0
61.778,0.0
61.779,0.0
61.78,0.0
61.781,0.0
61.782,0.0
61.783,0.0
61.784,0.0
61.785,0.0
61.786,0.0
61.787,0.0
61.788,0.0
61.789,0.0
61.79,0.0
61.791,0.0
61.792,0.0
61.793,0.0
61.794,0.0
61.795,0.0
61.796,0.0
61.797,0.0
61.798,0.0
61.799,0.0
61.8,0.0
61.801,0.0
61.802,0.0
61.803,0.0
61.804,0.0
61.805,0.0
61.806,0.0
61.807,0.0
61.808,0.0
61.809,0.0
61.81,0.0
61.811,0.0
61.812,0.0
61.813,0.0
61.814,0.0
61.815,0.0
61.816,0.0
61.817,0.0
61.818,0.0
61.819,0.0
61.82,0.0
61.821,0.0
61.822,0.0
61.823,0.0
61.824,0.0
61.825,0.0
61.826,0.0
61.827,0.0
61.828,0.0
61.829,0.0
61.83,0.0
61.831,0.0
61.832,0.0
61.833,0.0
61.834,0.0
61.835,0.0
61.836,0.0
61.837,0.0
61.838,0.0
61.839,0.0
61.84,0.0
61.841,0.0
61.842,0.0
61.843,0.0
61.844,0.0
61.845,0.0
61.846,0.0
61.847,0.0
61.848,0.0
61.849,0.0
61.85,0.0
61.851,0.0
61.852,0.0
61.853,0.0
61.854,0.0
61.855,0.0
61.856,0.0
61.857,0.0
61.858,0.0
61.859,0.0
61.86,0.0
61.861,0.0
61.862,0.0
61.863,0.0
61.864,0.0
61.865,0.0
61.866,0.0
61.867,0.0
61.868,0.0
61.869,0.0
61.87,0.0
61.871,0.0
61.872,0.0
61.873,0.0
61.874,0.0
61.875,0.0
61.876,0.0
61.877,0.0
61.878,0.0
61.879,0.0
61.88,0.0
61.881,0.0
61.882,0.0
61.883,0.0
61.884,0.0
61.885,0.0
61.886,0.0
61.887,0.0
61.888,0.0
61.889,0.0
61.89,0.0
61.891,0.0
61.892,0.0
61.893,0.0
61.894,0.0
61.895,0.0
61.896,0.0
61.897,0.0
61.898,0.0
61.899,0.0
61.9,0.0
61.901,0.0
61.902,0.0
61.903,0.0
61.904,0.0
61.905,0.0
61.906,0.0
61.907,0.0
61.908,0.0
61.909,0.0
61.91,0.0
61.911,0.0
61.912,0.0
61.913,0.0
61.914,0.0
61.915,0.0
61.916,0.0
61.917,0.0
61.918,0.0
61.919,0.0
61.92,0.0
61.921,0.0
61.922,0.0
61.923,0.0
61.924,0.0
61.925,0.0
61.926,0.0
61.927,0.0
61.928,0.0
61.929,0.0
61.93,0.0
61.931,0.0
61.932,0.0
61.933,0.0
61.934,0.0
61.935,0.0
61.936,0.0
61.937,0.0
61.938,0.0
61.939,0.0
61.94,0.0
61.941,0.0
61.942,0.0
61.943,0.0
61.944,0.0
61.945,0.0
61.946,0.0
61.947,0.0
61.948,0.0
61.949,0.0
61.95,0.0
61.951,0.0
61.952,0.0
61.953,0.0
61.954,0.0
61.955,0.0
61.956,0.0
61.957,0.0
61.958,0.0
61.959,0.0
61.96,0.0
61.961,0.0
61.962,0.0
61.963,0.0
61.964,0.0
61.965,0.0
61.966,0.0
61.967,0.0
61.968,0.0
61.969,0.0
61.97,0.0
61.971,0.0
61.972,0.0
61.973,0.0
61.974,0.0
61.975,0.0
61.976,0.0
61.977,0.0
61.978,0.0
61.979,0.0
61.98,0.0
61.981,0.0
61.982,0.0
61.983,0.0
61.984,0.0
61.985,0.0
61.986,0.0
61.987,0.0
61.988,0.0
61.989,0.0
61.99,0.0
61.991,0.0
61.992,0.0
61.993,0.0
61.994,0.0
61.995,0.0
61.996,0.0
61.997,0.0
61.998,0.0
61.999,0.0
62.0,0.0
62.001,0.0
62.002,0.0
62.003,0.0
62.004,0.0
62.005,0.0
62.006,0.0
62.007,0.0
62.008,0.0
62.009,0.0
62.01,0.0
62.011,0.0
62.012,0.0
62.013,0.0
62.014,0.0
62.015,0.0
62.016,0.0
62.017,0.0
62.018,0.0
62.019,0.0
62.02,0.0
62.021,0.0
62.022,0.0
62.023,0.0
62.024,0.0
62.025,0.0
62.026,0.0
62.027,0.0
62.028,0.0
62.029,0.0
62.03,0.0
62.031,0.0
62.032,0.0
62.033,0.0
62.034,0.0
62.035,0.0
62.036,0.0
62.037,0.0
62.038,0.0
62.039,0.0
62.04,0.0
62.041,0.0
62.042,0.0
62.043,0.0
62.044,0.0
62.045,0.0
62.046,0.0
62.047,0.0
62.048,0.0
62.049,0.0
62.05,0.0
62.051,0.0
62.052,0.0
62.053,0.0
62.054,0.0
62.055,0.0
62.056,0.0
62.057,0.0
62.058,0.0
62.059,0.0
62.06,0.0
62.061,0.0
62.062,0.0
62.063,0.0
62.064,0.0
62.065,0.0
62.066,0.0
62.067,0.0
62.068,0.0
62.069,0.0
62.07,0.0
62.071,0.0
62.072,0.0
62.073,0.0
62.074,0.0
62.075,0.0
62.076,0.0
62.077,0.0
62.078,0.0
62.079,0.0
62.08,0.0
62.081,0.0
62.082,0.0
62.083,0.0
62.084,0.0
62.085,0.0
62.086,0.0
62.087,0.0
62.088,0.0
62.089,0.0
62.09,0.0
62.091,0.0
62.092,0.0
62.093,0.0
62.094,0.0
62.095,0.0
62.096,0.0
62.097,0.0
62.098,0.0
62.099,0.0
62.1,0.0
62.101,0.0
62.102,0.0
62.103,0.0
62.104,0.0
62.105,0.0
62.106,0.0
62.107,0.0
62.108,0.0
62.109,0.0
62.11,0.0
62.111,0.0
62.112,0.0
62.113,0.0
62.114,0.0
62.115,0.0
62.116,0.0
62.117,0.0
62.118,0.0
62.119,0.0
62.12,0.0
62.121,0.0
62.122,0.0
62.123,0.0
62.124,0.0
62.125,0.0
62.126,0.0
62.127,0.0
62.128,0.0
62.129,0.0
62.13,0.0
62.131,0.0
62.132,0.0
62.133,0.0
62.134,0.0
62.135,0.0
62.136,0.0
62.137,0.0
62.138,0.0
62.139,0.0
62.14,0.0
62.141,0.0
62.142,0.0
62.143,0.0
62.144,0.0
62.145,0.0
62.146,0.0
62.147,0.0
62.148,0.0
62.149,0.0
62.15,0.0
62.151,0.0
62.152,0.0
62.153,0.0
62.154,0.0
62.155,0.0
62.156,0.0
62.157,0.0
62.158,0.0
62.159,0.0
62.16,0.0
62.161,0.0
62.162,0.0
62.163,0.0
62.164,0.0
62.165,0.0
62.166,0.0
62.167,0.0
62.168,0.0
62.169,0.0
62.17,0.0
62.171,0.0
62.172,0.0
62.173,0.0
62.174,0.0
62.175,0.0
62.176,0.0
62.177,0.0
62.178,0.0
62.179,0.0
62.18,0.0
62.181,0.0
62.182,0.0
62.183,0.0
62.184,0.0
62.185,0.0
62.186,0.0
62.187,0.0
62.188,0.0
62.189,0.0
62.19,0.0
62.191,0.0
62.192,0.0
62.193,0.0
62.194,0.0
62.195,0.0
62.196,0.0
62.197,0.0
62.198,0.0
62.199,0.0
62.2,0.0
62.201,0.0
62.202,0.0
62.203,0.0
62.204,0.0
62.205,0.0
62.206,0.0
62.207,0.0
62.208,0.0
62.209,0.0
62.21,0.0
62.211,0.0
62.212,0.0
62.213,0.0
62.214,0.0
62.215,0.0
62.216,0.0
62.217,0.0
62.218,0.0
62.219,0.0
62.22,0.0
62.221,0.0
62.222,0.0
62.223,0.0
62.224,0.0
62.225,0.0
62.226,0.0
62.227,0.0
62.228,0.0
62.229,0.0
62.23,0.0
62.231,0.0
62.232,0.0
62.233,0.0
62.234,0.0
62.235,0.0
62.236,0.0
62.237,0.0
62.238,0.0
62.239,0.0
62.24,0.0
62.241,0.0
62.242,0.0
62.243,0.0
62.244,0.0
62.245,0.0
62.246,0.0
62.247,0.0
62.248,0.0
62.249,0.0
62.25,0.0
62.251,0.0
62.252,0.0
62.253,0.0
62.254,0.0
62.255,0.0
62.256,0.0
62.257,0.0
62.258,0.0
62.259,0.0
62.26,0.0
62.261,0.0
62.262,0.0
62.263,0.0
62.264,0.0
62.265,0.0
62.266,0.0
62.267,0.0
62.268,0.0
62.269,0.0
62.27,0.0
62.271,0.0
62.272,0.0
62.273,0.0
62.274,0.0
62.275,0.0
62.276,0.0
62.277,0.0
62.278,0.0
62.279,0.0
62.28,0.0
62.281,0.0
62.282,0.0
62.283,0.0
62.284,0.0
62.285,0.0
62.286,0.0
62.287,0.0
62.288,0.0
62.289,0.0
62.29,0.0
62.291,0.0
62.292,0.0
62.293,0.0
62.294,0.0
62.295,0.0
62.296,0.0
62.297,0.0
62.298,0.0
62.299,0.0
62.3,0.0
62.301,0.0
62.302,0.0
62.303,0.0
62.304,0.0
62.305,0.0
62.306,0.0
62.307,0.0
62.308,0.0
62.309,0.0
62.31,0.0
62.311,0.0
62.312,0.0
62.313,0.0
62.314,0.0
62.315,0.0
62.316,0.0
62.317,0.0
62.318,0.0
62.319,0.0
62.32,0.0
62.321,0.0
62.322,0.0
62.323,0.0
62.324,0.0
62.325,0.0
62.326,0.0
62.327,0.0
62.328,0.0
62.329,0.0
62.33,0.0
62.331,0.0
62.332,0.0
62.333,0.0
62.334,0.0
62.335,0.0
62.336,0.0
62.337,0.0
62.338,0.0
62.339,0.0
62.34,0.0
62.341,0.0
62.342,0.0
62.343,0.0
62.344,0.0
62.345,0.0
62.346,0.0
62.347,0.0
62.348,0.0
62.349,0.0
62.35,0.0
62.351,0.0
62.352,0.0
62.353,0.0
62.354,0.0
62.355,0.0
62.356,0.0
62.357,0.0
62.358,0.0
62.359,0.0
62.36,0.0
62.361,0.0
62.362,0.0
62.363,0.0
62.364,0.0
62.365,0.0
62.366,0.0
62.367,0.0
62.368,0.0
62.369,0.0
62.37,0.0
62.371,0.0
62.372,0.0
62.373,0.0
62.374,0.0
62.375,0.0
62.376,0.0
62.377,0.0
62.378,0.0
62.379,0.0
62.38,0.0
62.381,0.0
62.382,0.0
62.383,0.0
62.384,0.0
62.385,0.0
62.386,0.0
62.387,0.0
62.388,0.0
62.389,0.0
62.39,0.0
62.391,0.0
62.392,0.0
62.393,0.0
62.394,0.0
62.395,0.0
62.396,0.0
62.397,0.0
62.398,0.0
62.399,0.0
62.4,0.0
62.401,0.0
62.402,0.0
62.403,0.0
62.404,0.0
62.405,0.0
62.406,0.0
62.407,0.0
62.408,0.0
62.409,0.0
62.41,0.0
62.411,0.0
62.412,0.0
62.413,0.0
62.414,0.0
62.415,0.0
62.416,0.0
62.417,0.0
62.418,0.0
62.419,0.0
62.42,0.0
62.421,0.0
62.422,0.0
62.423,0.0
62.424,0.0
62.425,0.0
62.426,0.0
62.427,0.0
62.428,0.0
62.429,0.0
62.43,0.0
62.431,0.0
62.432,0.0
62.433,0.0
62.434,0.0
62.435,0.0
62.436,0.0
62.437,0.0
62.438,0.0
62.439,0.0
62.44,0.0
62.441,0.0
62.442,0.0
62.443,0.0
62.444,0.0
62.445,0.0
62.446,0.0
62.447,0.0
62.448,0.0
62.449,0.0
62.45,0.0
62.451,0.0
62.452,0.0
62.453,0.0
62.454,0.0
62.455,0.0
62.456,0.0
62.457,0.0
62.458,0.0
62.459,0.0
62.46,0.0
62.461,0.0
62.462,0.0
62.463,0.0
62.464,0.0
62.465,0.0
62.466,0.0
62.467,0.0
62.468,0.0
62.469,0.0
62.47,0.0
62.471,0.0
62.472,0.0
62.473,0.0
62.474,0.0
62.475,0.0
62.476,0.0
62.477,0.0
62.478,0.0
62.479,0.0
62.48,0.0
62.481,0.0
62.482,0.0
62.483,0.0
62.484,0.0
62.485,0.0
62.486,0.0
62.487,0.0
62.488,0.0
62.489,0.0
62.49,0.0
62.491,0.0
62.492,0.0
62.493,0.0
62.494,0.0
62.495,0.0
62.496,0.0
62.497,0.0
62.498,0.0
62.499,0.0
62.5,0.0
62.501,0.0
62.502,0.0
62.503,0.0
62.504,0.0
62.505,0.0
62.506,0.0
62.507,0.0
62.508,0.0
62.509,0.0
62.51,0.0
62.511,0.0
62.512,0.0
62.513,0.0
62.514,0.0
62.515,0.0
62.516,0.0
62.517,0.0
62.518,0.0
62.519,0.0
62.52,0.0
62.521,0.0
62.522,0.0
62.523,0.0
62.524,0.0
62.525,0.0
62.526,0.0
62.527,0.0
62.528,0.0
62.529,0.0
62.53,0.0
62.531,0.0
62.532,0.0
62.533,0.0
62.534,0.0
62.535,0.0
62.536,0.0
62.537,0.0
62.538,0.0
62.539,0.0
62.54,0.0
62.541,0.0
62.542,0.0
62.543,0.0
62.544,0.0
62.545,0.0
62.546,0.0
62.547,0.0
62.548,0.0
62.549,0.0
62.55,0.0
62.551,0.0
62.552,0.0
62.553,0.0
62.554,0.0
62.555,0.0
62.556,0.0
62.557,0.0
62.558,0.0
62.559,0.0
62.56,0.0
62.561,0.0
62.562,0.0
62.563,0.0
62.564,0.0
62.565,0.0
62.566,0.0
62.567,0.0
62.568,0.0
62.569,0.0
62.57,0.0
62.571,0.0
62.572,0.0
62.573,0.0
62.574,0.0
62.575,0.0
62.576,0.0
62.577,0.0
62.578,0.0
62.579,0.0
62.58,0.0
62.581,0.0
62.582,0.0
62.583,0.0
62.584,0.0
62.585,0.0
62.586,0.0
62.587,0.0
62.588,0.0
62.589,0.0
62.59,0.0
62.591,0.0
62.592,0.0
62.593,0.0
62.594,0.0
62.595,0.0
62.596,0.0
62.597,0.0
62.598,0.0
62.599,0.0
62.6,0.0
62.601,0.0
62.602,0.0
62.603,0.0
62.604,0.0
62.605,0.0
62.606,0.0
62.607,0.0
62.608,0.0
62.609,0.0
62.61,0.0
62.611,0.0
62.612,0.0
62.613,0.0
62.614,0.0
62.615,0.0
62.616,0.0
62.617,0.0
62.618,0.0
62.619,0.0
62.62,0.0
62.621,0.0
62.622,0.0
62.623,0.0
62.624,0.0
62.625,0.0
62.626,0.0
62.627,0.0
62.628,0.0
62.629,0.0
62.63,0.0
62.631,0.0
62.632,0.0
62.633,0.0
62.634,0.0
62.635,0.0
62.636,0.0
62.637,0.0
62.638,0.0
62.639,0.0
62.64,0.0
62.641,0.0
62.642,0.0
62.643,0.0
62.644,0.0
62.645,0.0
62.646,0.0
62.647,0.0
62.648,0.0
62.649,0.0
62.65,0.0
62.651,0.0
62.652,0.0
62.653,0.0
62.654,0.0
62.655,0.0
62.656,0.0
62.657,0.0
62.658,0.0
62.659,0.0
62.66,0.0
62.661,0.0
62.662,0.0
62.663,0.0
62.664,0.0
62.665,0.0
62.666,0.0
62.667,0.0
62.668,0.0
62.669,0.0
62.67,0.0
62.671,0.0
62.672,0.0
62.673,0.0
62.674,0.0
62.675,0.0
62.676,0.0
62.677,0.0
62.678,0.0
62.679,0.0
62.68,0.0
62.681,0.0
62.682,0.0
62.683,0.0
62.684,0.0
62.685,0.0
62.686,0.0
62.687,0.0
62.688,0.0
62.689,0.0
62.69,0.0
62.691,0.0
62.692,0.0
62.693,0.0
62.694,0.0
62.695,0.0
62.696,0.0
62.697,0.0
62.698,0.0
62.699,0.0
62.7,0.0
62.701,0.0
62.702,0.0
62.703,0.0
62.704,0.0
62.705,0.0
62.706,0.0
62.707,0.0
62.708,0.0
62.709,0.0
62.71,0.0
62.711,0.0
62.712,0.0
62.713,0.0
62.714,0.0
62.715,0.0
62.716,0.0
62.717,0.0
62.718,0.0
62.719,0.0
62.72,0.0
62.721,0.0
62.722,0.0
62.723,0.0
62.724,0.0
62.725,0.0
62.726,0.0
62.727,0.0
62.728,0.0
62.729,0.0
62.73,0.0
62.731,0.0
62.732,0.0
62.733,0.0
62.734,0.0
62.735,0.0
62.736,0.0
62.737,0.0
62.738,0.0
62.739,0.0
62.74,0.0
62.741,0.0
62.742,0.0
62.743,0.0
62.744,0.0
62.745,0.0
62.746,0.0
62.747,0.0
62.748,0.0
62.749,0.0
62.75,0.0
62.751,0.0
62.752,0.0
62.753,0.0
62.754,0.0
62.755,0.0
62.756,0.0
62.757,0.0
62.758,0.0
62.759,0.0
62.76,0.0
62.761,0.0
62.762,0.0
62.763,0.0
62.764,0.0
62.765,0.0
62.766,0.0
62.767,0.0
62.768,0.0
62.769,0.0
62.77,0.0
62.771,0.0
62.772,0.0
62.773,0.0
62.774,0.0
62.775,0.0
62.776,0.0
62.777,0.0
62.778,0.0
62.779,0.0
62.78,0.0
62.781,0.0
62.782,0.0
62.783,0.0
62.784,0.0
62.785,0.0
62.786,0.0
62.787,0.0
62.788,0.0
62.789,0.0
62.79,0.0
62.791,0.0
62.792,0.0
62.793,0.0
62.794,0.0
62.795,0.0
62.796,0.0
62.797,0.0
62.798,0.0
62.799,0.0
62.8,0.0
62.801,0.0
62.802,0.0
62.803,0.0
62.804,0.0
62.805,0.0
62.806,0.0
62.807,0.0
62.808,0.0
62.809,0.0
62.81,0.0
62.811,0.0
62.812,0.0
62.813,0.0
62.814,0.0
62.815,0.0
62.816,0.0
62.817,0.0
62.818,0.0
62.819,0.0
62.82,0.0
62.821,0.0
62.822,0.0
62.823,0.0
62.824,0.0
62.825,0.0
62.826,0.0
62.827,0.0
62.828,0.0
62.829,0.0
62.83,0.0
62.831,0.0
62.832,0.0
62.833,0.0
62.834,0.0
62.835,0.0
62.836,0.0
62.837,0.0
62.838,0.0
62.839,0.0
62.84,0.0
62.841,0.0
62.842,0.0
62.843,0.0
62.844,0.0
62.845,0.0
62.846,0.0
62.847,0.0
62.848,0.0
62.849,0.0
62.85,0.0
62.851,0.0
62.852,0.0
62.853,0.0
62.854,0.0
62.855,0.0
62.856,0.0
62.857,0.0
62.858,0.0
62.859,0.0
62.86,0.0
62.861,0.0
62.862,0.0
62.863,0.0
62.864,0.0
62.865,0.0
62.866,0.0
62.867,0.0
62.868,0.0
62.869,0.0
62.87,0.0
62.871,0.0
62.872,0.0
62.873,0.0
62.874,0.0
62.875,0.0
62.876,0.0
62.877,0.0
62.878,0.0
62.879,0.0
62.88,0.0
62.881,0.0
62.882,0.0
62.883,0.0
62.884,0.0
62.885,0.0
62.886,0.0
62.887,0.0
62.888,0.0
62.889,0.0
62.89,0.0
62.891,0.0
62.892,0.0
62.893,0.0
62.894,0.0
62.895,0.0
62.896,0.0
62.897,0.0
62.898,0.0
62.899,0.0
62.9,0.0
62.901,0.0
62.902,0.0
62.903,0.0
62.904,0.0
62.905,0.0
62.906,0.0
62.907,0.0
62.908,0.0
62.909,0.0
62.91,0.0
62.911,0.0
62.912,0.0
62.913,0.0
62.914,0.0
62.915,0.0
62.916,0.0
62.917,0.0
62.918,0.0
62.919,0.0
62.92,0.0
62.921,0.0
62.922,0.0
62.923,0.0
62.924,0.0
62.925,0.0
62.926,0.0
62.927,0.0
62.928,0.0
62.929,0.0
62.93,0.0
62.931,0.0
62.932,0.0
62.933,0.0
62.934,0.0
62.935,0.0
62.936,0.0
62.937,0.0
62.938,0.0
62.939,0.0
62.94,0.0
62.941,0.0
62.942,0.0
62.943,0.0
62.944,0.0
62.945,0.0
62.946,0.0
62.947,0.0
62.948,0.0
62.949,0.0
62.95,0.0
62.951,0.0
62.952,0.0
62.953,0.0
62.954,0.0
62.955,0.0
62.956,0.0
62.957,0.0
62.958,0.0
62.959,0.0
62.96,0.0
62.961,0.0
62.962,0.0
62.963,0.0
62.964,0.0
62.965,0.0
62.966,0.0
62.967,0.0
62.968,0.0
62.969,0.0
62.97,0.0
62.971,0.0
62.972,0.0
62.973,0.0
62.974,0.0
62.975,0.0
62.976,0.0
62.977,0.0
62.978,0.0
62.979,0.0
62.98,0.0
62.981,0.0
62.982,0.0
62.983,0.0
62.984,0.0
62.985,0.0
62.986,0.0
62.987,0.0
62.988,0.0
62.989,0.0
62.99,0.0
62.991,0.0
62.992,0.0
62.993,0.0
62.994,0.0
62.995,0.0
62.996,0.0
62.997,0.0
62.998,0.0
62.999,0.0
63.0,0.0
63.001,0.0
63.002,0.0
63.003,0.0
63.004,0.0
63.005,0.0
63.006,0.0
63.007,0.0
63.008,0.0
63.009,0.0
63.01,0.0
63.011,0.0
63.012,0.0
63.013,0.0
63.014,0.0
63.015,0.0
63.016,0.0
63.017,0.0
63.018,0.0
63.019,0.0
63.02,0.0
63.021,0.0
63.022,0.0
63.023,0.0
63.024,0.0
63.025,0.0
63.026,0.0
63.027,0.0
63.028,0.0
63.029,0.0
63.03,0.0
63.031,0.0
63.032,0.0
63.033,0.0
63.034,0.0
63.035,0.0
63.036,0.0
63.037,0.0
63.038,0.0
63.039,0.0
63.04,0.0
63.041,0.0
63.042,0.0
63.043,0.0
63.044,0.0
63.045,0.0
63.046,0.0
63.047,0.0
63.048,0.0
63.049,0.0
63.05,0.0
63.051,0.0
63.052,0.0
63.053,0.0
63.054,0.0
63.055,0.0
63.056,0.0
63.057,0.0
63.058,0.0
63.059,0.0
63.06,0.0
63.061,0.0
63.062,0.0
63.063,0.0
63.064,0.0
63.065,0.0
63.066,0.0
63.067,0.0
63.068,0.0
63.069,0.0
63.07,0.0
63.071,0.0
63.072,0.0
63.073,0.0
63.074,0.0
63.075,0.0
63.076,0.0
63.077,0.0
63.078,0.0
63.079,0.0
63.08,0.0
63.081,0.0
63.082,0.0
63.083,0.0
63.084,0.0
63.085,0.0
63.086,0.0
63.087,0.0
63.088,0.0
63.089,0.0
63.09,0.0
63.091,0.0
63.092,0.0
63.093,0.0
63.094,0.0
63.095,0.0
63.096,0.0
63.097,0.0
63.098,0.0
63.099,0.0
63.1,0.0
63.101,0.0
63.102,0.0
63.103,0.0
63.104,0.0
63.105,0.0
63.106,0.0
63.107,0.0
63.108,0.0
63.109,0.0
63.11,0.0
63.111,0.0
63.112,0.0
63.113,0.0
63.114,0.0
63.115,0.0
63.116,0.0
63.117,0.0
63.118,0.0
63.119,0.0
63.12,0.0
63.121,0.0
63.122,0.0
63.123,0.0
63.124,0.0
63.125,0.0
63.126,0.0
63.127,0.0
63.128,0.0
63.129,0.0
63.13,0.0
63.131,0.0
63.132,0.0
63.133,0.45
63.134,0.45
63.135,0.45
63.136,0.45
63.137,0.45
63.138,0.45
63.139,0.45
63.14,0.45
63.141,0.45
63.142,0.45
63.143,0.45
63.144,0.45
63.145,0.45
63.146,0.45
63.147,0.45
63.148,0.45
63.149,0.45
63.15,0.45
63.151,0.45
63.152,0.45
63.153,0.45
63.154,0.45
63.155,0.45
63.156,0.45
63.157,0.45
63.158,0.45
63.159,0.45
63.16,0.45
63.161,0.45
63.162,0.45
63.163,0.45
63.164,0.45
63.165,0.45
63.166,0.45
63.167,0.45
63.168,0.45
63.169,0.45
63.17,0.45
63.171,0.45
63.172,0.45
63.173,0.45
63.174,0.45
63.175,0.45
63.176,0.45
63.177,0.45
63.178,0.45
63.179,0.45
63.18,0.45
63.181,0.45
63.182,0.45
63.183,0.45
63.184,0.45
63.185,0.45
63.186,0.45
63.187,0.45
63.188,0.45
63.189,0.45
63.19,0.45
63.191,0.45
63.192,0.45
63.193,0.45
63.194,0.45
63.195,0.45
63.196,0.45
63.197,0.45
63.198,0.45
63.199,0.45
63.2,0.45
63.201,0.45
63.202,0.45
63.203,0.45
63.204,0.45
63.205,0.45
63.206,0.45
63.207,0.45
63.208,0.45
63.209,0.45
63.21,0.45
63.211,0.45
63.212,0.45
63.213,0.45
63.214,0.45
63.215,0.45
63.216,0.45
63.217,0.45
63.218,0.45
63.219,0.45
63.22,0.45
63.221,0.45
63.222,0.45
63.223,0.45
63.224,0.45
63.225,0.45
63.226,0.45
63.227,0.45
63.228,0.45
63.229,0.45
63.23,0.45
63.231,0.45
63.232,0.45
63.233,0.45
63.234,0.45
63.235,0.45
63.236,0.45
63.237,0.45
63.238,0.45
63.239,0.45
63.24,0.45
63.241,0.45
63.242,0.45
63.243,0.45
63.244,0.45
63.245,0.45
63.246,0.45
63.247,0.45
63.248,0.45
63.249,0.45
63.25,0.45
63.251,0.45
63.252,0.45
63.253,0.45
63.254,0.45
63.255,0.45
63.256,0.45
63.257,0.45
63.258,0.45
63.259,0.45
63.26,0.45
63.261,0.45
63.262,0.45
63.263,0.45
63.264,0.45
63.265,0.45
63.266,0.45
63.267,0.45
63.268,0.45
63.269,0.45
63.27,0.45
63.271,0.45
63.272,0.45
63.273,0.45
63.274,0.45
63.275,0.45
63.276,0.45
63.277,0.45
63.278,0.45
63.279,0.45
63.28,0.45
63.281,0.45
63.282,0.45
63.283,0.45
63.284,0.45
63.285,0.45
63.286,0.45
63.287,0.45
63.288,0.45
63.289,0.45
63.29,0.45
63.291,0.45
63.292,0.45
63.293,0.45
63.294,0.45
63.295,0.45
63.296,0.45
63.297,0.45
63.298,0.45
63.299,0.45
63.3,0.45
63.301,0.45
63.302,0.45
63.303,0.45
63.304,0.45
63.305,0.45
63.306,0.45
63.307,0.45
63.308,0.45
63.309,0.45
63.31,0.45
63.311,0.45
63.312,0.45
63.313,0.45
63.314,0.45
63.315,0.45
63.316,0.45
63.317,0.45
63.318,0.45
63.319,0.45
63.32,0.45
63.321,0.45
63.322,0.45
63.323,0.45
63.324,0.45
63.325,0.45
63.326,0.45
63.327,0.45
63.328,0.45
63.329,0.45
63.33,0.45
63.331,0.45
63.332,0.45
63.333,0.45
63.334,0.45
63.335,0.45
63.336,0.45
63.337,0.45
63.338,0.45
63.339,0.45
63.34,0.45
63.341,0.45
63.342,0.45
63.343,0.45
63.344,0.45
63.345,0.45
63.346,0.45
63.347,0.45
63.348,0.45
63.349,0.45
63.35,0.45
63.351,0.45
63.352,0.45
63.353,0.45
63.354,0.45
63.355,0.45
63.356,0.45
63.357,0.45
63.358,0.45
63.359,0.45
63.36,0.45
63.361,0.45
63.362,0.45
63.363,0.45
63.364,0.45
63.365,0.45
63.366,0.45
63.367,0.45
63.368,0.45
63.369,0.45
63.37,0.45
63.371,0.45
63.372,0.45
63.373,0.45
63.374,0.45
63.375,0.45
63.376,0.45
63.377,0.45
63.378,0.45
63.379,0.45
63.38,0.45
63.381,0.45
63.382,0.45
63.383,0.45
63.384,0.45
63.385,0.45
63.386,0.45
63.387,0.45
63.388,0.45
63.389,0.45
63.39,0.45
63.391,0.45
63.392,0.45
63.393,0.45
63.394,0.45
63.395,0.45
63.396,0.45
63.397,0.45
63.398,0.45
63.399,0.45
63.4,0.45
63.401,0.45
63.402,0.45
63.403,0.45
63.404,0.45
63.405,0.45
63.406,0.45
63.407,0.45
63.408,0.45
63.409,0.45
63.41,0.45
63.411,0.45
63.412,0.45
63.413,0.45
63.414,0.45
63.415,0.45
63.416,0.45
63.417,0.45
63.418,0.45
63.419,0.45
63.42,0.45
63.421,0.45
63.422,0.45
63.423,0.45
63.424,0.45
63.425,0.45
63.426,0.45
63.427,0.45
63.428,0.45
63.429,0.45
63.43,0.45
63.431,0.45
63.432,0.45
63.433,0.45
63.434,0.45
63.435,0.45
63.436,0.45
63.437,0.45
63.438,0.45
63.439,0.45
63.44,0.45
63.441,0.45
63.442,0.45
63.443,0.45
63.444,0.45
63.445,0.45
63.446,0.45
63.447,0.45
63.448,0.45
63.449,0.45
63.45,0.45
63.451,0.45
63.452,0.45
63.453,0.45
63.454,0.45
63.455,0.45
63.456,0.45
63.457,0.45
63.458,0.45
63.459,0.45
63.46,0.45
63.461,0.45
63.462,0.45
63.463,0.45
63.464,0.45
63.465,0.45
63.466,0.45
63.467,0.45
63.468,0.45
63.469,0.45
63.47,0.45
63.471,0.45
63.472,0.45
63.473,0.45
63.474,0.45
63.475,0.45
63.476,0.45
63.477,0.45
63.478,0.45
63.479,0.45
63.48,0.45
63.481,0.45
63.482,0.45
63.483,0.45
63.484,0.45
63.485,0.45
63.486,0.45
63.487,0.45
63.488,0.45
63.489,0.45
63.49,0.45
63.491,0.45
63.492,0.45
63.493,0.45
63.494,0.45
63.495,0.45
63.496,0.45
63.497,0.45
63.498,0.45
63.499,0.45
63.5,0.45
63.501,0.45
63.502,0.45
63.503,0.45
63.504,0.45
63.505,0.45
63.506,0.45
63.507,0.45
63.508,0.45
63.509,0.45
63.51,0.45
63.511,0.45
63.512,0.45
63.513,0.45
63.514,0.45
63.515,0.45
63.516,0.45
63.517,0.45
63.518,0.45
63.519,0.45
63.52,0.45
63.521,0.45
63.522,0.45
63.523,0.45
63.524,0.45
63.525,0.45
63.526,0.45
63.527,0.45
63.528,0.45
63.529,0.45
63.53,0.45
63.531,0.45
63.532,0.45
63.533,0.45
63.534,0.45
63.535,0.45
63.536,0.45
63.537,0.45
63.538,0.45
63.539,0.45
63.54,0.45
63.541,0.45
63.542,0.45
63.543,0.45
63.544,0.45
63.545,0.45
63.546,0.45
63.547,0.45
63.548,0.45
63.549,0.45
63.55,0.45
63.551,0.45
63.552,0.45
63.553,0.45
63.554,0.45
63.555,0.45
63.556,0.45
63.557,0.45
63.558,0.45
63.559,0.45
63.56,0.45
63.561,0.45
63.562,0.45
63.563,0.45
63.564,0.45
63.565,0.45
63.566,0.45
63.567,0.45
63.568,0.45
63.569,0.45
63.57,0.45
63.571,0.45
63.572,0.45
63.573,0.45
63.574,0.45
63.575,0.45
63.576,0.45
63.577,0.45
63.578,0.45
63.579,0.45
63.58,0.45
63.581,0.45
63.582,0.45
63.583,0.45
63.584,0.45
63.585,0.45
63.586,0.45
63.587,0.45
63.588,0.45
63.589,0.45
63.59,0.45
63.591,0.45
63.592,0.45
63.593,0.45
63.594,0.45
63.595,0.45
63.596,0.45
63.597,0.45
63.598,0.45
63.599,0.45
63.6,0.45
63.601,0.45
63.602,0.45
63.603,0.45
63.604,0.45
63.605,0.45
63.606,0.45
63.607,0.45
63.608,0.45
63.609,0.45
63.61,0.45
63.611,0.45
63.612,0.45
63.613,0.45
63.614,0.45
63.615,0.45
63.616,0.45
63.617,0.45
63.618,0.45
63.619,0.45
63.62,0.45
63.621,0.45
63.622,0.45
63.623,0.45
63.624,0.45
63.625,0.45
63.626,0.45
63.627,0.45
63.628,0.45
63.629,0.45
63.63,0.45
63.631,0.45
63.632,0.45
63.633,0.45
63.634,0.45
63.635,0.45
63.636,0.45
63.637,0.45
63.638,0.45
63.639,0.45
63.64,0.45
63.641,0.45
63.642,0.45
63.643,0.45
63.644,0.45
63.645,0.45
63.646,0.45
63.647,0.45
63.648,0.45
63.649,0.45
63.65,0.45
63.651,0.45
63.652,0.45
63.653,0.45
63.654,0.45
63.655,0.45
63.656,0.45
63.657,0.45
63.658,0.45
63.659,0.45
63.66,0.45
63.661,0.45
63.662,0.45
63.663,0.45
63.664,0.45
63.665,0.45
63.666,0.45
63.667,0.45
63.668,0.45
63.669,0.45
63.67,0.45
63.671,0.45
63.672,0.45
63.673,0.45
63.674,0.45
63.675,0.45
63.676,0.45
63.677,0.45
63.678,0.45
63.679,0.45
63.68,0.45
63.681,0.45
63.682,0.45
63.683,0.45
63.684,0.45
63.685,0.45
63.686,0.45
63.687,0.45
63.688,0.45
63.689,0.45
63.69,0.45
63.691,0.45
63.692,0.45
63.693,0.45
63.694,0.45
63.695,0.45
63.696,0.45
63.697,0.45
63.698,0.45
63.699,0.45
63.7,0.45
63.701,0.45
63.702,0.45
63.703,0.45
63.704,0.45
63.705,0.45
63.706,0.45
63.707,0.45
63.708,0.45
63.709,0.45
63.71,0.45
63.711,0.45
63.712,0.45
63.713,0.45
63.714,0.45
63.715,0.45
63.716,0.45
63.717,0.45
63.718,0.45
63.719,0.45
63.72,0.45
63.721,0.45
63.722,0.45
63.723,0.45
63.724,0.45
63.725,0.45
63.726,0.45
63.727,0.45
63.728,0.45
63.729,0.45
63.73,0.45
63.731,0.45
63.732,0.45
63.733,0.45
63.734,0.45
63.735,0.45
63.736,0.45
63.737,0.45
63.738,0.45
63.739,0.45
63.74,0.45
63.741,0.45
63.742,0.45
63.743,0.45
63.744,0.45
63.745,0.45
63.746,0.45
63.747,0.45
63.748,0.45
63.749,0.45
63.75,0.45
63.751,0.45
63.752,0.45
63.753,0.45
63.754,0.45
63.755,0.45
63.756,0.45
63.757,0.45
63.758,0.45
63.759,0.45
63.76,0.45
63.761,0.45
63.762,0.45
63.763,0.45
63.764,0.45
63.765,0.45
63.766,0.45
63.767,0.45
63.768,0.45
63.769,0.45
63.77,0.45
63.771,0.45
63.772,0.45
63.773,0.45
63.774,0.45
63.775,0.45
63.776,0.45
63.777,0.45
63.778,0.45
63.779,0.45
63.78,0.45
63.781,0.45
63.782,0.45
63.783,0.45
63.784,0.45
63.785,0.45
63.786,0.45
63.787,0.45
63.788,0.45
63.789,0.45
63.79,0.45
63.791,0.45
63.792,0.45
63.793,0.45
63.794,0.45
63.795,0.45
63.796,0.45
63.797,0.45
63.798,0.45
63.799,0.45
63.8,0.45
63.801,0.45
63.802,0.45
63.803,0.45
63.804,0.45
63.805,0.45
63.806,0.45
63.807,0.45
63.808,0.45
63.809,0.45
63.81,0.45
63.811,0.45
63.812,0.45
63.813,0.45
63.814,0.45
63.815,0.45
63.816,0.45
63.817,0.45
63.818,0.45
63.819,0.45
63.82,0.45
63.821,0.45
63.822,0.45
63.823,0.45
63.824,0.45
63.825,0.45
63.826,0.45
63.827,0.45
63.828,0.45
63.829,0.45
63.83,0.45
63.831,0.45
63.832,0.45
63.833,0.45
63.834,0.45
63.835,0.45
63.836,0.45
63.837,0.45
63.838,0.45
63.839,0.45
63.84,0.45
63.841,0.45
63.842,0.45
63.843,0.45
63.844,0.45
63.845,0.45
63.846,0.45
63.847,0.45
63.848,0.45
63.849,0.45
63.85,0.45
63.851,0.45
63.852,0.45
63.853,0.45
63.854,0.45
63.855,0.45
63.856,0.45
63.857,0.45
63.858,0.45
63.859,0.45
63.86,0.45
63.861,0.45
63.862,0.45
63.863,0.45
63.864,0.45
63.865,0.45
63.866,0.45
63.867,0.45
63.868,0.45
63.869,0.45
63.87,0.45
63.871,0.45
63.872,0.45
63.873,0.45
63.874,0.45
63.875,0.45
63.876,0.45
63.877,0.45
63.878,0.45
63.879,0.45
63.88,0.45
63.881,0.45
63.882,0.45
63.883,0.45
63.884,0.45
63.885,0.45
63.886,0.45
63.887,0.45
63.888,0.45
63.889,0.45
63.89,0.45
63.891,0.45
63.892,0.45
63.893,0.45
63.894,0.45
63.895,0.45
63.896,0.45
63.897,0.45
63.898,0.45
63.899,0.45
63.9,0.45
63.901,0.45
63.902,0.45
63.903,0.45
63.904,0.45
63.905,0.45
63.906,0.45
63.907,0.45
63.908,0.45
63.909,0.45
63.91,0.45
63.911,0.45
63.912,0.45
63.913,0.45
63.914,0.45
63.915,0.45
63.916,0.45
63.917,0.45
63.918,0.45
63.919,0.45
63.92,0.45
63.921,0.45
63.922,0.45
63.923,0.45
63.924,0.45
63.925,0.45
63.926,0.45
63.927,0.45
63.928,0.45
63.929,0.45
63.93,0.45
63.931,0.45
63.932,0.45
63.933,0.45
63.934,0.45
63.935,0.45
63.936,0.45
63.937,0.45
63.938,0.45
63.939,0.45
63.94,0.45
63.941,0.45
63.942,0.45
63.943,0.45
63.944,0.45
63.945,0.45
63.946,0.45
63.947,0.45
63.948,0.45
63.949,0.45
63.95,0.45
63.951,0.45
63.952,0.45
63.953,0.45
63.954,0.45
63.955,0.45
63.956,0.45
63.957,0.45
63.958,0.45
63.959,0.45
63.96,0.45
63.961,0.45
63.962,0.45
63.963,0.45
63.964,0.45
63.965,0.45
63.966,0.45
63.967,0.45
63.968,0.45
63.969,0.45
63.97,0.45
63.971,0.45
63.972,0.45
63.973,0.45
63.974,0.45
63.975,0.45
63.976,0.45
63.977,0.45
63.978,0.45
63.979,0.45
63.98,0.45
63.981,0.45
63.982,0.45
63.983,0.45
63.984,0.45
63.985,0.45
63.986,0.45
63.987,0.45
63.988,0.45
63.989,0.45
63.99,0.45
63.991,0.45
63.992,0.45
63.993,0.45
63.994,0.45
63.995,0.45
63.996,0.45
63.997,0.45
63.998,0.45
63.999,0.45
64.0,0.45
64.001,0.45
64.002,0.45
64.003,0.45
64.004,0.45
64.005,0.45
64.006,0.45
64.007,0.45
64.008,0.45
64.009,0.45
64.01,0.45
64.011,0.45
64.012,0.45
64.013,0.45
64.014,0.45
64.015,0.45
64.016,0.45
64.017,0.45
64.018,0.45
64.019,0.45
64.02,0.45
64.021,0.45
64.022,0.45
64.023,0.45
64.024,0.45
64.025,0.45
64.026,0.45
64.027,0.45
64.028,0.45
64.029,0.45
64.03,0.45
64.031,0.45
64.032,0.45
64.033,0.45
64.034,0.45
64.035,0.45
64.036,0.45
64.037,0.45
64.038,0.45
64.039,0.45
64.04,0.45
64.041,0.45
64.042,0.45
64.043,0.45
64.044,0.45
64.045,0.45
64.046,0.45
64.047,0.45
64.048,0.45
64.049,0.45
64.05,0.45
64.051,0.45
64.052,0.45
64.053,0.45
64.054,0.45
64.055,0.45
64.056,0.45
64.057,0.45
64.058,0.45
64.059,0.45
64.06,0.45
64.061,0.45
64.062,0.45
64.063,0.45
64.064,0.45
64.065,0.45
64.066,0.45
64.067,0.45
64.068,0.45
64.069,0.45
64.07,0.45
64.071,0.45
64.072,0.45
64.073,0.45
64.074,0.45
64.075,0.45
64.076,0.45
64.077,0.45
64.078,0.45
64.079,0.45
64.08,0.45
64.081,0.45
64.082,0.45
64.083,0.45
64.084,0.45
64.085,0.45
64.086,0.45
64.087,0.45
64.088,0.45
64.089,0.45
64.09,0.45
64.091,0.45
64.092,0.45
64.093,0.45
64.094,0.45
64.095,0.45
64.096,0.45
64.097,0.45
64.098,0.45
64.099,0.45
64.1,0.45
64.101,0.45
64.102,0.45
64.103,0.45
64.104,0.45
64.105,0.45
64.106,0.45
64.107,0.45
64.108,0.45
64.109,0.45
64.11,0.45
64.111,0.45
64.112,0.45
64.113,0.45
64.114,0.45
64.115,0.45
64.116,0.45
64.117,0.45
64.118,0.45
64.119,0.45
64.12,0.45
64.121,0.45
64.122,0.45
64.123,0.45
64.124,0.45
64.125,0.45
64.126,0.45
64.127,0.45
64.128,0.45
64.129,0.45
64.13,0.45
64.131,0.45
64.132,0.45
64.133,0.45
64.134,0.45
64.135,0.45
64.136,0.45
64.137,0.45
64.138,0.45
64.139,0.45
64.14,0.45
64.141,0.45
64.142,0.45
64.143,0.45
64.144,0.45
64.145,0.45
64.146,0.45
64.147,0.45
64.148,0.45
64.149,0.45
64.15,0.45
64.151,0.45
64.152,0.45
64.153,0.45
64.154,0.45
64.155,0.45
64.156,0.45
64.157,0.45
64.158,0.45
64.159,0.45
64.16,0.45
64.161,0.45
64.162,0.45
64.163,0.45
64.164,0.45
64.165,0.45
64.166,0.45
64.167,0.45
64.168,0.45
64.169,0.45
64.17,0.45
64.171,0.45
64.172,0.45
64.173,0.45
64.174,0.45
64.175,0.45
64.176,0.45
64.177,0.45
64.178,0.45
64.179,0.45
64.18,0.45
64.181,0.45
64.182,0.45
64.183,0.45
64.184,0.45
64.185,0.45
64.186,0.45
64.187,0.45
64.188,0.45
64.189,0.45
64.19,0.45
64.191,0.45
64.192,0.45
64.193,0.45
64.194,0.45
64.195,0.45
64.196,0.45
64.197,0.45
64.198,0.45
64.199,0.45
64.2,0.45
64.201,0.45
64.202,0.45
64.203,0.45
64.204,0.45
64.205,0.45
64.206,0.45
64.207,0.45
64.208,0.45
64.209,0.45
64.21,0.45
64.211,0.45
64.212,0.45
64.213,0.45
64.214,0.45
64.215,0.45
64.216,0.45
64.217,0.45
64.218,0.45
64.219,0.45
64.22,0.45
64.221,0.45
64.222,0.45
64.223,0.45
64.224,0.45
64.225,0.45
64.226,0.45
64.227,0.45
64.228,0.45
64.229,0.45
64.23,0.45
64.231,0.45
64.232,0.45
64.233,0.45
64.234,0.45
64.235,0.45
64.236,0.45
64.237,0.45
64.238,0.45
64.239,0.45
64.24,0.45
64.241,0.45
64.242,0.45
64.243,0.45
64.244,0.45
64.245,0.45
64.246,0.45
64.247,0.45
64.248,0.45
64.249,0.45
64.25,0.45
64.251,0.45
64.252,0.45
64.253,0.45
64.254,0.45
64.255,0.45
64.256,0.45
64.257,0.45
64.258,0.45
64.259,0.45
64.26,0.45
64.261,0.45
64.262,0.45
64.263,0.45
64.264,0.45
64.265,0.45
64.266,0.45
64.267,0.45
64.268,0.45
64.269,0.45
64.27,0.45
64.271,0.45
64.272,0.45
64.273,0.45
64.274,0.45
64.275,0.45
64.276,0.45
64.277,0.45
64.278,0.45
64.279,0.45
64.28,0.45
64.281,0.45
64.282,0.45
64.283,0.45
64.284,0.45
64.285,0.45
64.286,0.45
64.287,0.45
64.288,0.45
64.289,0.45
64.29,0.45
64.291,0.45
64.292,0.45
64.293,0.45
64.294,0.45
64.295,0.45
64.296,0.45
64.297,0.45
64.298,0.45
64.299,0.45
64.3,0.45
64.301,0.45
64.302,0.45
64.303,0.45
64.304,0.45
64.305,0.45
64.306,0.45
64.307,0.45
64.308,0.45
64.309,0.45
64.31,0.45
64.311,0.45
64.312,0.45
64.313,0.45
64.314,0.45
64.315,0.45
64.316,0.45
64.317,0.45
64.318,0.45
64.319,0.45
64.32,0.45
64.321,0.45
64.322,0.45
64.323,0.45
64.324,0.45
64.325,0.45
64.326,0.45
64.327,0.45
64.328,0.45
64.329,0.45
64.33,0.45
64.331,0.45
64.332,0.45
64.333,0.45
64.334,0.45
64.335,0.45
64.336,0.45
64.337,0.45
64.338,0.45
64.339,0.45
64.34,0.45
64.341,0.45
64.342,0.45
64.343,0.45
64.344,0.45
64.345,0.45
64.346,0.45
64.347,0.45
64.348,0.45
64.349,0.45
64.35,0.45
64.351,0.45
64.352,0.45
64.353,0.45
64.354,0.45
64.355,0.45
64.356,0.45
64.357,0.45
64.358,0.45
64.359,0.45
64.36,0.45
64.361,0.45
64.362,0.45
64.363,0.45
64.364,0.45
64.365,0.45
64.366,0.45
64.367,0.45
64.368,0.45
64.369,0.45
64.37,0.45
64.371,0.45
64.372,0.45
64.373,0.45
64.374,0.45
64.375,0.45
64.376,0.45
64.377,0.45
64.378,0.45
64.379,0.45
64.38,0.45
64.381,0.45
64.382,0.45
64.383,0.45
64.384,0.45
64.385,0.45
64.386,0.45
64.387,0.45
64.388,0.45
64.389,0.45
64.39,0.45
64.391,0.45
64.392,0.45
64.393,0.45
64.394,0.45
64.395,0.45
64.396,0.45
64.397,0.45
64.398,0.45
64.399,0.45
64.4,0.45
64.401,0.45
64.402,0.45
64.403,0.45
64.404,0.45
64.405,0.45
64.406,0.45
64.407,0.45
64.408,0.45
64.409,0.45
64.41,0.45
64.411,0.45
64.412,0.45
64.413,0.45
64.414,0.45
64.415,0.45
64.416,0.45
64.417,0.45
64.418,0.45
64.419,0.45
64.42,0.45
64.421,0.45
64.422,0.45
64.423,0.45
64.424,0.45
64.425,0.45
64.426,0.45
64.427,0.45
64.428,0.45
64.429,0.45
64.43,0.45
64.431,0.45
64.432,0.45
64.433,0.45
64.434,0.45
64.435,0.45
64.436,0.45
64.437,0.45
64.438,0.45
64.439,0.45
64.44,0.45
64.441,0.45
64.442,0.45
64.443,0.45
64.444,0.45
64.445,0.45
64.446,0.45
64.447,0.45
64.448,0.45
64.449,0.45
64.45,0.45
64.451,0.45
64.452,0.45
64.453,0.45
64.454,0.45
64.455,0.45
64.456,0.45
64.457,0.45
64.458,0.45
64.459,0.45
64.46,0.45
64.461,0.45
64.462,0.45
64.463,0.45
64.464,0.45
64.465,0.45
64.466,0.45
64.467,0.45
64.468,0.45
64.469,0.45
64.47,0.45
64.471,0.45
64.472,0.45
64.473,0.45
64.474,0.45
64.475,0.45
64.476,0.45
64.477,0.45
64.478,0.45
64.479,0.45
64.48,0.45
64.481,0.45
64.482,0.45
64.483,0.45
64.484,0.45
64.485,0.45
64.486,0.45
64.487,0.45
64.488,0.45
64.489,0.45
64.49,0.45
64.491,0.45
64.492,0.45
64.493,0.45
64.494,0.45
64.495,0.45
64.496,0.45
64.497,0.45
64.498,0.45
64.499,0.45
64.5,0.45
64.501,0.45
64.502,0.45
64.503,0.45
64.504,0.45
64.505,0.45
64.506,0.45
64.507,0.45
64.508,0.45
64.509,0.45
64.51,0.45
64.511,0.45
64.512,0.45
64.513,0.45
64.514,0.45
64.515,0.45
64.516,0.45
64.517,0.45
64.518,0.45
64.519,0.45
64.52,0.45
64.521,0.45
64.522,0.45
64.523,0.45
64.524,0.45
64.525,0.45
64.526,0.45
64.527,0.45
64.528,0.45
64.529,0.45
64.53,0.45
64.531,0.45
64.532,0.45
64.533,0.45
64.534,0.45
64.535,0.45
64.536,0.45
64.537,0.45
64.538,0.45
64.539,0.45
64.54,0.45
64.541,0.45
64.542,0.45
64.543,0.45
64.544,0.45
64.545,0.45
64.546,0.45
64.547,0.45
64.548,0.45
64.549,0.45
64.55,0.45
64.551,0.45
64.552,0.45
64.553,0.45
64.554,0.45
64.555,0.45
64.556,0.45
64.557,0.45
64.558,0.45
64.559,0.45
64.56,0.45
64.561,0.45
64.562,0.45
64.563,0.45
64.564,0.45
64.565,0.45
64.566,0.45
64.567,0.45
64.568,0.45
64.569,0.45
64.57,0.45
64.571,0.45
64.572,0.45
64.573,0.45
64.574,0.45
64.575,0.45
64.576,0.45
64.577,0.45
64.578,0.45
64.579,0.45
64.58,0.45
64.581,0.45
64.582,0.45
64.583,0.45
64.584,0.45
64.585,0.45
64.586,0.45
64.587,0.45
64.588,0.45
64.589,0.45
64.59,0.45
64.591,0.45
64.592,0.45
64.593,0.45
64.594,0.45
64.595,0.45
64.596,0.45
64.597,0.45
64.598,0.45
64.599,0.45
64.6,0.45
64.601,0.45
64.602,0.45
64.603,0.45
64.604,0.45
64.605,0.45
64.606,0.45
64.607,0.45
64.608,0.45
64.609,0.45
64.61,0.45
64.611,0.45
64.612,0.45
64.613,0.45
64.614,0.45
64.615,0.45
64.616,0.45
64.617,0.45
64.618,0.45
64.619,0.45
64.62,0.45
64.621,0.45
64.622,0.45
64.623,0.45
64.624,0.45
64.625,0.45
64.626,0.45
64.627,0.45
64.628,0.45
64.629,0.45
64.63,0.45
64.631,0.45
64.632,0.45
64.633,0.45
64.634,0.45
64.635,0.45
64.636,0.45
64.637,0.45
64.638,0.45
64.639,0.45
64.64,0.45
64.641,0.45
64.642,0.45
64.643,0.45
64.644,0.45
64.645,0.45
64.646,0.45
64.647,0.45
64.648,0.45
64.649,0.45
64.65,0.45
64.651,0.45
64.652,0.45
64.653,0.45
64.654,0.45
64.655,0.45
64.656,0.45
64.657,0.45
64.658,0.45
64.659,0.45
64.66,0.45
64.661,0.45
64.662,0.45
64.663,0.45
64.664,0.45
64.665,0.45
64.666,0.45
64.667,0.45
64.668,0.45
64.669,0.45
64.67,0.45
64.671,0.45
64.672,0.45
64.673,0.45
64.674,0.45
64.675,0.45
64.676,0.45
64.677,0.45
64.678,0.45
64.679,0.45
64.68,0.45
64.681,0.45
64.682,0.45
64.683,0.45
64.684,0.45
64.685,0.45
64.686,0.45
64.687,0.45
64.688,0.45
64.689,0.45
64.69,0.45
64.691,0.45
64.692,0.45
64.693,0.45
64.694,0.45
64.695,0.45
64.696,0.45
64.697,0.45
64.698,0.45
64.699,0.45
64.7,0.45
64.701,0.45
64.702,0.45
64.703,0.45
64.704,0.45
64.705,0.45
64.706,0.45
64.707,0.45
64.708,0.45
64.709,0.45
64.71,0.45
64.711,0.45
64.712,0.45
64.713,0.45
64.714,0.45
64.715,0.45
64.716,0.45
64.717,0.45
64.718,0.45
64.719,0.45
64.72,0.45
64.721,0.45
64.722,0.45
64.723,0.45
64.724,0.45
64.725,0.45
64.726,0.45
64.727,0.45
64.728,0.45
64.729,0.45
64.73,0.45
64.731,0.45
64.732,0.45
64.733,0.45
64.734,0.45
64.735,0.45
64.736,0.45
64.737,0.45
64.738,0.45
64.739,0.45
64.74,0.45
64.741,0.45
64.742,0.45
64.743,0.45
64.744,0.45
64.745,0.45
64.746,0.45
64.747,0.45
64.748,0.45
64.749,0.45
64.75,0.45
64.751,0.45
64.752,0.45
64.753,0.45
64.754,0.45
64.755,0.45
64.756,0.45
64.757,0.0
64.758,0.0
64.759,0.0
64.76,0.0
64.761,0.0
64.762,0.0
64.763,0.0
64.764,0.0
64.765,0.0
64.766,0.0
64.767,0.0
64.768,0.0
64.769,0.0
64.77,0.0
64.771,0.0
64.772,0.0
64.773,0.0
64.774,0.0
64.775,0.0
64.776,0.0
64.777,0.0
64.778,0.0
64.779,0.0
64.78,0.0
64.781,0.0
64.782,0.0
64.783,0.0
64.784,0.0
64.785,0.0
64.786,0.0
64.787,0.0
64.788,0.0
64.789,0.0
64.79,0.0
64.791,0.0
64.792,0.0
64.793,0.0
64.794,0.0
64.795,0.0
64.796,0.0
64.797,0.0
64.798,0.0
64.799,0.0
64.8,0.0
64.801,0.0
64.802,0.0
64.803,0.0
64.804,0.0
64.805,0.0
64.806,0.0
64.807,0.0
64.808,0.0
64.809,0.0
64.81,0.0
64.811,0.0
64.812,0.0
64.813,0.0
64.814,0.0
64.815,0.0
64.816,0.0
64.817,0.0
64.818,0.0
64.819,0.0
64.82,0.0
64.821,0.0
64.822,0.0
64.823,0.0
64.824,0.0
64.825,0.0
64.826,0.0
64.827,0.0
64.828,0.0
64.829,0.0
64.83,0.0
64.831,0.0
64.832,0.0
64.833,0.0
64.834,0.0
64.835,0.0
64.836,0.0
64.837,0.0
64.838,0.0
64.839,0.0
64.84,0.0
64.841,0.0
64.842,0.0
64.843,0.0
64.844,0.0
64.845,0.0
64.846,0.0
64.847,0.0
64.848,0.0
64.849,0.0
64.85,0.0
64.851,0.0
64.852,0.0
64.853,0.0
64.854,0.0
64.855,0.0
64.856,0.0
64.857,0.0
64.858,0.0
64.859,0.0
64.86,0.0
64.861,0.0
64.862,0.0
64.863,0.0
64.864,0.0
64.865,0.0
64.866,0.0
64.867,0.0
64.868,0.0
64.869,0.0
64.87,0.0
64.871,0.0
64.872,0.0
64.873,0.0
64.874,0.0
64.875,0.0
64.876,0.0
64.877,0.0
64.878,0.0
64.879,0.0
64.88,0.0
64.881,0.0
64.882,0.0
64.883,0.0
64.884,0.0
64.885,0.0
64.886,0.0
64.887,0.0
64.888,0.0
64.889,0.0
64.89,0.0
64.891,0.0
64.892,0.0
64.893,0.0
64.894,0.0
64.895,0.0
64.896,0.0
64.897,0.0
64.898,0.0
64.899,0.0
64.9,0.0
64.901,0.0
64.902,0.0
64.903,0.0
64.904,0.0
64.905,0.0
64.906,0.0
64.907,0.0
64.908,0.0
64.909,0.0
64.91,0.0
64.911,0.0
64.912,0.0
64.913,0.0
64.914,0.0
64.915,0.0
64.916,0.0
64.917,0.0
64.918,0.0
64.919,0.0
64.92,0.0
64.921,0.0
64.922,0.0
64.923,0.0
64.924,0.0
64.925,0.0
64.926,0.0
64.927,0.0
64.928,0.0
64.929,0.0
64.93,0.0
64.931,0.0
64.932,0.0
64.933,0.0
64.934,0.0
64.935,0.0
64.936,0.0
64.937,0.0
64.938,0.0
64.939,0.0
64.94,0.0
64.941,0.0
64.942,0.0
64.943,0.0
64.944,0.0
64.945,0.0
64.946,0.0
64.947,0.0
64.948,0.0
64.949,0.0
64.95,0.0
64.951,0.0
64.952,0.0
64.953,0.0
64.954,0.0
64.955,0.0
64.956,0.0
64.957,0.0
64.958,0.0
64.959,0.0
64.96,0.0
64.961,0.0
64.962,0.0
64.963,0.0
64.964,0.0
64.965,0.0
64.966,0.0
64.967,0.0
64.968,0.0
64.969,0.0
64.97,0.0
64.971,0.0
64.972,0.0
64.973,0.0
64.974,0.0
64.975,0.0
64.976,0.0
64.977,0.0
64.978,0.0
64.979,0.0
64.98,0.0
64.981,0.0
64.982,0.0
64.983,0.0
64.984,0.0
64.985,0.0
64.986,0.0
64.987,0.0
64.988,0.0
64.989,0.0
64.99,0.0
64.991,0.0
64.992,0.0
64.993,0.0
64.994,0.0
64.995,0.0
64.996,0.0
64.997,0.0
64.998,0.0
64.999,0.0
65.0,0.0
65.001,0.0
65.002,0.0
65.003,0.0
65.004,0.0
65.005,0.0
65.006,0.0
65.007,0.0
65.008,0.0
65.009,0.0
65.01,0.0
65.011,0.0
65.012,0.0
65.013,0.0
65.014,0.0
65.015,0.0
65.016,0.0
65.017,0.0
65.018,0.0
65.019,0.0
65.02,0.0
65.021,0.0
65.022,0.0
65.023,0.0
65.024,0.0
65.025,0.0
65.026,0.0
65.027,0.0
65.028,0.0
65.029,0.0
65.03,0.0
65.031,0.0
65.032,0.0
65.033,0.0
65.034,0.0
65.035,0.0
65.036,0.0
65.037,0.0
65.038,0.0
65.039,0.0
65.04,0.0
65.041,0.0
65.042,0.0
65.043,0.0
65.044,0.0
65.045,0.0
65.046,0.0
65.047,0.0
65.048,0.0
65.049,0.0
65.05,0.0
65.051,0.0
65.052,0.0
65.053,0.0
65.054,0.0
65.055,0.0
65.056,0.0
65.057,0.0
65.058,0.0
65.059,0.0
65.06,0.0
65.061,0.0
65.062,0.0
65.063,0.0
65.064,0.0
65.065,0.0
65.066,0.0
65.067,0.0
65.068,0.0
65.069,0.0
65.07,0.0
65.071,0.0
65.072,0.0
65.073,0.0
65.074,0.0
65.075,0.0
65.076,0.0
65.077,0.0
65.078,0.0
65.079,0.0
65.08,0.0
65.081,0.0
65.082,0.0
65.083,0.0
65.084,0.0
65.085,0.0
65.086,0.0
65.087,0.0
65.088,0.0
65.089,0.0
65.09,0.0
65.091,0.0
65.092,0.0
65.093,0.0
65.094,0.0
65.095,0.0
65.096,0.0
65.097,0.0
65.098,0.0
65.099,0.0
65.1,0.0
65.101,0.0
65.102,0.0
65.103,0.0
65.104,0.0
65.105,0.0
65.106,0.0
65.107,0.0
65.108,0.0
65.109,0.0
65.11,0.0
65.111,0.0
65.112,0.0
65.113,0.0
65.114,0.0
65.115,0.0
65.116,0.0
65.117,0.0
65.118,0.0
65.119,0.0
65.12,0.0
65.121,0.0
65.122,0.0
65.123,0.0
65.124,0.0
65.125,0.0
65.126,0.0
65.127,0.0
65.128,0.0
65.129,0.0
65.13,0.0
65.131,0.0
65.132,0.0
65.133,0.0
65.134,0.0
65.135,0.0
65.136,0.0
65.137,0.0
65.138,0.0
65.139,0.0
65.14,0.0
65.141,0.0
65.142,0.0
65.143,0.0
65.144,0.0
65.145,0.0
65.146,0.0
65.147,0.0
65.148,0.0
65.149,0.0
65.15,0.0
65.151,0.0
65.152,0.0
65.153,0.0
65.154,0.0
65.155,0.0
65.156,0.0
65.157,0.0
65.158,0.0
65.159,0.0
65.16,0.0
65.161,0.0
65.162,0.0
65.163,0.0
65.164,0.0
65.165,0.0
65.166,0.0
65.167,0.0
65.168,0.0
65.169,0.0
65.17,0.0
65.171,0.0
65.172,0.0
65.173,0.0
65.174,0.0
65.175,0.0
65.176,0.0
65.177,0.0
65.178,0.0
65.179,0.0
65.18,0.0
65.181,0.0
65.182,0.0
65.183,0.0
65.184,0.0
65.185,0.0
65.186,0.0
65.187,0.0
65.188,0.0
65.189,0.0
65.19,0.0
65.191,0.0
65.192,0.0
65.193,0.0
65.194,0.0
65.195,0.0
65.196,0.0
65.197,0.0
65.198,0.0
65.199,0.0
65.2,0.0
65.201,0.0
65.202,0.0
65.203,0.0
65.204,0.0
65.205,0.0
65.206,0.0
65.207,0.0
65.208,0.0
65.209,0.0
65.21,0.0
65.211,0.0
65.212,0.0
65.213,0.0
65.214,0.0
65.215,0.0
65.216,0.0
65.217,0.0
65.218,0.0
65.219,0.0
65.22,0.0
65.221,0.0
65.222,0.0
65.223,0.0
65.224,0.0
65.225,0.0
65.226,0.0
65.227,0.0
65.228,0.0
65.229,0.0
65.23,0.0
65.231,0.0
65.232,0.0
65.233,0.0
65.234,0.0
65.235,0.0
65.236,0.0
65.237,0.0
65.238,0.0
65.239,0.0
65.24,0.0
65.241,0.0
65.242,0.0
65.243,0.0
65.244,0.0
65.245,0.0
65.246,0.0
65.247,0.0
65.248,0.0
65.249,0.0
65.25,0.0
65.251,0.0
65.252,0.0
65.253,0.0
65.254,0.0
65.255,0.0
65.256,0.0
65.257,0.0
65.258,0.0
65.259,0.0
65.26,0.0
65.261,0.0
65.262,0.0
65.263,0.0
65.264,0.0
65.265,0.0
65.266,0.0
65.267,0.0
65.268,0.0
65.269,0.0
65.27,0.0
65.271,0.0
65.272,0.0
65.273,0.0
65.274,0.0
65.275,0.0
65.276,0.0
65.277,0.0
65.278,0.0
65.279,0.0
65.28,0.0
65.281,0.0
65.282,0.0
65.283,0.0
65.284,0.0
65.285,0.0
65.286,0.0
65.287,0.0
65.288,0.0
65.289,0.0
65.29,0.0
65.291,0.0
65.292,0.0
65.293,0.0
65.294,0.0
65.295,0.0
65.296,0.0
65.297,0.0
65.298,0.0
65.299,0.0
65.3,0.0
65.301,0.0
65.302,0.0
65.303,0.0
65.304,0.0
65.305,0.0
65.306,0.0
65.307,0.0
65.308,0.0
65.309,0.0
65.31,0.0
65.311,0.0
65.312,0.0
65.313,0.0
65.314,0.0
65.315,0.0
65.316,0.0
65.317,0.0
65.318,0.0
65.319,0.0
65.32,0.0
65.321,0.0
65.322,0.0
65.323,0.0
65.324,0.0
65.325,0.0
65.326,0.0
65.327,0.0
65.328,0.0
65.329,0.0
65.33,0.0
65.331,0.0
65.332,0.0
65.333,0.0
65.334,0.0
65.335,0.0
65.336,0.0
65.337,0.0
65.338,0.0
65.339,0.0
65.34,0.0
65.341,0.0
65.342,0.0
65.343,0.0
65.344,0.0
65.345,0.0
65.346,0.0
65.347,0.0
65.348,0.0
65.349,0.0
65.35,0.0
65.351,0.0
65.352,0.0
65.353,0.0
65.354,0.0
65.355,0.0
65.356,0.0
65.357,0.0
65.358,0.0
65.359,0.0
65.36,0.0
65.361,0.0
65.362,0.0
65.363,0.0
65.364,0.0
65.365,0.0
65.366,0.0
65.367,0.0
65.368,0.0
65.369,0.0
65.37,0.0
65.371,0.0
65.372,0.0
65.373,0.0
65.374,0.0
65.375,0.0
65.376,0.0
65.377,0.0
65.378,0.0
65.379,0.0
65.38,0.0
65.381,0.0
65.382,0.0
65.383,0.0
65.384,0.0
65.385,0.0
65.386,0.0
65.387,0.0
65.388,0.0
65.389,0.0
65.39,0.0
65.391,0.0
65.392,0.0
65.393,0.0
65.394,0.0
65.395,0.0
65.396,0.0
65.397,0.0
65.398,0.0
65.399,0.0
65.4,0.0
65.401,0.0
65.402,0.0
65.403,0.0
65.404,0.0
65.405,0.0
65.406,0.0
65.407,0.0
65.408,0.0
65.409,0.0
65.41,0.0
65.411,0.0
65.412,0.0
65.413,0.0
65.414,0.0
65.415,0.0
65.416,0.0
65.417,0.0
65.418,0.0
65.419,0.0
65.42,0.0
65.421,0.0
65.422,0.0
65.423,0.0
65.424,0.0
65.425,0.0
65.426,0.0
65.427,0.0
65.428,0.0
65.429,0.0
65.43,0.0
65.431,0.0
65.432,0.0
65.433,0.0
65.434,0.0
65.435,0.0
65.436,0.0
65.437,0.0
65.438,0.0
65.439,0.0
65.44,0.0
65.441,0.0
65.442,0.0
65.443,0.0
65.444,0.0
65.445,0.0
65.446,0.0
65.447,0.0
65.448,0.0
65.449,0.0
65.45,0.0
65.451,0.0
65.452,0.0
65.453,0.0
65.454,0.0
65.455,0.0
65.456,0.0
65.457,0.0
65.458,0.0
65.459,0.0
65.46,0.0
65.461,0.0
65.462,0.0
65.463,0.0
65.464,0.0
65.465,0.0
65.466,0.0
65.467,0.0
65.468,0.0
65.469,0.0
65.47,0.0
65.471,0.0
65.472,0.0
65.473,0.0
65.474,0.0
65.475,0.0
65.476,0.0
65.477,0.0
65.478,0.0
65.479,0.0
65.48,0.0
65.481,0.0
65.482,0.0
65.483,0.0
65.484,0.0
65.485,0.0
65.486,0.0
65.487,0.0
65.488,0.0
65.489,0.0
65.49,0.0
65.491,0.0
65.492,0.0
65.493,0.0
65.494,0.0
65.495,0.0
65.496,0.0
65.497,0.0
65.498,0.0
65.499,0.0
65.5,0.0
65.501,0.0
65.502,0.0
65.503,0.0
65.504,0.0
65.505,0.0
65.506,0.0
65.507,0.0
65.508,0.0
65.509,0.0
65.51,0.0
65.511,0.0
65.512,0.0
65.513,0.0
65.514,0.0
65.515,0.0
65.516,0.0
65.517,0.0
65.518,0.0
65.519,0.0
65.52,0.0
65.521,0.0
65.522,0.0
65.523,0.0
65.524,0.0
65.525,0.0
65.526,0.0
65.527,0.0
65.528,0.0
65.529,0.0
65.53,0.0
65.531,0.0
65.532,0.0
65.533,0.0
65.534,0.0
65.535,0.0
65.536,0.0
65.537,0.0
65.538,0.0
65.539,0.0
65.54,0.0
65.541,0.0
65.542,0.0
65.543,0.0
65.544,0.0
65.545,0.0
65.546,0.0
65.547,0.0
65.548,0.0
65.549,0.0
65.55,0.0
65.551,0.0
65.552,0.0
65.553,0.0
65.554,0.0
65.555,0.0
65.556,0.0
65.557,0.0
65.558,0.0
65.559,0.0
65.56,0.0
65.561,0.0
65.562,0.0
65.563,0.0
65.564,0.0
65.565,0.0
65.566,0.0
65.567,0.0
65.568,0.0
65.569,0.0
65.57,0.0
65.571,0.0
65.572,0.0
65.573,0.0
65.574,0.0
65.575,0.0
65.576,0.0
65.577,0.0
65.578,0.0
65.579,0.0
65.58,0.0
65.581,0.0
65.582,0.0
65.583,0.0
65.584,0.0
65.585,0.0
65.586,0.0
65.587,0.0
65.588,0.0
65.589,0.0
65.59,0.0
65.591,0.0
65.592,0.0
65.593,0.0
65.594,0.0
65.595,0.0
65.596,0.0
65.597,0.0
65.598,0.0
65.599,0.0
65.6,0.0
65.601,0.0
65.602,0.0
65.603,0.0
65.604,0.0
65.605,0.0
65.606,0.0
65.607,0.0
65.608,0.0
65.609,0.0
65.61,0.0
65.611,0.0
65.612,0.0
65.613,0.0
65.614,0.0
65.615,0.0
65.616,0.0
65.617,0.0
65.618,0.0
65.619,0.0
65.62,0.0
65.621,0.0
65.622,0.0
65.623,0.0
65.624,0.0
65.625,0.0
65.626,0.0
65.627,0.0
65.628,0.0
65.629,0.0
65.63,0.0
65.631,0.0
65.632,0.0
65.633,0.0
65.634,0.0
65.635,0.0
65.636,0.0
65.637,0.0
65.638,0.0
65.639,0.0
65.64,0.0
65.641,0.0
65.642,0.0
65.643,0.0
65.644,0.0
65.645,0.0
65.646,0.0
65.647,0.0
65.648,0.0
65.649,0.0
65.65,0.0
65.651,0.0
65.652,0.0
65.653,0.0
65.654,0.0
65.655,0.0
65.656,0.0
65.657,0.0
65.658,0.0
65.659,0.0
65.66,0.0
65.661,0.0
65.662,0.0
65.663,0.0
65.664,0.0
65.665,0.0
65.666,0.0
65.667,0.0
65.668,0.0
65.669,0.0
65.67,0.0
65.671,0.0
65.672,0.0
65.673,0.0
65.674,0.0
65.675,0.0
65.676,0.0
65.677,0.0
65.678,0.0
65.679,0.0
65.68,0.0
65.681,0.0
65.682,0.0
65.683,0.0
65.684,0.0
65.685,0.0
65.686,0.0
65.687,0.0
65.688,0.0
65.689,0.0
65.69,0.0
65.691,0.0
65.692,0.0
65.693,0.0
65.694,0.0
65.695,0.0
65.696,0.0
65.697,0.0
65.698,0.0
65.699,0.0
65.7,0.0
65.701,0.0
65.702,0.0
65.703,0.0
65.704,0.0
65.705,0.0
65.706,0.0
65.707,0.0
65.708,0.0
65.709,0.0
65.71,0.0
65.711,0.0
65.712,0.0
65.713,0.0
65.714,0.0
65.715,0.0
65.716,0.0
65.717,0.0
65.718,0.0
65.719,0.0
65.72,0.0
65.721,0.0
65.722,0.0
65.723,0.0
65.724,0.0
65.725,0.0
65.726,0.0
65.727,0.0
65.728,0.0
65.729,0.0
65.73,0.0
65.731,0.0
65.732,0.0
65.733,0.0
65.734,0.0
65.735,0.0
65.736,0.0
65.737,0.0
65.738,0.0
65.739,0.0
65.74,0.0
65.741,0.0
65.742,0.0
65.743,0.0
65.744,0.0
65.745,0.0
65.746,0.0
65.747,0.0
65.748,0.0
65.749,0.0
65.75,0.0
65.751,0.0
65.752,0.0
65.753,0.0
65.754,0.0
65.755,0.0
65.756,0.0
65.757,0.0
65.758,0.0
65.759,0.0
65.76,0.0
65.761,0.0
65.762,0.0
65.763,0.0
65.764,0.0
65.765,0.0
65.766,0.0
65.767,0.0
65.768,0.0
65.769,0.0
65.77,0.0
65.771,0.0
65.772,0.0
65.773,0.0
65.774,0.0
65.775,0.0
65.776,0.0
65.777,0.0
65.778,0.0
65.779,0.0
65.78,0.0
65.781,0.0
65.782,0.0
65.783,0.0
65.784,0.0
65.785,0.0
65.786,0.0
65.787,0.0
65.788,0.0
65.789,0.0
65.79,0.0
65.791,0.0
65.792,0.0
65.793,0.0
65.794,0.0
65.795,0.0
65.796,0.0
65.797,0.0
65.798,0.0
65.799,0.0
65.8,0.0
65.801,0.0
65.802,0.0
65.803,0.0
65.804,0.0
65.805,0.0
65.806,0.0
65.807,0.0
65.808,0.0
65.809,0.0
65.81,0.0
65.811,0.0
65.812,0.0
65.813,0.0
65.814,0.0
65.815,0.0
65.816,0.0
65.817,0.0
65.818,0.0
65.819,0.0
65.82,0.0
65.821,0.0
65.822,0.0
65.823,0.0
65.824,0.0
65.825,0.0
65.826,0.0
65.827,0.0
65.828,0.0
65.829,0.0
65.83,0.0
65.831,0.0
65.832,0.0
65.833,0.0
65.834,0.0
65.835,0.0
65.836,0.0
65.837,0.0
65.838,0.0
65.839,0.0
65.84,0.0
65.841,0.0
65.842,0.0
65.843,0.0
65.844,0.0
65.845,0.0
65.846,0.0
65.847,0.0
65.848,0.0
65.849,0.0
65.85,0.0
65.851,0.0
65.852,0.0
65.853,0.0
65.854,0.0
65.855,0.0
65.856,0.0
65.857,0.0
65.858,0.0
65.859,0.0
65.86,0.0
65.861,0.0
65.862,0.0
65.863,0.0
65.864,0.0
65.865,0.0
65.866,0.0
65.867,0.0
65.868,0.0
65.869,0.0
65.87,0.0
65.871,0.0
65.872,0.0
65.873,0.0
65.874,0.0
65.875,0.0
65.876,0.0
65.877,0.0
65.878,0.0
65.879,0.0
65.88,0.0
65.881,0.0
65.882,0.0
65.883,0.0
65.884,0.0
65.885,0.0
65.886,0.0
65.887,0.0
65.888,0.0
65.889,0.0
65.89,0.0
65.891,0.0
65.892,0.0
65.893,0.0
65.894,0.0
65.895,0.0
65.896,0.0
65.897,0.0
65.898,0.0
65.899,0.0
65.9,0.0
65.901,0.0
65.902,0.0
65.903,0.0
65.904,0.0
65.905,0.0
65.906,0.0
65.907,0.0
65.908,0.0
65.909,0.0
65.91,0.0
65.911,0.0
65.912,0.0
65.913,0.0
65.914,0.0
65.915,0.0
65.916,0.0
65.917,0.0
65.918,0.0
65.919,0.0
65.92,0.0
65.921,0.0
65.922,0.0
65.923,0.0
65.924,0.0
65.925,0.0
65.926,0.0
65.927,0.0
65.928,0.0
65.929,0.0
65.93,0.0
65.931,0.0
65.932,0.0
65.933,0.0
65.934,0.0
65.935,0.0
65.936,0.0
65.937,0.0
65.938,0.0
65.939,0.0
65.94,0.0
65.941,0.0
65.942,0.0
65.943,0.0
65.944,0.0
65.945,0.0
65.946,0.0
65.947,0.0
65.948,0.0
65.949,0.0
65.95,0.0
65.951,0.0
65.952,0.0
65.953,0.0
65.954,0.0
65.955,0.0
65.956,0.0
65.957,0.0
65.958,0.0
65.959,0.0
65.96,0.0
65.961,0.0
65.962,0.0
65.963,0.0
65.964,0.0
65.965,0.0
65.966,0.0
65.967,0.0
65.968,0.0
65.969,0.0
65.97,0.0
65.971,0.0
65.972,0.0
65.973,0.0
65.974,0.0
65.975,0.0
65.976,0.0
65.977,0.0
65.978,0.0
65.979,0.0
65.98,0.0
65.981,0.0
65.982,0.0
65.983,0.0
65.984,0.0
65.985,0.0
65.986,0.0
65.987,0.0
65.988,0.0
65.989,0.0
65.99,0.0
65.991,0.0
65.992,0.0
65.993,0.0
65.994,0.0
65.995,0.0
65.996,0.0
65.997,0.0
65.998,0.0
65.999,0.0
66.0,0.0
66.001,0.0
66.002,0.0
66.003,0.0
66.004,0.0
66.005,0.0
66.006,0.0
66.007,0.0
66.008,0.0
66.009,0.0
66.01,0.0
66.011,0.0
66.012,0.0
66.013,0.0
66.014,0.0
66.015,0.0
66.016,0.0
66.017,0.0
66.018,0.0
66.019,0.0
66.02,0.0
66.021,0.0
66.022,0.0
66.023,0.0
66.024,0.0
66.025,0.0
66.026,0.0
66.027,0.0
66.028,0.0
66.029,0.0
66.03,0.0
66.031,0.0
66.032,0.0
66.033,0.0
66.034,0.0
66.035,0.0
66.036,0.0
66.037,0.0
66.038,0.0
66.039,0.0
66.04,0.0
66.041,0.0
66.042,0.0
66.043,0.0
66.044,0.0
66.045,0.0
66.046,0.0
66.047,0.0
66.048,0.0
66.049,0.0
66.05,0.0
66.051,0.0
66.052,0.0
66.053,0.0
66.054,0.0
66.055,0.0
66.056,0.0
66.057,0.0
66.058,0.0
66.059,0.0
66.06,0.0
66.061,0.0
66.062,0.0
66.063,0.0
66.064,0.0
66.065,0.0
66.066,0.0
66.067,0.0
66.068,0.0
66.069,0.0
66.07,0.0
66.071,0.0
66.072,0.0
66.073,0.0
66.074,0.0
66.075,0.0
66.076,0.0
66.077,0.0
66.078,0.0
66.079,0.0
66.08,0.0
66.081,0.0
66.082,0.0
66.083,0.0
66.084,0.0
66.085,0.0
66.086,0.0
66.087,0.0
66.088,0.0
66.089,0.0
66.09,0.0
66.091,0.0
66.092,0.0
66.093,0.0
66.094,0.0
66.095,0.0
66.096,0.0
66.097,0.0
66.098,0.0
66.099,0.0
66.1,0.0
66.101,0.0
66.102,0.0
66.103,0.0
66.104,0.0
66.105,0.0
66.106,0.0
66.107,0.0
66.108,0.0
66.109,0.0
66.11,0.0
66.111,0.0
66.112,0.0
66.113,0.0
66.114,0.0
66.115,0.0
66.116,0.0
66.117,0.0
66.118,0.0
66.119,0.0
66.12,0.0
66.121,0.0
66.122,0.0
66.123,0.0
66.124,0.0
66.125,0.0
66.126,0.0
66.127,0.0
66.128,0.0
66.129,0.0
66.13,0.0
66.131,0.0
66.132,0.0
66.133,0.0
66.134,0.0
66.135,0.0
66.136,0.0
66.137,0.0
66.138,0.0
66.139,0.0
66.14,0.0
66.141,0.0
66.142,0.0
66.143,0.0
66.144,0.0
66.145,0.0
66.146,0.0
66.147,0.0
66.148,0.0
66.149,0.0
66.15,0.0
66.151,0.0
66.152,0.0
66.153,0.0
66.154,0.0
66.155,0.0
66.156,0.0
66.157,0.0
66.158,0.0
66.159,0.0
66.16,0.0
66.161,0.0
66.162,0.0
66.163,0.0
66.164,0.0
66.165,0.0
66.166,0.0
66.167,0.0
66.168,0.0
66.169,0.0
66.17,0.0
66.171,0.0
66.172,0.0
66.173,0.0
66.174,0.0
66.175,0.0
66.176,0.0
66.177,0.0
66.178,0.45
66.179,0.45
66.18,0.45
66.181,0.45
66.182,0.45
66.183,0.45
66.184,0.45
66.185,0.45
66.186,0.45
66.187,0.45
66.188,0.45
66.189,0.45
66.19,0.45
66.191,0.45
66.192,0.45
66.193,0.45
66.194,0.45
66.195,0.45
66.196,0.45
66.197,0.45
66.198,0.45
66.199,0.45
66.2,0.45
66.201,0.45
66.202,0.45
66.203,0.45
66.204,0.45
66.205,0.45
66.206,0.45
66.207,0.45
66.208,0.45
66.209,0.45
66.21,0.45
66.211,0.45
66.212,0.45
66.213,0.45
66.214,0.45
66.215,0.45
66.216,0.45
66.217,0.45
66.218,0.45
66.219,0.45
66.22,0.45
66.221,0.45
66.222,0.45
66.223,0.45
66.224,0.45
66.225,0.45
66.226,0.45
66.227,0.45
66.228,0.45
66.229,0.45
66.23,0.45
66.231,0.45
66.232,0.45
66.233,0.45
66.234,0.45
66.235,0.45
66.236,0.45
66.237,0.45
66.238,0.45
66.239,0.45
66.24,0.45
66.241,0.45
66.242,0.45
66.243,0.45
66.244,0.45
66.245,0.45
66.246,0.45
66.247,0.45
66.248,0.45
66.249,0.45
66.25,0.45
66.251,0.45
66.252,0.45
66.253,0.45
66.254,0.45
66.255,0.45
66.256,0.45
66.257,0.45
66.258,0.45
66.259,0.45
66.26,0.45
66.261,0.45
66.262,0.45
66.263,0.45
66.264,0.45
66.265,0.45
66.266,0.45
66.267,0.45
66.268,0.45
66.269,0.45
66.27,0.45
66.271,0.45
66.272,0.45
66.273,0.45
66.274,0.45
66.275,0.45
66.276,0.45
66.277,0.45
66.278,0.45
66.279,0.45
66.28,0.45
66.281,0.45
66.282,0.45
66.283,0.45
66.284,0.45
66.285,0.45
66.286,0.45
66.287,0.45
66.288,0.45
66.289,0.45
66.29,0.45
66.291,0.45
66.292,0.45
66.293,0.45
66.294,0.45
66.295,0.45
66.296,0.45
66.297,0.45
66.298,0.45
66.299,0.45
66.3,0.45
66.301,0.45
66.302,0.45
66.303,0.45
66.304,0.45
66.305,0.45
66.306,0.45
66.307,0.45
66.308,0.45
66.309,0.45
66.31,0.45
66.311,0.45
66.312,0.45
66.313,0.45
66.314,0.45
66.315,0.45
66.316,0.45
66.317,0.45
66.318,0.45
66.319,0.45
66.32,0.45
66.321,0.45
66.322,0.45
66.323,0.45
66.324,0.45
66.325,0.45
66.326,0.45
66.327,0.45
66.328,0.45
66.329,0.45
66.33,0.45
66.331,0.45
66.332,0.45
66.333,0.45
66.334,0.45
66.335,0.45
66.336,0.45
66.337,0.45
66.338,0.45
66.339,0.45
66.34,0.45
66.341,0.45
66.342,0.45
66.343,0.45
66.344,0.45
66.345,0.45
66.346,0.45
66.347,0.45
66.348,0.45
66.349,0.45
66.35,0.45
66.351,0.45
66.352,0.45
66.353,0.45
66.354,0.45
66.355,0.45
66.356,0.45
66.357,0.45
66.358,0.45
66.359,0.45
66.36,0.45
66.361,0.45
66.362,0.45
66.363,0.45
66.364,0.45
66.365,0.45
66.366,0.45
66.367,0.45
66.368,0.45
66.369,0.45
66.37,0.45
66.371,0.45
66.372,0.45
66.373,0.45
66.374,0.45
66.375,0.45
66.376,0.45
66.377,0.45
66.378,0.45
66.379,0.45
66.38,0.45
66.381,0.45
66.382,0.45
66.383,0.45
66.384,0.45
66.385,0.45
66.386,0.45
66.387,0.45
66.388,0.45
66.389,0.45
66.39,0.45
66.391,0.45
66.392,0.45
66.393,0.45
66.394,0.45
66.395,0.45
66.396,0.45
66.397,0.45
66.398,0.45
66.399,0.45
66.4,0.45
66.401,0.45
66.402,0.45
66.403,0.45
66.404,0.45
66.405,0.45
66.406,0.45
66.407,0.45
66.408,0.45
66.409,0.45
66.41,0.45
66.411,0.45
66.412,0.45
66.413,0.45
66.414,0.45
66.415,0.45
66.416,0.45
66.417,0.45
66.418,0.45
66.419,0.45
66.42,0.45
66.421,0.45
66.422,0.45
66.423,0.45
66.424,0.45
66.425,0.45
66.426,0.45
66.427,0.45
66.428,0.45
66.429,0.45
66.43,0.45
66.431,0.45
66.432,0.45
66.433,0.45
66.434,0.45
66.435,0.45
66.436,0.45
66.437,0.45
66.438,0.45
66.439,0.45
66.44,0.45
66.441,0.45
66.442,0.45
66.443,0.45
66.444,0.45
66.445,0.45
66.446,0.45
66.447,0.45
66.448,0.45
66.449,0.45
66.45,0.45
66.451,0.45
66.452,0.45
66.453,0.45
66.454,0.45
66.455,0.45
66.456,0.45
66.457,0.45
66.458,0.45
66.459,0.45
66.46,0.45
66.461,0.45
66.462,0.45
66.463,0.45
66.464,0.45
66.465,0.45
66.466,0.45
66.467,0.45
66.468,0.45
66.469,0.45
66.47,0.45
66.471,0.45
66.472,0.45
66.473,0.45
66.474,0.45
66.475,0.45
66.476,0.45
66.477,0.45
66.478,0.45
66.479,0.45
66.48,0.45
66.481,0.45
66.482,0.45
66.483,0.45
66.484,0.45
66.485,0.45
66.486,0.45
66.487,0.45
66.488,0.45
66.489,0.45
66.49,0.45
66.491,0.45
66.492,0.45
66.493,0.45
66.494,0.45
66.495,0.45
66.496,0.45
66.497,0.45
66.498,0.45
66.499,0.45
66.5,0.45
66.501,0.45
66.502,0.45
66.503,0.45
66.504,0.45
66.505,0.45
66.506,0.45
66.507,0.45
66.508,0.45
66.509,0.45
66.51,0.45
66.511,0.45
66.512,0.45
66.513,0.45
66.514,0.45
66.515,0.45
66.516,0.45
66.517,0.45
66.518,0.45
66.519,0.45
66.52,0.45
66.521,0.45
66.522,0.45
66.523,0.45
66.524,0.45
66.525,0.45
66.526,0.45
66.527,0.45
66.528,0.45
66.529,0.45
66.53,0.45
66.531,0.45
66.532,0.45
66.533,0.45
66.534,0.45
66.535,0.45
66.536,0.45
66.537,0.45
66.538,0.45
66.539,0.45
66.54,0.45
66.541,0.45
66.542,0.45
66.543,0.45
66.544,0.45
66.545,0.45
66.546,0.45
66.547,0.45
66.548,0.45
66.549,0.45
66.55,0.45
66.551,0.45
66.552,0.45
66.553,0.45
66.554,0.45
66.555,0.45
66.556,0.45
66.557,0.45
66.558,0.45
66.559,0.45
66.56,0.45
66.561,0.45
66.562,0.45
66.563,0.45
66.564,0.45
66.565,0.45
66.566,0.45
66.567,0.45
66.568,0.45
66.569,0.45
66.57,0.45
66.571,0.45
66.572,0.45
66.573,0.45
66.574,0.45
66.575,0.45
66.576,0.45
66.577,0.45
66.578,0.45
66.579,0.45
66.58,0.45
66.581,0.45
66.582,0.45
66.583,0.45
66.584,0.45
66.585,0.45
66.586,0.45
66.587,0.45
66.588,0.45
66.589,0.45
66.59,0.45
66.591,0.45
66.592,0.45
66.593,0.45
66.594,0.45
66.595,0.45
66.596,0.45
66.597,0.45
66.598,0.45
66.599,0.45
66.6,0.45
66.601,0.45
66.602,0.45
66.603,0.45
66.604,0.45
66.605,0.45
66.606,0.45
66.607,0.45
66.608,0.45
66.609,0.45
66.61,0.45
66.611,0.45
66.612,0.45
66.613,0.45
66.614,0.45
66.615,0.45
66.616,0.45
66.617,0.45
66.618,0.45
66.619,0.45
66.62,0.45
66.621,0.45
66.622,0.45
66.623,0.45
66.624,0.45
66.625,0.45
66.626,0.45
66.627,0.45
66.628,0.45
66.629,0.45
66.63,0.45
66.631,0.45
66.632,0.45
66.633,0.45
66.634,0.45
66.635,0.45
66.636,0.45
66.637,0.45
66.638,0.45
66.639,0.45
66.64,0.45
66.641,0.45
66.642,0.45
66.643,0.45
66.644,0.45
66.645,0.45
66.646,0.45
66.647,0.45
66.648,0.45
66.649,0.45
66.65,0.45
66.651,0.45
66.652,0.45
66.653,0.45
66.654,0.45
66.655,0.45
66.656,0.45
66.657,0.45
66.658,0.45
66.659,0.45
66.66,0.45
66.661,0.45
66.662,0.45
66.663,0.45
66.664,0.45
66.665,0.45
66.666,0.45
66.667,0.45
66.668,0.45
66.669,0.45
66.67,0.45
66.671,0.45
66.672,0.45
66.673,0.45
66.674,0.45
66.675,0.45
66.676,0.45
66.677,0.45
66.678,0.45
66.679,0.45
66.68,0.45
66.681,0.45
66.682,0.45
66.683,0.45
66.684,0.45
66.685,0.45
66.686,0.45
66.687,0.45
66.688,0.45
66.689,0.45
66.69,0.45
66.691,0.45
66.692,0.45
66.693,0.45
66.694,0.45
66.695,0.45
66.696,0.45
66.697,0.45
66.698,0.45
66.699,0.45
66.7,0.45
66.701,0.45
66.702,0.45
66.703,0.45
66.704,0.45
66.705,0.45
66.706,0.45
66.707,0.45
66.708,0.45
66.709,0.45
66.71,0.45
66.711,0.45
66.712,0.45
66.713,0.45
66.714,0.45
66.715,0.45
66.716,0.45
66.717,0.45
66.718,0.45
66.719,0.45
66.72,0.45
66.721,0.45
66.722,0.45
66.723,0.45
66.724,0.45
66.725,0.45
66.726,0.45
66.727,0.45
66.728,0.45
66.729,0.45
66.73,0.45
66.731,0.45
66.732,0.45
66.733,0.45
66.734,0.45
66.735,0.45
66.736,0.45
66.737,0.45
66.738,0.45
66.739,0.45
66.74,0.45
66.741,0.45
66.742,0.45
66.743,0.45
66.744,0.45
66.745,0.45
66.746,0.45
66.747,0.45
66.748,0.45
66.749,0.45
66.75,0.45
66.751,0.45
66.752,0.45
66.753,0.45
66.754,0.45
66.755,0.45
66.756,0.45
66.757,0.45
66.758,0.45
66.759,0.45
66.76,0.45
66.761,0.45
66.762,0.45
66.763,0.45
66.764,0.45
66.765,0.45
66.766,0.45
66.767,0.45
66.768,0.45
66.769,0.45
66.77,0.45
66.771,0.45
66.772,0.45
66.773,0.45
66.774,0.45
66.775,0.45
66.776,0.45
66.777,0.45
66.778,0.45
66.779,0.45
66.78,0.45
66.781,0.45
66.782,0.45
66.783,0.45
66.784,0.45
66.785,0.45
66.786,0.45
66.787,0.45
66.788,0.45
66.789,0.45
66.79,0.45
66.791,0.45
66.792,0.45
66.793,0.45
66.794,0.45
66.795,0.45
66.796,0.45
66.797,0.45
66.798,0.45
66.799,0.45
66.8,0.45
66.801,0.45
66.802,0.45
66.803,0.45
66.804,0.45
66.805,0.45
66.806,0.45
66.807,0.45
66.808,0.45
66.809,0.45
66.81,0.45
66.811,0.45
66.812,0.45
66.813,0.45
66.814,0.45
66.815,0.45
66.816,0.45
66.817,0.45
66.818,0.45
66.819,0.45
66.82,0.45
66.821,0.45
66.822,0.45
66.823,0.45
66.824,0.45
66.825,0.45
66.826,0.45
66.827,0.45
66.828,0.45
66.829,0.45
66.83,0.45
66.831,0.45
66.832,0.45
66.833,0.45
66.834,0.45
66.835,0.45
66.836,0.45
66.837,0.45
66.838,0.45
66.839,0.45
66.84,0.45
66.841,0.45
66.842,0.45
66.843,0.45
66.844,0.45
66.845,0.45
66.846,0.45
66.847,0.45
66.848,0.45
66.849,0.45
66.85,0.45
66.851,0.45
66.852,0.45
66.853,0.45
66.854,0.45
66.855,0.45
66.856,0.45
66.857,0.45
66.858,0.45
66.859,0.45
66.86,0.45
66.861,0.45
66.862,0.45
66.863,0.45
66.864,0.45
66.865,0.45
66.866,0.45
66.867,0.45
66.868,0.45
66.869,0.45
66.87,0.45
66.871,0.45
66.872,0.45
66.873,0.45
66.874,0.45
66.875,0.45
66.876,0.45
66.877,0.45
66.878,0.45
66.879,0.45
66.88,0.45
66.881,0.45
66.882,0.45
66.883,0.45
66.884,0.45
66.885,0.45
66.886,0.45
66.887,0.45
66.888,0.45
66.889,0.45
66.89,0.45
66.891,0.45
66.892,0.45
66.893,0.45
66.894,0.45
66.895,0.45
66.896,0.45
66.897,0.45
66.898,0.45
66.899,0.45
66.9,0.45
66.901,0.45
66.902,0.45
66.903,0.45
66.904,0.45
66.905,0.45
66.906,0.45
66.907,0.45
66.908,0.45
66.909,0.45
66.91,0.45
66.911,0.45
66.912,0.45
66.913,0.45
66.914,0.45
66.915,0.45
66.916,0.45
66.917,0.45
66.918,0.45
66.919,0.45
66.92,0.45
66.921,0.45
66.922,0.45
66.923,0.45
66.924,0.45
66.925,0.45
66.926,0.45
66.927,0.45
66.928,0.45
66.929,0.45
66.93,0.45
66.931,0.45
66.932,0.45
66.933,0.45
66.934,0.45
66.935,0.45
66.936,0.45
66.937,0.45
66.938,0.45
66.939,0.45
66.94,0.45
66.941,0.45
66.942,0.45
66.943,0.45
66.944,0.45
66.945,0.45
66.946,0.45
66.947,0.45
66.948,0.45
66.949,0.45
66.95,0.45
66.951,0.45
66.952,0.45
66.953,0.45
66.954,0.45
66.955,0.45
66.956,0.45
66.957,0.45
66.958,0.45
66.959,0.45
66.96,0.45
66.961,0.45
66.962,0.45
66.963,0.45
66.964,0.45
66.965,0.45
66.966,0.45
66.967,0.45
66.968,0.45
66.969,0.45
66.97,0.45
66.971,0.45
66.972,0.45
66.973,0.45
66.974,0.45
66.975,0.45
66.976,0.45
66.977,0.45
66.978,0.45
66.979,0.45
66.98,0.45
66.981,0.45
66.982,0.45
66.983,0.45
66.984,0.45
66.985,0.45
66.986,0.45
66.987,0.45
66.988,0.45
66.989,0.45
66.99,0.45
66.991,0.45
66.992,0.45
66.993,0.45
66.994,0.45
66.995,0.45
66.996,0.45
66.997,0.45
66.998,0.45
66.999,0.45
67.0,0.45
67.001,0.45
67.002,0.45
67.003,0.45
67.004,0.45
67.005,0.45
67.006,0.45
67.007,0.45
67.008,0.45
67.009,0.45
67.01,0.45
67.011,0.45
67.012,0.45
67.013,0.45
67.014,0.45
67.015,0.45
67.016,0.45
67.017,0.45
67.018,0.45
67.019,0.45
67.02,0.45
67.021,0.45
67.022,0.45
67.023,0.45
67.024,0.45
67.025,0.45
67.026,0.45
67.027,0.45
67.028,0.45
67.029,0.45
67.03,0.45
67.031,0.45
67.032,0.45
67.033,0.45
67.034,0.45
67.035,0.45
67.036,0.45
67.037,0.45
67.038,0.45
67.039,0.45
67.04,0.45
67.041,0.45
67.042,0.45
67.043,0.45
67.044,0.45
67.045,0.45
67.046,0.45
67.047,0.45
67.048,0.45
67.049,0.45
67.05,0.45
67.051,0.45
67.052,0.45
67.053,0.45
67.054,0.45
67.055,0.45
67.056,0.45
67.057,0.45
67.058,0.45
67.059,0.45
67.06,0.45
67.061,0.45
67.062,0.45
67.063,0.45
67.064,0.45
67.065,0.45
67.066,0.45
67.067,0.45
67.068,0.45
67.069,0.45
67.07,0.45
67.071,0.45
67.072,0.45
67.073,0.45
67.074,0.45
67.075,0.45
67.076,0.45
67.077,0.45
67.078,0.45
67.079,0.45
67.08,0.45
67.081,0.45
67.082,0.45
67.083,0.45
67.084,0.45
67.085,0.45
67.086,0.45
67.087,0.45
67.088,0.45
67.089,0.45
67.09,0.45
67.091,0.45
67.092,0.45
67.093,0.45
67.094,0.45
67.095,0.45
67.096,0.45
67.097,0.45
67.098,0.45
67.099,0.45
67.1,0.45
67.101,0.45
67.102,0.45
67.103,0.45
67.104,0.45
67.105,0.45
67.106,0.45
67.107,0.45
67.108,0.45
67.109,0.45
67.11,0.45
67.111,0.45
67.112,0.45
67.113,0.45
67.114,0.45
67.115,0.45
67.116,0.45
67.117,0.45
67.118,0.45
67.119,0.45
67.12,0.45
67.121,0.45
67.122,0.45
67.123,0.45
67.124,0.45
67.125,0.45
67.126,0.45
67.127,0.45
67.128,0.45
67.129,0.45
67.13,0.45
67.131,0.45
67.132,0.45
67.133,0.45
67.134,0.45
67.135,0.45
67.136,0.45
67.137,0.45
67.138,0.45
67.139,0.45
67.14,0.45
67.141,0.45
67.142,0.45
67.143,0.45
67.144,0.45
67.145,0.45
67.146,0.45
67.147,0.45
67.148,0.45
67.149,0.45
67.15,0.45
67.151,0.45
67.152,0.45
67.153,0.45
67.154,0.45
67.155,0.45
67.156,0.45
67.157,0.45
67.158,0.45
67.159,0.45
67.16,0.45
67.161,0.45
67.162,0.45
67.163,0.45
67.164,0.45
67.165,0.45
67.166,0.45
67.167,0.45
67.168,0.45
67.169,0.45
67.17,0.45
67.171,0.45
67.172,0.45
67.173,0.45
67.174,0.45
67.175,0.45
67.176,0.45
67.177,0.45
67.178,0.45
67.179,0.45
67.18,0.45
67.181,0.45
67.182,0.45
67.183,0.45
67.184,0.45
67.185,0.45
67.186,0.45
67.187,0.45
67.188,0.45
67.189,0.45
67.19,0.45
67.191,0.45
67.192,0.45
67.193,0.45
67.194,0.45
67.195,0.45
67.196,0.45
67.197,0.45
67.198,0.45
67.199,0.45
67.2,0.45
67.201,0.45
67.202,0.45
67.203,0.45
67.204,0.45
67.205,0.45
67.206,0.45
67.207,0.45
67.208,0.45
67.209,0.45
67.21,0.45
67.211,0.45
67.212,0.45
67.213,0.45
67.214,0.45
67.215,0.45
67.216,0.45
67.217,0.45
67.218,0.45
67.219,0.45
67.22,0.45
67.221,0.45
67.222,0.45
67.223,0.45
67.224,0.45
67.225,0.45
67.226,0.45
67.227,0.45
67.228,0.45
67.229,0.45
67.23,0.45
67.231,0.45
67.232,0.45
67.233,0.45
67.234,0.45
67.235,0.45
67.236,0.45
67.237,0.45
67.238,0.45
67.239,0.45
67.24,0.45
67.241,0.45
67.242,0.45
67.243,0.45
67.244,0.45
67.245,0.45
67.246,0.45
67.247,0.45
67.248,0.45
67.249,0.45
67.25,0.45
67.251,0.45
67.252,0.45
67.253,0.45
67.254,0.45
67.255,0.45
67.256,0.45
67.257,0.45
67.258,0.45
67.259,0.45
67.26,0.45
67.261,0.45
67.262,0.45
67.263,0.45
67.264,0.45
67.265,0.45
67.266,0.45
67.267,0.45
67.268,0.45
67.269,0.45
67.27,0.45
67.271,0.45
67.272,0.45
67.273,0.45
67.274,0.45
67.275,0.45
67.276,0.45
67.277,0.45
67.278,0.45
67.279,0.45
67.28,0.45
67.281,0.45
67.282,0.45
67.283,0.45
67.284,0.45
67.285,0.45
67.286,0.45
67.287,0.45
67.288,0.45
67.289,0.45
67.29,0.45
67.291,0.45
67.292,0.45
67.293,0.45
67.294,0.45
67.295,0.45
67.296,0.45
67.297,0.45
67.298,0.45
67.299,0.45
67.3,0.45
67.301,0.45
67.302,0.45
67.303,0.45
67.304,0.45
67.305,0.45
67.306,0.45
67.307,0.45
67.308,0.45
67.309,0.45
67.31,0.45
67.311,0.45
67.312,0.45
67.313,0.45
67.314,0.45
67.315,0.45
67.316,0.45
67.317,0.45
67.318,0.45
67.319,0.45
67.32,0.45
67.321,0.45
67.322,0.45
67.323,0.45
67.324,0.45
67.325,0.45
67.326,0.45
67.327,0.45
67.328,0.45
67.329,0.45
67.33,0.45
67.331,0.45
67.332,0.45
67.333,0.45
67.334,0.45
67.335,0.45
67.336,0.45
67.337,0.45
67.338,0.45
67.339,0.45
67.34,0.45
67.341,0.45
67.342,0.45
67.343,0.45
67.344,0.45
67.345,0.45
67.346,0.45
67.347,0.45
67.348,0.45
67.349,0.45
67.35,0.45
67.351,0.45
67.352,0.45
67.353,0.45
67.354,0.45
67.355,0.45
67.356,0.45
67.357,0.45
67.358,0.45
67.359,0.45
67.36,0.45
67.361,0.45
67.362,0.45
67.363,0.45
67.364,0.45
67.365,0.45
67.366,0.45
67.367,0.45
67.368,0.45
67.369,0.45
67.37,0.45
67.371,0.45
67.372,0.45
67.373,0.45
67.374,0.45
67.375,0.45
67.376,0.45
67.377,0.45
67.378,0.45
67.379,0.45
67.38,0.45
67.381,0.45
67.382,0.45
67.383,0.45
67.384,0.45
67.385,0.45
67.386,0.45
67.387,0.45
67.388,0.45
67.389,0.45
67.39,0.45
67.391,0.45
67.392,0.45
67.393,0.45
67.394,0.45
67.395,0.45
67.396,0.45
67.397,0.45
67.398,0.45
67.399,0.45
67.4,0.45
67.401,0.45
67.402,0.45
67.403,0.45
67.404,0.45
67.405,0.45
67.406,0.45
67.407,0.45
67.408,0.45
67.409,0.45
67.41,0.45
67.411,0.45
67.412,0.45
67.413,0.45
67.414,0.45
67.415,0.45
67.416,0.45
67.417,0.45
67.418,0.45
67.419,0.45
67.42,0.45
67.421,0.45
67.422,0.45
67.423,0.45
67.424,0.45
67.425,0.45
67.426,0.45
67.427,0.45
67.428,0.45
67.429,0.45
67.43,0.45
67.431,0.45
67.432,0.45
67.433,0.45
67.434,0.45
67.435,0.45
67.436,0.45
67.437,0.45
67.438,0.45
67.439,0.45
67.44,0.45
67.441,0.45
67.442,0.45
67.443,0.45
67.444,0.45
67.445,0.45
67.446,0.45
67.447,0.45
67.448,0.45
67.449,0.45
67.45,0.45
67.451,0.45
67.452,0.45
67.453,0.45
67.454,0.45
67.455,0.45
67.456,0.45
67.457,0.45
67.458,0.45
67.459,0.45
67.46,0.45
67.461,0.45
67.462,0.45
67.463,0.45
67.464,0.45
67.465,0.45
67.466,0.45
67.467,0.45
67.468,0.45
67.469,0.45
67.47,0.45
67.471,0.45
67.472,0.45
67.473,0.45
67.474,0.45
67.475,0.45
67.476,0.45
67.477,0.45
67.478,0.45
67.479,0.45
67.48,0.45
67.481,0.45
67.482,0.45
67.483,0.45
67.484,0.45
67.485,0.45
67.486,0.45
67.487,0.45
67.488,0.45
67.489,0.45
67.49,0.45
67.491,0.45
67.492,0.45
67.493,0.45
67.494,0.45
67.495,0.45
67.496,0.45
67.497,0.45
67.498,0.45
67.499,0.45
67.5,0.45
67.501,0.45
67.502,0.45
67.503,0.45
67.504,0.45
67.505,0.45
67.506,0.45
67.507,0.45
67.508,0.45
67.509,0.45
67.51,0.45
67.511,0.45
67.512,0.45
67.513,0.45
67.514,0.45
67.515,0.45
67.516,0.45
67.517,0.45
67.518,0.45
67.519,0.45
67.52,0.45
67.521,0.45
67.522,0.45
67.523,0.45
67.524,0.45
67.525,0.45
67.526,0.45
67.527,0.45
67.528,0.45
67.529,0.45
67.53,0.45
67.531,0.45
67.532,0.45
67.533,0.45
67.534,0.45
67.535,0.45
67.536,0.45
67.537,0.45
67.538,0.45
67.539,0.45
67.54,0.45
67.541,0.45
67.542,0.45
67.543,0.45
67.544,0.45
67.545,0.45
67.546,0.45
67.547,0.45
67.548,0.45
67.549,0.45
67.55,0.45
67.551,0.45
67.552,0.45
67.553,0.45
67.554,0.45
67.555,0.45
67.556,0.45
67.557,0.45
67.558,0.45
67.559,0.45
67.56,0.45
67.561,0.45
67.562,0.45
67.563,0.45
67.564,0.45
67.565,0.45
67.566,0.45
67.567,0.45
67.568,0.45
67.569,0.45
67.57,0.45
67.571,0.45
67.572,0.45
67.573,0.45
67.574,0.45
67.575,0.45
67.576,0.45
67.577,0.45
67.578,0.45
67.579,0.45
67.58,0.45
67.581,0.45
67.582,0.45
67.583,0.45
67.584,0.45
67.585,0.45
67.586,0.45
67.587,0.45
67.588,0.45
67.589,0.45
67.59,0.45
67.591,0.45
67.592,0.45
67.593,0.45
67.594,0.45
67.595,0.45
67.596,0.45
67.597,0.45
67.598,0.45
67.599,0.45
67.6,0.45
67.601,0.45
67.602,0.45
67.603,0.45
67.604,0.45
67.605,0.45
67.606,0.45
67.607,0.45
67.608,0.45
67.609,0.45
67.61,0.45
67.611,0.45
67.612,0.45
67.613,0.45
67.614,0.45
67.615,0.45
67.616,0.45
67.617,0.45
67.618,0.45
67.619,0.45
67.62,0.45
67.621,0.45
67.622,0.45
67.623,0.45
67.624,0.45
67.625,0.45
67.626,0.45
67.627,0.45
67.628,0.45
67.629,0.45
67.63,0.45
67.631,0.45
67.632,0.45
67.633,0.45
67.634,0.45
67.635,0.45
67.636,0.45
67.637,0.45
67.638,0.45
67.639,0.45
67.64,0.45
67.641,0.45
67.642,0.45
67.643,0.45
67.644,0.45
67.645,0.45
67.646,0.45
67.647,0.45
67.648,0.45
67.649,0.45
67.65,0.45
67.651,0.45
67.652,0.45
67.653,0.45
67.654,0.45
67.655,0.45
67.656,0.45
67.657,0.45
67.658,0.45
67.659,0.45
67.66,0.45
67.661,0.45
67.662,0.45
67.663,0.45
67.664,0.45
67.665,0.45
67.666,0.45
67.667,0.45
67.668,0.45
67.669,0.45
67.67,0.45
67.671,0.45
67.672,0.45
67.673,0.45
67.674,0.45
67.675,0.45
67.676,0.45
67.677,0.45
67.678,0.45
67.679,0.45
67.68,0.45
67.681,0.45
67.682,0.45
67.683,0.45
67.684,0.45
67.685,0.45
67.686,0.45
67.687,0.45
67.688,0.45
67.689,0.45
67.69,0.45
67.691,0.45
67.692,0.45
67.693,0.45
67.694,0.45
67.695,0.45
67.696,0.45
67.697,0.45
67.698,0.45
67.699,0.45
67.7,0.45
67.701,0.45
67.702,0.45
67.703,0.45
67.704,0.45
67.705,0.45
67.706,0.45
67.707,0.45
67.708,0.45
67.709,0.45
67.71,0.45
67.711,0.45
67.712,0.45
67.713,0.45
67.714,0.45
67.715,0.45
67.716,0.45
67.717,0.45
67.718,0.45
67.719,0.45
67.72,0.45
67.721,0.45
67.722,0.45
67.723,0.45
67.724,0.45
67.725,0.45
67.726,0.45
67.727,0.45
67.728,0.45
67.729,0.45
67.73,0.45
67.731,0.45
67.732,0.45
67.733,0.45
67.734,0.45
67.735,0.45
67.736,0.45
67.737,0.45
67.738,0.45
67.739,0.45
67.74,0.45
67.741,0.45
67.742,0.45
67.743,0.45
67.744,0.45
67.745,0.45
67.746,0.45
67.747,0.45
67.748,0.45
67.749,0.45
67.75,0.45
67.751,0.45
67.752,0.45
67.753,0.45
67.754,0.45
67.755,0.45
67.756,0.45
67.757,0.45
67.758,0.45
67.759,0.45
67.76,0.45
67.761,0.45
67.762,0.45
67.763,0.45
67.764,0.45
67.765,0.45
67.766,0.45
67.767,0.45
67.768,0.45
67.769,0.45
67.77,0.45
67.771,0.45
67.772,0.45
67.773,0.45
67.774,0.45
67.775,0.45
67.776,0.45
67.777,0.45
67.778,0.45
67.779,0.45
67.78,0.45
67.781,0.45
67.782,0.45
67.783,0.45
67.784,0.45
67.785,0.45
67.786,0.45
67.787,0.45
67.788,0.45
67.789,0.45
67.79,0.45
67.791,0.45
67.792,0.45
67.793,0.45
67.794,0.45
67.795,0.45
67.796,0.45
67.797,0.45
67.798,0.45
67.799,0.45
67.8,0.45
67.801,0.45
67.802,0.0
67.803,0.0
67.804,0.0
67.805,0.0
67.806,0.0
67.807,0.0
67.808,0.0
67.809,0.0
67.81,0.0
67.811,0.0
67.812,0.0
67.813,0.0
67.814,0.0
67.815,0.0
67.816,0.0
67.817,0.0
67.818,0.0
67.819,0.0
67.82,0.0
67.821,0.0
67.822,0.0
67.823,0.0
67.824,0.0
67.825,0.0
67.826,0.0
67.827,0.0
67.828,0.0
67.829,0.0
67.83,0.0
67.831,0.0
67.832,0.0
67.833,0.0
67.834,0.0
67.835,0.0
67.836,0.0
67.837,0.0
67.838,0.0
67.839,0.0
67.84,0.0
67.841,0.0
67.842,0.0
67.843,0.0
67.844,0.0
67.845,0.0
67.846,0.0
67.847,0.0
67.848,0.0
67.849,0.0
67.85,0.0
67.851,0.0
67.852,0.0
67.853,0.0
67.854,0.0
67.855,0.0
67.856,0.0
67.857,0.0
67.858,0.0
67.859,0.0
67.86,0.0
67.861,0.0
67.862,0.0
67.863,0.0
67.864,0.0
67.865,0.0
67.866,0.0
67.867,0.0
67.868,0.0
67.869,0.0
67.87,0.0
67.871,0.0
67.872,0.0
67.873,0.0
67.874,0.0
67.875,0.0
67.876,0.0
67.877,0.0
67.878,0.0
67.879,0.0
67.88,0.0
67.881,0.0
67.882,0.0
67.883,0.0
67.884,0.0
67.885,0.0
67.886,0.0
67.887,0.0
67.888,0.0
67.889,0.0
67.89,0.0
67.891,0.0
67.892,0.0
67.893,0.0
67.894,0.0
67.895,0.0
67.896,0.0
67.897,0.0
67.898,0.0
67.899,0.0
67.9,0.0
67.901,0.0
67.902,0.0
67.903,0.0
67.904,0.0
67.905,0.0
67.906,0.0
67.907,0.0
67.908,0.0
67.909,0.0
67.91,0.0
67.911,0.0
67.912,0.0
67.913,0.0
67.914,0.0
67.915,0.0
67.916,0.0
67.917,0.0
67.918,0.0
67.919,0.0
67.92,0.0
67.921,0.0
67.922,0.0
67.923,0.0
67.924,0.0
67.925,0.0
67.926,0.0
67.927,0.0
67.928,0.0
67.929,0.0
67.93,0.0
67.931,0.0
67.932,0.0
67.933,0.0
67.934,0.0
67.935,0.0
67.936,0.0
67.937,0.0
67.938,0.0
67.939,0.0
67.94,0.0
67.941,0.0
67.942,0.0
67.943,0.0
67.944,0.0
67.945,0.0
67.946,0.0
67.947,0.0
67.948,0.0
67.949,0.0
67.95,0.0
67.951,0.0
67.952,0.0
67.953,0.0
67.954,0.0
67.955,0.0
67.956,0.0
67.957,0.0
67.958,0.0
67.959,0.0
67.96,0.0
67.961,0.0
67.962,0.0
67.963,0.0
67.964,0.0
67.965,0.0
67.966,0.0
67.967,0.0
67.968,0.0
67.969,0.0
67.97,0.0
67.971,0.0
67.972,0.0
67.973,0.0
67.974,0.0
67.975,0.0
67.976,0.0
67.977,0.0
67.978,0.0
67.979,0.0
67.98,0.0
67.981,0.0
67.982,0.0
67.983,0.0
67.984,0.0
67.985,0.0
67.986,0.0
67.987,0.0
67.988,0.0
67.989,0.0
67.99,0.0
67.991,0.0
67.992,0.0
67.993,0.0
67.994,0.0
67.995,0.0
67.996,0.0
67.997,0.0
67.998,0.0
67.999,0.0
68.0,0.0
68.001,0.0
68.002,0.0
68.003,0.0
68.004,0.0
68.005,0.0
68.006,0.0
68.007,0.0
68.008,0.0
68.009,0.0
68.01,0.0
68.011,0.0
68.012,0.0
68.013,0.0
68.014,0.0
68.015,0.0
68.016,0.0
68.017,0.0
68.018,0.0
68.019,0.0
68.02,0.0
68.021,0.0
68.022,0.0
68.023,0.0
68.024,0.0
68.025,0.0
68.026,0.0
68.027,0.0
68.028,0.0
68.029,0.0
68.03,0.0
68.031,0.0
68.032,0.0
68.033,0.0
68.034,0.0
68.035,0.0
68.036,0.0
68.037,0.0
68.038,0.0
68.039,0.0
68.04,0.0
68.041,0.0
68.042,0.0
68.043,0.0
68.044,0.0
68.045,0.0
68.046,0.0
68.047,0.0
68.048,0.0
68.049,0.0
68.05,0.0
68.051,0.0
68.052,0.0
68.053,0.0
68.054,0.0
68.055,0.0
68.056,0.0
68.057,0.0
68.058,0.0
68.059,0.0
68.06,0.0
68.061,0.0
68.062,0.0
68.063,0.0
68.064,0.0
68.065,0.0
68.066,0.0
68.067,0.0
68.068,0.0
68.069,0.0
68.07,0.0
68.071,0.0
68.072,0.0
68.073,0.0
68.074,0.0
68.075,0.0
68.076,0.0
68.077,0.0
68.078,0.0
68.079,0.0
68.08,0.0
68.081,0.0
68.082,0.0
68.083,0.0
68.084,0.0
68.085,0.0
68.086,0.0
68.087,0.0
68.088,0.0
68.089,0.0
68.09,0.0
68.091,0.0
68.092,0.0
68.093,0.0
68.094,0.0
68.095,0.0
68.096,0.0
68.097,0.0
68.098,0.0
68.099,0.0
68.1,0.0
68.101,0.0
68.102,0.0
68.103,0.0
68.104,0.0
68.105,0.0
68.106,0.0
68.107,0.0
68.108,0.0
68.109,0.0
68.11,0.0
68.111,0.0
68.112,0.0
68.113,0.0
68.114,0.0
68.115,0.0
68.116,0.0
68.117,0.0
68.118,0.0
68.119,0.0
68.12,0.0
68.121,0.0
68.122,0.0
68.123,0.0
68.124,0.0
68.125,0.0
68.126,0.0
68.127,0.0
68.128,0.0
68.129,0.0
68.13,0.0
68.131,0.0
68.132,0.0
68.133,0.0
68.134,0.0
68.135,0.0
68.136,0.0
68.137,0.0
68.138,0.0
68.139,0.0
68.14,0.0
68.141,0.0
68.142,0.0
68.143,0.0
68.144,0.0
68.145,0.0
68.146,0.0
68.147,0.0
68.148,0.0
68.149,0.0
68.15,0.0
68.151,0.0
68.152,0.0
68.153,0.0
68.154,0.0
68.155,0.0
68.156,0.0
68.157,0.0
68.158,0.0
68.159,0.0
68.16,0.0
68.161,0.0
68.162,0.0
68.163,0.0
68.164,0.0
68.165,0.0
68.166,0.0
68.167,0.0
68.168,0.0
68.169,0.0
68.17,0.0
68.171,0.0
68.172,0.0
68.173,0.0
68.174,0.0
68.175,0.0
68.176,0.0
68.177,0.0
68.178,0.0
68.179,0.0
68.18,0.0
68.181,0.0
68.182,0.0
68.183,0.0
68.184,0.0
68.185,0.0
68.186,0.0
68.187,0.0
68.188,0.0
68.189,0.0
68.19,0.0
68.191,0.0
68.192,0.0
68.193,0.0
68.194,0.0
68.195,0.0
68.196,0.0
68.197,0.0
68.198,0.0
68.199,0.0
68.2,0.0
68.201,0.0
68.202,0.0
68.203,0.0
68.204,0.0
68.205,0.0
68.206,0.0
68.207,0.0
68.208,0.0
68.209,0.0
68.21,0.0
68.211,0.0
68.212,0.0
68.213,0.0
68.214,0.0
68.215,0.0
68.216,0.0
68.217,0.0
68.218,0.0
68.219,0.0
68.22,0.0
68.221,0.0
68.222,0.0
68.223,0.0
68.224,0.0
68.225,0.0
68.226,0.0
68.227,0.0
68.228,0.0
68.229,0.0
68.23,0.0
68.231,0.0
68.232,0.0
68.233,0.0
68.234,0.0
68.235,0.0
68.236,0.0
68.237,0.0
68.238,0.0
68.239,0.0
68.24,0.0
68.241,0.0
68.242,0.0
68.243,0.0
68.244,0.0
68.245,0.0
68.246,0.0
68.247,0.0
68.248,0.0
68.249,0.0
68.25,0.0
68.251,0.0
68.252,0.0
68.253,0.0
68.254,0.0
68.255,0.0
68.256,0.0
68.257,0.0
68.258,0.0
68.259,0.0
68.26,0.0
68.261,0.0
68.262,0.0
68.263,0.0
68.264,0.0
68.265,0.0
68.266,0.0
68.267,0.0
68.268,0.0
68.269,0.0
68.27,0.0
68.271,0.0
68.272,0.0
68.273,0.0
68.274,0.0
68.275,0.0
68.276,0.0
68.277,0.0
68.278,0.0
68.279,0.0
68.28,0.0
68.281,0.0
68.282,0.0
68.283,0.0
68.284,0.0
68.285,0.0
68.286,0.0
68.287,0.0
68.288,0.0
68.289,0.0
68.29,0.0
68.291,0.0
68.292,0.0
68.293,0.0
68.294,0.0
68.295,0.0
68.296,0.0
68.297,0.0
68.298,0.0
68.299,0.0
68.3,0.0
68.301,0.0
68.302,0.0
68.303,0.0
68.304,0.0
68.305,0.0
68.306,0.0
68.307,0.0
68.308,0.0
68.309,0.0
68.31,0.0
68.311,0.0
68.312,0.0
68.313,0.0
68.314,0.0
68.315,0.0
68.316,0.0
68.317,0.0
68.318,0.0
68.319,0.0
68.32,0.0
68.321,0.0
68.322,0.0
68.323,0.0
68.324,0.0
68.325,0.0
68.326,0.0
68.327,0.0
68.328,0.0
68.329,0.0
68.33,0.0
68.331,0.0
68.332,0.0
68.333,0.0
68.334,0.0
68.335,0.0
68.336,0.0
68.337,0.0
68.338,0.0
68.339,0.0
68.34,0.0
68.341,0.0
68.342,0.0
68.343,0.0
68.344,0.0
68.345,0.0
68.346,0.0
68.347,0.0
68.348,0.0
68.349,0.0
68.35,0.0
68.351,0.0
68.352,0.0
68.353,0.0
68.354,0.0
68.355,0.0
68.356,0.0
68.357,0.0
68.358,0.0
68.359,0.0
68.36,0.0
68.361,0.0
68.362,0.0
68.363,0.0
68.364,0.0
68.365,0.0
68.366,0.0
68.367,0.0
68.368,0.0
68.369,0.0
68.37,0.0
68.371,0.0
68.372,0.0
68.373,0.0
68.374,0.0
68.375,0.0
68.376,0.0
68.377,0.0
68.378,0.0
68.379,0.0
68.38,0.0
68.381,0.0
68.382,0.0
68.383,0.0
68.384,0.0
68.385,0.0
68.386,0.0
68.387,0.0
68.388,0.0
68.389,0.0
68.39,0.0
68.391,0.0
68.392,0.0
68.393,0.0
68.394,0.0
68.395,0.0
68.396,0.0
68.397,0.0
68.398,0.0
68.399,0.0
68.4,0.0
68.401,0.0
68.402,0.0
68.403,0.0
68.404,0.0
68.405,0.0
68.406,0.0
68.407,0.0
68.408,0.0
68.409,0.0
68.41,0.0
68.411,0.0
68.412,0.0
68.413,0.0
68.414,0.0
68.415,0.0
68.416,0.0
68.417,0.0
68.418,0.0
68.419,0.0
68.42,0.0
68.421,0.0
68.422,0.0
68.423,0.0
68.424,0.0
68.425,0.0
68.426,0.0
68.427,0.0
68.428,0.0
68.429,0.0
68.43,0.0
68.431,0.0
68.432,0.0
68.433,0.0
68.434,0.0
68.435,0.0
68.436,0.0
68.437,0.0
68.438,0.0
68.439,0.0
68.44,0.0
68.441,0.0
68.442,0.0
68.443,0.0
68.444,0.0
68.445,0.0
68.446,0.0
68.447,0.0
68.448,0.0
68.449,0.0
68.45,0.0
68.451,0.0
68.452,0.0
68.453,0.0
68.454,0.0
68.455,0.0
68.456,0.0
68.457,0.0
68.458,0.0
68.459,0.0
68.46,0.0
68.461,0.0
68.462,0.0
68.463,0.0
68.464,0.0
68.465,0.0
68.466,0.0
68.467,0.0
68.468,0.0
68.469,0.0
68.47,0.0
68.471,0.0
68.472,0.0
68.473,0.0
68.474,0.0
68.475,0.0
68.476,0.0
68.477,0.0
68.478,0.0
68.479,0.0
68.48,0.0
68.481,0.0
68.482,0.0
68.483,0.0
68.484,0.0
68.485,0.0
68.486,0.0
68.487,0.0
68.488,0.0
68.489,0.0
68.49,0.0
68.491,0.0
68.492,0.0
68.493,0.0
68.494,0.0
68.495,0.0
68.496,0.0
68.497,0.0
68.498,0.0
68.499,0.0
68.5,0.0
68.501,0.0
68.502,0.0
68.503,0.0
68.504,0.0
68.505,0.0
68.506,0.0
68.507,0.0
68.508,0.0
68.509,0.0
68.51,0.0
68.511,0.0
68.512,0.0
68.513,0.0
68.514,0.0
68.515,0.0
68.516,0.0
68.517,0.0
68.518,0.0
68.519,0.0
68.52,0.0
68.521,0.0
68.522,0.0
68.523,0.0
68.524,0.0
68.525,0.0
68.526,0.0
68.527,0.0
68.528,0.0
68.529,0.0
68.53,0.0
68.531,0.0
68.532,0.0
68.533,0.0
68.534,0.0
68.535,0.0
68.536,0.0
68.537,0.0
68.538,0.0
68.539,0.0
68.54,0.0
68.541,0.0
68.542,0.0
68.543,0.0
68.544,0.0
68.545,0.0
68.546,0.0
68.547,0.0
68.548,0.0
68.549,0.0
68.55,0.0
68.551,0.0
68.552,0.0
68.553,0.0
68.554,0.0
68.555,0.0
68.556,0.0
68.557,0.0
68.558,0.0
68.559,0.0
68.56,0.0
68.561,0.0
68.562,0.0
68.563,0.0
68.564,0.0
68.565,0.0
68.566,0.0
68.567,0.0
68.568,0.0
68.569,0.0
68.57,0.0
68.571,0.0
68.572,0.0
68.573,0.0
68.574,0.0
68.575,0.0
68.576,0.0
68.577,0.0
68.578,0.0
68.579,0.0
68.58,0.0
68.581,0.0
68.582,0.0
68.583,0.0
68.584,0.0
68.585,0.0
68.586,0.0
68.587,0.0
68.588,0.0
68.589,0.0
68.59,0.0
68.591,0.0
68.592,0.0
68.593,0.0
68.594,0.0
68.595,0.0
68.596,0.0
68.597,0.0
68.598,0.0
68.599,0.0
68.6,0.0
68.601,0.0
68.602,0.0
68.603,0.0
68.604,0.0
68.605,0.0
68.606,0.0
68.607,0.0
68.608,0.0
68.609,0.0
68.61,0.0
68.611,0.0
68.612,0.0
68.613,0.0
68.614,0.0
68.615,0.0
68.616,0.0
68.617,0.0
68.618,0.0
68.619,0.0
68.62,0.0
68.621,0.0
68.622,0.0
68.623,0.0
68.624,0.0
68.625,0.0
68.626,0.0
68.627,0.0
68.628,0.0
68.629,0.0
68.63,0.0
68.631,0.0
68.632,0.0
68.633,0.0
68.634,0.0
68.635,0.0
68.636,0.0
68.637,0.0
68.638,0.0
68.639,0.0
68.64,0.0
68.641,0.0
68.642,0.0
68.643,0.0
68.644,0.0
68.645,0.0
68.646,0.0
68.647,0.0
68.648,0.0
68.649,0.0
68.65,0.0
68.651,0.0
68.652,0.0
68.653,0.0
68.654,0.0
68.655,0.0
68.656,0.0
68.657,0.0
68.658,0.0
68.659,0.0
68.66,0.0
68.661,0.0
68.662,0.0
68.663,0.0
68.664,0.0
68.665,0.0
68.666,0.0
68.667,0.0
68.668,0.0
68.669,0.0
68.67,0.0
68.671,0.0
68.672,0.0
68.673,0.0
68.674,0.0
68.675,0.0
68.676,0.0
68.677,0.0
68.678,0.0
68.679,0.0
68.68,0.0
68.681,0.0
68.682,0.0
68.683,0.0
68.684,0.0
68.685,0.0
68.686,0.0
68.687,0.0
68.688,0.0
68.689,0.0
68.69,0.0
68.691,0.0
68.692,0.0
68.693,0.0
68.694,0.0
68.695,0.0
68.696,0.0
68.697,0.0
68.698,0.0
68.699,0.0
68.7,0.0
68.701,0.0
68.702,0.0
68.703,0.0
68.704,0.0
68.705,0.0
68.706,0.0
68.707,0.0
68.708,0.0
68.709,0.0
68.71,0.0
68.711,0.0
68.712,0.0
68.713,0.0
68.714,0.0
68.715,0.0
68.716,0.0
68.717,0.0
68.718,0.0
68.719,0.0
68.72,0.0
68.721,0.0
68.722,0.0
68.723,0.0
68.724,0.0
68.725,0.0
68.726,0.0
68.727,0.0
68.728,0.0
68.729,0.0
68.73,0.0
68.731,0.0
68.732,0.0
68.733,0.0
68.734,0.0
68.735,0.0
68.736,0.0
68.737,0.0
68.738,0.0
68.739,0.0
68.74,0.0
68.741,0.0
68.742,0.0
68.743,0.0
68.744,0.0
68.745,0.0
68.746,0.0
68.747,0.0
68.748,0.0
68.749,0.0
68.75,0.0
68.751,0.0
68.752,0.0
68.753,0.0
68.754,0.0
68.755,0.0
68.756,0.0
68.757,0.0
68.758,0.0
68.759,0.0
68.76,0.0
68.761,0.0
68.762,0.0
68.763,0.0
68.764,0.0
68.765,0.0
68.766,0.0
68.767,0.0
68.768,0.0
68.769,0.0
68.77,0.0
68.771,0.0
68.772,0.0
68.773,0.0
68.774,0.0
68.775,0.0
68.776,0.0
68.777,0.0
68.778,0.0
68.779,0.0
68.78,0.0
68.781,0.0
68.782,0.0
68.783,0.0
68.784,0.0
68.785,0.0
68.786,0.0
68.787,0.0
68.788,0.0
68.789,0.0
68.79,0.0
68.791,0.0
68.792,0.0
68.793,0.0
68.794,0.0
68.795,0.0
68.796,0.0
68.797,0.0
68.798,0.0
68.799,0.0
68.8,0.0
68.801,0.0
68.802,0.0
68.803,0.0
68.804,0.0
68.805,0.0
68.806,0.0
68.807,0.0
68.808,0.0
68.809,0.0
68.81,0.0
68.811,0.0
68.812,0.0
68.813,0.0
68.814,0.0
68.815,0.0
68.816,0.0
68.817,0.0
68.818,0.0
68.819,0.0
68.82,0.0
68.821,0.0
68.822,0.0
68.823,0.0
68.824,0.0
68.825,0.0
68.826,0.0
68.827,0.0
68.828,0.0
68.829,0.0
68.83,0.0
68.831,0.0
68.832,0.0
68.833,0.0
68.834,0.0
68.835,0.0
68.836,0.0
68.837,0.0
68.838,0.0
68.839,0.0
68.84,0.0
68.841,0.0
68.842,0.0
68.843,0.0
68.844,0.0
68.845,0.0
68.846,0.0
68.847,0.0
68.848,0.0
68.849,0.0
68.85,0.0
68.851,0.0
68.852,0.0
68.853,0.0
68.854,0.0
68.855,0.0
68.856,0.0
68.857,0.0
68.858,0.0
68.859,0.0
68.86,0.0
68.861,0.0
68.862,0.0
68.863,0.0
68.864,0.0
68.865,0.0
68.866,0.0
68.867,0.0
68.868,0.0
68.869,0.0
68.87,0.0
68.871,0.0
68.872,0.0
68.873,0.0
68.874,0.0
68.875,0.0
68.876,0.0
68.877,0.0
68.878,0.0
68.879,0.0
68.88,0.0
68.881,0.0
68.882,0.0
68.883,0.0
68.884,0.0
68.885,0.0
68.886,0.0
68.887,0.0
68.888,0.0
68.889,0.0
68.89,0.0
68.891,0.0
68.892,0.0
68.893,0.0
68.894,0.0
68.895,0.0
68.896,0.0
68.897,0.0
68.898,0.0
68.899,0.0
68.9,0.0
68.901,0.0
68.902,0.0
68.903,0.0
68.904,0.0
68.905,0.0
68.906,0.0
68.907,0.0
68.908,0.0
68.909,0.0
68.91,0.0
68.911,0.0
68.912,0.0
68.913,0.0
68.914,0.0
68.915,0.0
68.916,0.0
68.917,0.0
68.918,0.0
68.919,0.0
68.92,0.0
68.921,0.0
68.922,0.0
68.923,0.0
68.924,0.0
68.925,0.0
68.926,0.0
68.927,0.0
68.928,0.0
68.929,0.0
68.93,0.0
68.931,0.0
68.932,0.0
68.933,0.0
68.934,0.0
68.935,0.0
68.936,0.0
68.937,0.0
68.938,0.0
68.939,0.0
68.94,0.0
68.941,0.0
68.942,0.0
68.943,0.0
68.944,0.0
68.945,0.0
68.946,0.0
68.947,0.0
68.948,0.0
68.949,0.0
68.95,0.0
68.951,0.0
68.952,0.0
68.953,0.0
68.954,0.0
68.955,0.0
68.956,0.0
68.957,0.0
68.958,0.0
68.959,0.0
68.96,0.0
68.961,0.0
68.962,0.0
68.963,0.0
68.964,0.0
68.965,0.0
68.966,0.0
68.967,0.0
68.968,0.0
68.969,0.0
68.97,0.0
68.971,0.0
68.972,0.0
68.973,0.0
68.974,0.0
68.975,0.0
68.976,0.0
68.977,0.0
68.978,0.0
68.979,0.0
68.98,0.0
68.981,0.0
68.982,0.0
68.983,0.0
68.984,0.0
68.985,0.0
68.986,0.0
68.987,0.0
68.988,0.0
68.989,0.0
68.99,0.0
68.991,0.0
68.992,0.0
68.993,0.0
68.994,0.0
68.995,0.0
68.996,0.0
68.997,0.0
68.998,0.0
68.999,0.0
69.0,0.0
69.001,0.0
69.002,0.0
69.003,0.0
69.004,0.0
69.005,0.0
69.006,0.0
69.007,0.0
69.008,0.0
69.009,0.0
69.01,0.0
69.011,0.0
69.012,0.0
69.013,0.0
69.014,0.0
69.015,0.0
69.016,0.0
69.017,0.0
69.018,0.0
69.019,0.0
69.02,0.0
69.021,0.0
69.022,0.0
69.023,0.0
69.024,0.0
69.025,0.0
69.026,0.0
69.027,0.0
69.028,0.0
69.029,0.0
69.03,0.0
69.031,0.0
69.032,0.0
69.033,0.0
69.034,0.0
69.035,0.0
69.036,0.0
69.037,0.0
69.038,0.0
69.039,0.0
69.04,0.0
69.041,0.0
69.042,0.0
69.043,0.0
69.044,0.0
69.045,0.0
69.046,0.0
69.047,0.0
69.048,0.0
69.049,0.0
69.05,0.0
69.051,0.0
69.052,0.0
69.053,0.0
69.054,0.0
69.055,0.0
69.056,0.0
69.057,0.0
69.058,0.0
69.059,0.0
69.06,0.0
69.061,0.0
69.062,0.0
69.063,0.0
69.064,0.0
69.065,0.0
69.066,0.0
69.067,0.0
69.068,0.0
69.069,0.0
69.07,0.0
69.071,0.0
69.072,0.0
69.073,0.0
69.074,0.0
69.075,0.0
69.076,0.0
69.077,0.0
69.078,0.0
69.079,0.0
69.08,0.0
69.081,0.0
69.082,0.0
69.083,0.0
69.084,0.0
69.085,0.0
69.086,0.0
69.087,0.0
69.088,0.0
69.089,0.0
69.09,0.0
69.091,0.0
69.092,0.0
69.093,0.0
69.094,0.0
69.095,0.0
69.096,0.0
69.097,0.0
69.098,0.0
69.099,0.0
69.1,0.0
69.101,0.0
69.102,0.0
69.103,0.0
69.104,0.0
69.105,0.0
69.106,0.0
69.107,0.0
69.108,0.0
69.109,0.0
69.11,0.0
69.111,0.0
69.112,0.0
69.113,0.0
69.114,0.0
69.115,0.0
69.116,0.0
69.117,0.0
69.118,0.0
69.119,0.0
69.12,0.0
69.121,0.0
69.122,0.0
69.123,0.0
69.124,0.0
69.125,0.0
69.126,0.0
69.127,0.0
69.128,0.0
69.129,0.0
69.13,0.0
69.131,0.0
69.132,0.0
69.133,0.0
69.134,0.0
69.135,0.0
69.136,0.0
69.137,0.0
69.138,0.0
69.139,0.0
69.14,0.0
69.141,0.0
69.142,0.0
69.143,0.0
69.144,0.0
69.145,0.0
69.146,0.0
69.147,0.0
69.148,0.0
69.149,0.0
69.15,0.0
69.151,0.0
69.152,0.0
69.153,0.0
69.154,0.0
69.155,0.0
69.156,0.0
69.157,0.0
69.158,0.0
69.159,0.0
69.16,0.0
69.161,0.0
69.162,0.0
69.163,0.0
69.164,0.0
69.165,0.0
69.166,0.0
69.167,0.0
69.168,0.0
69.169,0.0
69.17,0.0
69.171,0.0
69.172,0.0
69.173,0.0
69.174,0.0
69.175,0.0
69.176,0.0
69.177,0.0
69.178,0.0
69.179,0.0
69.18,0.0
69.181,0.0
69.182,0.0
69.183,0.0
69.184,0.0
69.185,0.0
69.186,0.0
69.187,0.0
69.188,0.0
69.189,0.0
69.19,0.0
69.191,0.0
69.192,0.0
69.193,0.0
69.194,0.0
69.195,0.0
69.196,0.0
69.197,0.0
69.198,0.0
69.199,0.0
69.2,0.0
69.201,0.0
69.202,0.0
69.203,0.0
69.204,0.0
69.205,0.0
69.206,0.0
69.207,0.0
69.208,0.0
69.209,0.0
69.21,0.0
69.211,0.0
69.212,0.0
69.213,0.0
69.214,0.0
69.215,0.0
69.216,0.0
69.217,0.0
69.218,0.0
69.219,0.0
69.22,0.0
69.221,0.0
69.222,0.0
69.223,0.45
69.224,0.45
69.225,0.45
69.226,0.45
69.227,0.45
69.228,0.45
69.229,0.45
69.23,0.45
69.231,0.45
69.232,0.45
69.233,0.45
69.234,0.45
69.235,0.45
69.236,0.45
69.237,0.45
69.238,0.45
69.239,0.45
69.24,0.45
69.241,0.45
69.242,0.45
69.243,0.45
69.244,0.45
69.245,0.45
69.246,0.45
69.247,0.45
69.248,0.45
69.249,0.45
69.25,0.45
69.251,0.45
69.252,0.45
69.253,0.45
69.254,0.45
69.255,0.45
69.256,0.45
69.257,0.45
69.258,0.45
69.259,0.45
69.26,0.45
69.261,0.45
69.262,0.45
69.263,0.45
69.264,0.45
69.265,0.45
69.266,0.45
69.267,0.45
69.268,0.45
69.269,0.45
69.27,0.45
69.271,0.45
69.272,0.45
69.273,0.45
69.274,0.45
69.275,0.45
69.276,0.45
69.277,0.45
69.278,0.45
69.279,0.45
69.28,0.45
69.281,0.45
69.282,0.45
69.283,0.45
69.284,0.45
69.285,0.45
69.286,0.45
69.287,0.45
69.288,0.45
69.289,0.45
69.29,0.45
69.291,0.45
69.292,0.45
69.293,0.45
69.294,0.45
69.295,0.45
69.296,0.45
69.297,0.45
69.298,0.45
69.299,0.45
69.3,0.45
69.301,0.45
69.302,0.45
69.303,0.45
69.304,0.45
69.305,0.45
69.306,0.45
69.307,0.45
69.308,0.45
69.309,0.45
69.31,0.45
69.311,0.45
69.312,0.45
69.313,0.45
69.314,0.45
69.315,0.45
69.316,0.45
69.317,0.45
69.318,0.45
69.319,0.45
69.32,0.45
69.321,0.45
69.322,0.45
69.323,0.45
69.324,0.45
69.325,0.45
69.326,0.45
69.327,0.45
69.328,0.45
69.329,0.45
69.33,0.45
69.331,0.45
69.332,0.45
69.333,0.45
69.334,0.45
69.335,0.45
69.336,0.45
69.337,0.45
69.338,0.45
69.339,0.45
69.34,0.45
69.341,0.45
69.342,0.45
69.343,0.45
69.344,0.45
69.345,0.45
69.346,0.45
69.347,0.45
69.348,0.45
69.349,0.45
69.35,0.45
69.351,0.45
69.352,0.45
69.353,0.45
69.354,0.45
69.355,0.45
69.356,0.45
69.357,0.45
69.358,0.45
69.359,0.45
69.36,0.45
69.361,0.45
69.362,0.45
69.363,0.45
69.364,0.45
69.365,0.45
69.366,0.45
69.367,0.45
69.368,0.45
69.369,0.45
69.37,0.45
69.371,0.45
69.372,0.45
69.373,0.45
69.374,0.45
69.375,0.45
69.376,0.45
69.377,0.45
69.378,0.45
69.379,0.45
69.38,0.45
69.381,0.45
69.382,0.45
69.383,0.45
69.384,0.45
69.385,0.45
69.386,0.45
69.387,0.45
69.388,0.45
69.389,0.45
69.39,0.45
69.391,0.45
69.392,0.45
69.393,0.45
69.394,0.45
69.395,0.45
69.396,0.45
69.397,0.45
69.398,0.45
69.399,0.45
69.4,0.45
69.401,0.45
69.402,0.45
69.403,0.45
69.404,0.45
69.405,0.45
69.406,0.45
69.407,0.45
69.408,0.45
69.409,0.45
69.41,0.45
69.411,0.45
69.412,0.45
69.413,0.45
69.414,0.45
69.415,0.45
69.416,0.45
69.417,0.45
69.418,0.45
69.419,0.45
69.42,0.45
69.421,0.45
69.422,0.45
69.423,0.45
69.424,0.45
69.425,0.45
69.426,0.45
69.427,0.45
69.428,0.45
69.429,0.45
69.43,0.45
69.431,0.45
69.432,0.45
69.433,0.45
69.434,0.45
69.435,0.45
69.436,0.45
69.437,0.45
69.438,0.45
69.439,0.45
69.44,0.45
69.441,0.45
69.442,0.45
69.443,0.45
69.444,0.45
69.445,0.45
69.446,0.45
69.447,0.45
69.448,0.45
69.449,0.45
69.45,0.45
69.451,0.45
69.452,0.45
69.453,0.45
69.454,0.45
69.455,0.45
69.456,0.45
69.457,0.45
69.458,0.45
69.459,0.45
69.46,0.45
69.461,0.45
69.462,0.45
69.463,0.45
69.464,0.45
69.465,0.45
69.466,0.45
69.467,0.45
69.468,0.45
69.469,0.45
69.47,0.45
69.471,0.45
69.472,0.45
69.473,0.45
69.474,0.45
69.475,0.45
69.476,0.45
69.477,0.45
69.478,0.45
69.479,0.45
69.48,0.45
69.481,0.45
69.482,0.45
69.483,0.45
69.484,0.45
69.485,0.45
69.486,0.45
69.487,0.45
69.488,0.45
69.489,0.45
69.49,0.45
69.491,0.45
69.492,0.45
69.493,0.45
69.494,0.45
69.495,0.45
69.496,0.45
69.497,0.45
69.498,0.45
69.499,0.45
69.5,0.45
69.501,0.45
69.502,0.45
69.503,0.45
69.504,0.45
69.505,0.45
69.506,0.45
69.507,0.45
69.508,0.45
69.509,0.45
69.51,0.45
69.511,0.45
69.512,0.45
69.513,0.45
69.514,0.45
69.515,0.45
69.516,0.45
69.517,0.45
69.518,0.45
69.519,0.45
69.52,0.45
69.521,0.45
69.522,0.45
69.523,0.45
69.524,0.45
69.525,0.45
69.526,0.45
69.527,0.45
69.528,0.45
69.529,0.45
69.53,0.45
69.531,0.45
69.532,0.45
69.533,0.45
69.534,0.45
69.535,0.45
69.536,0.45
69.537,0.45
69.538,0.45
69.539,0.45
69.54,0.45
69.541,0.45
69.542,0.45
69.543,0.45
69.544,0.45
69.545,0.45
69.546,0.45
69.547,0.45
69.548,0.45
69.549,0.45
69.55,0.45
69.551,0.45
69.552,0.45
69.553,0.45
69.554,0.45
69.555,0.45
69.556,0.45
69.557,0.45
69.558,0.45
69.559,0.45
69.56,0.45
69.561,0.45
69.562,0.45
69.563,0.45
69.564,0.45
69.565,0.45
69.566,0.45
69.567,0.45
69.568,0.45
69.569,0.45
69.57,0.45
69.571,0.45
69.572,0.45
69.573,0.45
69.574,0.45
69.575,0.45
69.576,0.45
69.577,0.45
69.578,0.45
69.579,0.45
69.58,0.45
69.581,0.45
69.582,0.45
69.583,0.45
69.584,0.45
69.585,0.45
69.586,0.45
69.587,0.45
69.588,0.45
69.589,0.45
69.59,0.45
69.591,0.45
69.592,0.45
69.593,0.45
69.594,0.45
69.595,0.45
69.596,0.45
69.597,0.45
69.598,0.45
69.599,0.45
69.6,0.45
69.601,0.45
69.602,0.45
69.603,0.45
69.604,0.45
69.605,0.45
69.606,0.45
69.607,0.45
69.608,0.45
69.609,0.45
69.61,0.45
69.611,0.45
69.612,0.45
69.613,0.45
69.614,0.45
69.615,0.45
69.616,0.45
69.617,0.45
69.618,0.45
69.619,0.45
69.62,0.45
69.621,0.45
69.622,0.45
69.623,0.45
69.624,0.45
69.625,0.45
69.626,0.45
69.627,0.45
69.628,0.45
69.629,0.45
69.63,0.45
69.631,0.45
69.632,0.45
69.633,0.45
69.634,0.45
69.635,0.45
69.636,0.45
69.637,0.45
69.638,0.45
69.639,0.45
69.64,0.45
69.641,0.45
69.642,0.45
69.643,0.45
69.644,0.45
69.645,0.45
69.646,0.45
69.647,0.45
69.648,0.45
69.649,0.45
69.65,0.45
69.651,0.45
69.652,0.45
69.653,0.45
69.654,0.45
69.655,0.45
69.656,0.45
69.657,0.45
69.658,0.45
69.659,0.45
69.66,0.45
69.661,0.45
69.662,0.45
69.663,0.45
69.664,0.45
69.665,0.45
69.666,0.45
69.667,0.45
69.668,0.45
69.669,0.45
69.67,0.45
69.671,0.45
69.672,0.45
69.673,0.45
69.674,0.45
69.675,0.45
69.676,0.45
69.677,0.45
69.678,0.45
69.679,0.45
69.68,0.45
69.681,0.45
69.682,0.45
69.683,0.45
69.684,0.45
69.685,0.45
69.686,0.45
69.687,0.45
69.688,0.45
69.689,0.45
69.69,0.45
69.691,0.45
69.692,0.45
69.693,0.45
69.694,0.45
69.695,0.45
69.696,0.45
69.697,0.45
69.698,0.45
69.699,0.45
69.7,0.45
69.701,0.45
69.702,0.45
69.703,0.45
69.704,0.45
69.705,0.45
69.706,0.45
69.707,0.45
69.708,0.45
69.709,0.45
69.71,0.45
69.711,0.45
69.712,0.45
69.713,0.45
69.714,0.45
69.715,0.45
69.716,0.45
69.717,0.45
69.718,0.45
69.719,0.45
69.72,0.45
69.721,0.45
69.722,0.45
69.723,0.45
69.724,0.45
69.725,0.45
69.726,0.45
69.727,0.45
69.728,0.45
69.729,0.45
69.73,0.45
69.731,0.45
69.732,0.45
69.733,0.45
69.734,0.45
69.735,0.45
69.736,0.45
69.737,0.45
69.738,0.45
69.739,0.45
69.74,0.45
69.741,0.45
69.742,0.45
69.743,0.45
69.744,0.45
69.745,0.45
69.746,0.45
69.747,0.45
69.748,0.45
69.749,0.45
69.75,0.45
69.751,0.45
69.752,0.45
69.753,0.45
69.754,0.45
69.755,0.45
69.756,0.45
69.757,0.45
69.758,0.45
69.759,0.45
69.76,0.45
69.761,0.45
69.762,0.45
69.763,0.45
69.764,0.45
69.765,0.45
69.766,0.45
69.767,0.45
69.768,0.45
69.769,0.45
69.77,0.45
69.771,0.45
69.772,0.45
69.773,0.45
69.774,0.45
69.775,0.45
69.776,0.45
69.777,0.45
69.778,0.45
69.779,0.45
69.78,0.45
69.781,0.45
69.782,0.45
69.783,0.45
69.784,0.45
69.785,0.45
69.786,0.45
69.787,0.45
69.788,0.45
69.789,0.45
69.79,0.45
69.791,0.45
69.792,0.45
69.793,0.45
69.794,0.45
69.795,0.45
69.796,0.45
69.797,0.45
69.798,0.45
69.799,0.45
69.8,0.45
69.801,0.45
69.802,0.45
69.803,0.45
69.804,0.45
69.805,0.45
69.806,0.45
69.807,0.45
69.808,0.45
69.809,0.45
69.81,0.45
69.811,0.45
69.812,0.45
69.813,0.45
69.814,0.45
69.815,0.45
69.816,0.45
69.817,0.45
69.818,0.45
69.819,0.45
69.82,0.45
69.821,0.45
69.822,0.45
69.823,0.45
69.824,0.45
69.825,0.45
69.826,0.45
69.827,0.45
69.828,0.45
69.829,0.45
69.83,0.45
69.831,0.45
69.832,0.45
69.833,0.45
69.834,0.45
69.835,0.45
69.836,0.45
69.837,0.45
69.838,0.45
69.839,0.45
69.84,0.45
69.841,0.45
69.842,0.45
69.843,0.45
69.844,0.45
69.845,0.45
69.846,0.45
69.847,0.45
69.848,0.45
69.849,0.45
69.85,0.45
69.851,0.45
69.852,0.45
69.853,0.45
69.854,0.45
69.855,0.45
69.856,0.45
69.857,0.45
69.858,0.45
69.859,0.45
69.86,0.45
69.861,0.45
69.862,0.45
69.863,0.45
69.864,0.45
69.865,0.45
69.866,0.45
69.867,0.45
69.868,0.45
69.869,0.45
69.87,0.45
69.871,0.45
69.872,0.45
69.873,0.45
69.874,0.45
69.875,0.45
69.876,0.45
69.877,0.45
69.878,0.45
69.879,0.45
69.88,0.45
69.881,0.45
69.882,0.45
69.883,0.45
69.884,0.45
69.885,0.45
69.886,0.45
69.887,0.45
69.888,0.45
69.889,0.45
69.89,0.45
69.891,0.45
69.892,0.45
69.893,0.45
69.894,0.45
69.895,0.45
69.896,0.45
69.897,0.45
69.898,0.45
69.899,0.45
69.9,0.45
69.901,0.45
69.902,0.45
69.903,0.45
69.904,0.45
69.905,0.45
69.906,0.45
69.907,0.45
69.908,0.45
69.909,0.45
69.91,0.45
69.911,0.45
69.912,0.45
69.913,0.45
69.914,0.45
69.915,0.45
69.916,0.45
69.917,0.45
69.918,0.45
69.919,0.45
69.92,0.45
69.921,0.45
69.922,0.45
69.923,0.45
69.924,0.45
69.925,0.45
69.926,0.45
69.927,0.45
69.928,0.45
69.929,0.45
69.93,0.45
69.931,0.45
69.932,0.45
69.933,0.45
69.934,0.45
69.935,0.45
69.936,0.45
69.937,0.45
69.938,0.45
69.939,0.45
69.94,0.45
69.941,0.45
69.942,0.45
69.943,0.45
69.944,0.45
69.945,0.45
69.946,0.45
69.947,0.45
69.948,0.45
69.949,0.45
69.95,0.45
69.951,0.45
69.952,0.45
69.953,0.45
69.954,0.45
69.955,0.45
69.956,0.45
69.957,0.45
69.958,0.45
69.959,0.45
69.96,0.45
69.961,0.45
69.962,0.45
69.963,0.45
69.964,0.45
69.965,0.45
69.966,0.45
69.967,0.45
69.968,0.45
69.969,0.45
69.97,0.45
69.971,0.45
69.972,0.45
69.973,0.45
69.974,0.45
69.975,0.45
69.976,0.45
69.977,0.45
69.978,0.45
69.979,0.45
69.98,0.45
69.981,0.45
69.982,0.45
69.983,0.45
69.984,0.45
69.985,0.45
69.986,0.45
69.987,0.45
69.988,0.45
69.989,0.45
69.99,0.45
69.991,0.45
69.992,0.45
69.993,0.45
69.994,0.45
69.995,0.45
69.996,0.45
69.997,0.45
69.998,0.45
69.999,0.45
70.0,0.45
70.001,0.45
70.002,0.45
70.003,0.45
70.004,0.45
70.005,0.45
70.006,0.45
70.007,0.45
70.008,0.45
70.009,0.45
70.01,0.45
70.011,0.45
70.012,0.45
70.013,0.45
70.014,0.45
70.015,0.45
70.016,0.45
70.017,0.45
70.018,0.45
70.019,0.45
70.02,0.45
70.021,0.45
70.022,0.45
70.023,0.45
70.024,0.45
70.025,0.45
70.026,0.45
70.027,0.45
70.028,0.45
70.029,0.45
70.03,0.45
70.031,0.45
70.032,0.45
70.033,0.45
70.034,0.45
70.035,0.45
70.036,0.45
70.037,0.45
70.038,0.45
70.039,0.45
70.04,0.45
70.041,0.45
70.042,0.45
70.043,0.45
70.044,0.45
70.045,0.45
70.046,0.45
70.047,0.45
70.048,0.45
70.049,0.45
70.05,0.45
70.051,0.45
70.052,0.45
70.053,0.45
70.054,0.45
70.055,0.45
70.056,0.45
70.057,0.45
70.058,0.45
70.059,0.45
70.06,0.45
70.061,0.45
70.062,0.45
70.063,0.45
70.064,0.45
70.065,0.45
70.066,0.45
70.067,0.45
70.068,0.45
70.069,0.45
70.07,0.45
70.071,0.45
70.072,0.45
70.073,0.45
70.074,0.45
70.075,0.45
70.076,0.45
70.077,0.45
70.078,0.45
70.079,0.45
70.08,0.45
70.081,0.45
70.082,0.45
70.083,0.45
70.084,0.45
70.085,0.45
70.086,0.45
70.087,0.45
70.088,0.45
70.089,0.45
70.09,0.45
70.091,0.45
70.092,0.45
70.093,0.45
70.094,0.45
70.095,0.45
70.096,0.45
70.097,0.45
70.098,0.45
70.099,0.45
70.1,0.45
70.101,0.45
70.102,0.45
70.103,0.45
70.104,0.45
70.105,0.45
70.106,0.45
70.107,0.45
70.108,0.45
70.109,0.45
70.11,0.45
70.111,0.45
70.112,0.45
70.113,0.45
70.114,0.45
70.115,0.45
70.116,0.45
70.117,0.45
70.118,0.45
70.119,0.45
70.12,0.45
70.121,0.45
70.122,0.45
70.123,0.45
70.124,0.45
70.125,0.45
70.126,0.45
70.127,0.45
70.128,0.45
70.129,0.45
70.13,0.45
70.131,0.45
70.132,0.45
70.133,0.45
70.134,0.45
70.135,0.45
70.136,0.45
70.137,0.45
70.138,0.45
70.139,0.45
70.14,0.45
70.141,0.45
70.142,0.45
70.143,0.45
70.144,0.45
70.145,0.45
70.146,0.45
70.147,0.45
70.148,0.45
70.149,0.45
70.15,0.45
70.151,0.45
70.152,0.45
70.153,0.45
70.154,0.45
70.155,0.45
70.156,0.45
70.157,0.45
70.158,0.45
70.159,0.45
70.16,0.45
70.161,0.45
70.162,0.45
70.163,0.45
70.164,0.45
70.165,0.45
70.166,0.45
70.167,0.45
70.168,0.45
70.169,0.45
70.17,0.45
70.171,0.45
70.172,0.45
70.173,0.45
70.174,0.45
70.175,0.45
70.176,0.45
70.177,0.45
70.178,0.45
70.179,0.45
70.18,0.45
70.181,0.45
70.182,0.45
70.183,0.45
70.184,0.45
70.185,0.45
70.186,0.45
70.187,0.45
70.188,0.45
70.189,0.45
70.19,0.45
70.191,0.45
70.192,0.45
70.193,0.45
70.194,0.45
70.195,0.45
70.196,0.45
70.197,0.45
70.198,0.45
70.199,0.45
70.2,0.45
70.201,0.45
70.202,0.45
70.203,0.45
70.204,0.45
70.205,0.45
70.206,0.45
70.207,0.45
70.208,0.45
70.209,0.45
70.21,0.45
70.211,0.45
70.212,0.45
70.213,0.45
70.214,0.45
70.215,0.45
70.216,0.45
70.217,0.45
70.218,0.45
70.219,0.45
70.22,0.45
70.221,0.45
70.222,0.45
70.223,0.45
70.224,0.45
70.225,0.45
70.226,0.45
70.227,0.45
70.228,0.45
70.229,0.45
70.23,0.45
70.231,0.45
70.232,0.45
70.233,0.45
70.234,0.45
70.235,0.45
70.236,0.45
70.237,0.45
70.238,0.45
70.239,0.45
70.24,0.45
70.241,0.45
70.242,0.45
70.243,0.45
70.244,0.45
70.245,0.45
70.246,0.45
70.247,0.45
70.248,0.45
70.249,0.45
70.25,0.45
70.251,0.45
70.252,0.45
70.253,0.45
70.254,0.45
70.255,0.45
70.256,0.45
70.257,0.45
70.258,0.45
70.259,0.45
70.26,0.45
70.261,0.45
70.262,0.45
70.263,0.45
70.264,0.45
70.265,0.45
70.266,0.45
70.267,0.45
70.268,0.45
70.269,0.45
70.27,0.45
70.271,0.45
70.272,0.45
70.273,0.45
70.274,0.45
70.275,0.45
70.276,0.45
70.277,0.45
70.278,0.45
70.279,0.45
70.28,0.45
70.281,0.45
70.282,0.45
70.283,0.45
70.284,0.45
70.285,0.45
70.286,0.45
70.287,0.45
70.288,0.45
70.289,0.45
70.29,0.45
70.291,0.45
70.292,0.45
70.293,0.45
70.294,0.45
70.295,0.45
70.296,0.45
70.297,0.45
70.298,0.45
70.299,0.45
70.3,0.45
70.301,0.45
70.302,0.45
70.303,0.45
70.304,0.45
70.305,0.45
70.306,0.45
70.307,0.45
70.308,0.45
70.309,0.45
70.31,0.45
70.311,0.45
70.312,0.45
70.313,0.45
70.314,0.45
70.315,0.45
70.316,0.45
70.317,0.45
70.318,0.45
70.319,0.45
70.32,0.45
70.321,0.45
70.322,0.45
70.323,0.45
70.324,0.45
70.325,0.45
70.326,0.45
70.327,0.45
70.328,0.45
70.329,0.45
70.33,0.45
70.331,0.45
70.332,0.45
70.333,0.45
70.334,0.45
70.335,0.45
70.336,0.45
70.337,0.45
70.338,0.45
70.339,0.45
70.34,0.45
70.341,0.45
70.342,0.45
70.343,0.45
70.344,0.45
70.345,0.45
70.346,0.45
70.347,0.45
70.348,0.45
70.349,0.45
70.35,0.45
70.351,0.45
70.352,0.45
70.353,0.45
70.354,0.45
70.355,0.45
70.356,0.45
70.357,0.45
70.358,0.45
70.359,0.45
70.36,0.45
70.361,0.45
70.362,0.45
70.363,0.45
70.364,0.45
70.365,0.45
70.366,0.45
70.367,0.45
70.368,0.45
70.369,0.45
70.37,0.45
70.371,0.45
70.372,0.45
70.373,0.45
70.374,0.45
70.375,0.45
70.376,0.45
70.377,0.45
70.378,0.45
70.379,0.45
70.38,0.45
70.381,0.45
70.382,0.45
70.383,0.45
70.384,0.45
70.385,0.45
70.386,0.45
70.387,0.45
70.388,0.45
70.389,0.45
70.39,0.45
70.391,0.45
70.392,0.45
70.393,0.45
70.394,0.45
70.395,0.45
70.396,0.45
70.397,0.45
70.398,0.45
70.399,0.45
70.4,0.45
70.401,0.45
70.402,0.45
70.403,0.45
70.404,0.45
70.405,0.45
70.406,0.45
70.407,0.45
70.408,0.45
70.409,0.45
70.41,0.45
70.411,0.45
70.412,0.45
70.413,0.45
70.414,0.45
70.415,0.45
70.416,0.45
70.417,0.45
70.418,0.45
70.419,0.45
70.42,0.45
70.421,0.45
70.422,0.45
70.423,0.45
70.424,0.45
70.425,0.45
70.426,0.45
70.427,0.45
70.428,0.45
70.429,0.45
70.43,0.45
70.431,0.45
70.432,0.45
70.433,0.45
70.434,0.45
70.435,0.45
70.436,0.45
70.437,0.45
70.438,0.45
70.439,0.45
70.44,0.45
70.441,0.45
70.442,0.45
70.443,0.45
70.444,0.45
70.445,0.45
70.446,0.45
70.447,0.45
70.448,0.45
70.449,0.45
70.45,0.45
70.451,0.45
70.452,0.45
70.453,0.45
70.454,0.45
70.455,0.45
70.456,0.45
70.457,0.45
70.458,0.45
70.459,0.45
70.46,0.45
70.461,0.45
70.462,0.45
70.463,0.45
70.464,0.45
70.465,0.45
70.466,0.45
70.467,0.45
70.468,0.45
70.469,0.45
70.47,0.45
70.471,0.45
70.472,0.45
70.473,0.45
70.474,0.45
70.475,0.45
70.476,0.45
70.477,0.45
70.478,0.45
70.479,0.45
70.48,0.45
70.481,0.45
70.482,0.45
70.483,0.45
70.484,0.45
70.485,0.45
70.486,0.45
70.487,0.45
70.488,0.45
70.489,0.45
70.49,0.45
70.491,0.45
70.492,0.45
70.493,0.45
70.494,0.45
70.495,0.45
70.496,0.45
70.497,0.45
70.498,0.45
70.499,0.45
70.5,0.45
70.501,0.45
70.502,0.45
70.503,0.45
70.504,0.45
70.505,0.45
70.506,0.45
70.507,0.45
70.508,0.45
70.509,0.45
70.51,0.45
70.511,0.45
70.512,0.45
70.513,0.45
70.514,0.45
70.515,0.45
70.516,0.45
70.517,0.45
70.518,0.45
70.519,0.45
70.52,0.45
70.521,0.45
70.522,0.45
70.523,0.45
70.524,0.45
70.525,0.45
70.526,0.45
70.527,0.45
70.528,0.45
70.529,0.45
70.53,0.45
70.531,0.45
70.532,0.45
70.533,0.45
70.534,0.45
70.535,0.45
70.536,0.45
70.537,0.45
70.538,0.45
70.539,0.45
70.54,0.45
70.541,0.45
70.542,0.45
70.543,0.45
70.544,0.45
70.545,0.45
70.546,0.45
70.547,0.45
70.548,0.45
70.549,0.45
70.55,0.45
70.551,0.45
70.552,0.45
70.553,0.45
70.554,0.45
70.555,0.45
70.556,0.45
70.557,0.45
70.558,0.45
70.559,0.45
70.56,0.45
70.561,0.45
70.562,0.45
70.563,0.45
70.564,0.45
70.565,0.45
70.566,0.45
70.567,0.45
70.568,0.45
70.569,0.45
70.57,0.45
70.571,0.45
70.572,0.45
70.573,0.45
70.574,0.45
70.575,0.45
70.576,0.45
70.577,0.45
70.578,0.45
70.579,0.45
70.58,0.45
70.581,0.45
70.582,0.45
70.583,0.45
70.584,0.45
70.585,0.45
70.586,0.45
70.587,0.45
70.588,0.45
70.589,0.45
70.59,0.45
70.591,0.45
70.592,0.45
70.593,0.45
70.594,0.45
70.595,0.45
70.596,0.45
70.597,0.45
70.598,0.45
70.599,0.45
70.6,0.45
70.601,0.45
70.602,0.45
70.603,0.45
70.604,0.45
70.605,0.45
70.606,0.45
70.607,0.45
70.608,0.45
70.609,0.45
70.61,0.45
70.611,0.45
70.612,0.45
70.613,0.45
70.614,0.45
70.615,0.45
70.616,0.45
70.617,0.45
70.618,0.45
70.619,0.45
70.62,0.45
70.621,0.45
70.622,0.45
70.623,0.45
70.624,0.45
70.625,0.45
70.626,0.45
70.627,0.45
70.628,0.45
70.629,0.45
70.63,0.45
70.631,0.45
70.632,0.45
70.633,0.45
70.634,0.45
70.635,0.45
70.636,0.45
70.637,0.45
70.638,0.45
70.639,0.45
70.64,0.45
70.641,0.45
70.642,0.45
70.643,0.45
70.644,0.45
70.645,0.45
70.646,0.45
70.647,0.45
70.648,0.45
70.649,0.45
70.65,0.45
70.651,0.45
70.652,0.45
70.653,0.45
70.654,0.45
70.655,0.45
70.656,0.45
70.657,0.45
70.658,0.45
70.659,0.45
70.66,0.45
70.661,0.45
70.662,0.45
70.663,0.45
70.664,0.45
70.665,0.45
70.666,0.45
70.667,0.45
70.668,0.45
70.669,0.45
70.67,0.45
70.671,0.45
70.672,0.45
70.673,0.45
70.674,0.45
70.675,0.45
70.676,0.45
70.677,0.45
70.678,0.45
70.679,0.45
70.68,0.45
70.681,0.45
70.682,0.45
70.683,0.45
70.684,0.45
70.685,0.45
70.686,0.45
70.687,0.45
70.688,0.45
70.689,0.45
70.69,0.45
70.691,0.45
70.692,0.45
70.693,0.45
70.694,0.45
70.695,0.45
70.696,0.45
70.697,0.45
70.698,0.45
70.699,0.45
70.7,0.45
70.701,0.45
70.702,0.45
70.703,0.45
70.704,0.45
70.705,0.45
70.706,0.45
70.707,0.45
70.708,0.45
70.709,0.45
70.71,0.45
70.711,0.45
70.712,0.45
70.713,0.45
70.714,0.45
70.715,0.45
70.716,0.45
70.717,0.45
70.718,0.45
70.719,0.45
70.72,0.45
70.721,0.45
70.722,0.45
70.723,0.45
70.724,0.45
70.725,0.45
70.726,0.45
70.727,0.45
70.728,0.45
70.729,0.45
70.73,0.45
70.731,0.45
70.732,0.45
70.733,0.45
70.734,0.45
70.735,0.45
70.736,0.45
70.737,0.45
70.738,0.45
70.739,0.45
70.74,0.45
70.741,0.45
70.742,0.45
70.743,0.45
70.744,0.45
70.745,0.45
70.746,0.45
70.747,0.45
70.748,0.45
70.749,0.45
70.75,0.45
70.751,0.45
70.752,0.45
70.753,0.45
70.754,0.45
70.755,0.45
70.756,0.45
70.757,0.45
70.758,0.45
70.759,0.45
70.76,0.45
70.761,0.45
70.762,0.45
70.763,0.45
70.764,0.45
70.765,0.45
70.766,0.45
70.767,0.45
70.768,0.45
70.769,0.45
70.77,0.45
70.771,0.45
70.772,0.45
70.773,0.45
70.774,0.45
70.775,0.45
70.776,0.45
70.777,0.45
70.778,0.45
70.779,0.45
70.78,0.45
70.781,0.45
70.782,0.45
70.783,0.45
70.784,0.45
70.785,0.45
70.786,0.45
70.787,0.45
70.788,0.45
70.789,0.45
70.79,0.45
70.791,0.45
70.792,0.45
70.793,0.45
70.794,0.45
70.795,0.45
70.796,0.45
70.797,0.45
70.798,0.45
70.799,0.45
70.8,0.45
70.801,0.45
70.802,0.45
70.803,0.45
70.804,0.45
70.805,0.45
70.806,0.45
70.807,0.45
70.808,0.45
70.809,0.45
70.81,0.45
70.811,0.45
70.812,0.45
70.813,0.45
70.814,0.45
70.815,0.45
70.816,0.45
70.817,0.45
70.818,0.45
70.819,0.45
70.82,0.45
70.821,0.45
70.822,0.45
70.823,0.45
70.824,0.45
70.825,0.45
70.826,0.45
70.827,0.45
70.828,0.45
70.829,0.45
70.83,0.45
70.831,0.45
70.832,0.45
70.833,0.45
70.834,0.45
70.835,0.45
70.836,0.45
70.837,0.45
70.838,0.45
70.839,0.45
70.84,0.45
70.841,0.45
70.842,0.45
70.843,0.45
70.844,0.45
70.845,0.45
70.846,0.45
70.847,0.45
70.848,0.45
70.849,0.45
70.85,0.45
70.851,0.45
70.852,0.45
70.853,0.45
70.854,0.45
70.855,0.45
70.856,0.45
70.857,0.45
70.858,0.45
70.859,0.45
70.86,0.45
70.861,0.45
70.862,0.45
70.863,0.45
70.864,0.45
70.865,0.45
70.866,0.45
70.867,0.45
70.868,0.45
70.869,0.45
70.87,0.45
70.871,0.45
70.872,0.45
70.873,0.45
70.874,0.45
70.875,0.45
70.876,0.45
70.877,0.45
70.878,0.45
70.879,0.45
70.88,0.45
70.881,0.45
70.882,0.45
70.883,0.45
70.884,0.45
70.885,0.45
70.886,0.45
70.887,0.45
70.888,0.45
70.889,0.45
70.89,0.45
70.891,0.45
70.892,0.45
70.893,0.45
70.894,0.45
70.895,0.45
70.896,0.45
70.897,0.45
70.898,0.45
70.899,0.45
70.9,0.45
70.901,0.45
70.902,0.45
70.903,0.45
70.904,0.45
70.905,0.45
70.906,0.45
70.907,0.45
70.908,0.45
70.909,0.45
70.91,0.45
70.911,0.45
70.912,0.45
70.913,0.45
70.914,0.45
70.915,0.45
70.916,0.45
70.917,0.45
70.918,0.45
70.919,0.45
70.92,0.45
70.921,0.45
70.922,0.45
70.923,0.45
70.924,0.45
70.925,0.45
70.926,0.45
70.927,0.45
70.928,0.45
70.929,0.45
70.93,0.45
70.931,0.45
70.932,0.45
70.933,0.45
70.934,0.45
70.935,0.45
70.936,0.45
70.937,0.45
70.938,0.45
70.939,0.45
70.94,0.45
70.941,0.45
70.942,0.45
70.943,0.45
70.944,0.45
70.945,0.45
70.946,0.45
70.947,0.45
70.948,0.45
70.949,0.45
70.95,0.45
70.951,0.45
70.952,0.45
70.953,0.45
70.954,0.45
70.955,0.45
70.956,0.45
70.957,0.45
70.958,0.45
70.959,0.45
70.96,0.45
70.961,0.45
70.962,0.45
70.963,0.45
70.964,0.45
70.965,0.45
70.966,0.45
70.967,0.45
70.968,0.45
70.969,0.45
70.97,0.45
70.971,0.45
70.972,0.45
70.973,0.45
70.974,0.45
70.975,0.45
70.976,0.45
70.977,0.45
70.978,0.45
70.979,0.45
70.98,0.45
70.981,0.45
70.982,0.45
70.983,0.45
70.984,0.45
70.985,0.45
70.986,0.45
70.987,0.45
70.988,0.45
70.989,0.45
70.99,0.45
70.991,0.45
70.992,0.45
70.993,0.45
70.994,0.45
70.995,0.45
70.996,0.45
70.997,0.45
70.998,0.45
70.999,0.45
71.0,0.45
71.001,0.45
71.002,0.45
71.003,0.45
71.004,0.45
71.005,0.45
71.006,0.45
71.007,0.45
71.008,0.45
71.009,0.45
71.01,0.45
71.011,0.45
71.012,0.45
71.013,0.45
71.014,0.45
71.015,0.45
71.016,0.45
71.017,0.45
71.018,0.45
71.019,0.45
71.02,0.45
71.021,0.45
71.022,0.45
71.023,0.45
71.024,0.45
71.025,0.45
71.026,0.45
71.027,0.45
71.028,0.45
71.029,0.45
71.03,0.45
71.031,0.45
71.032,0.45
71.033,0.45
71.034,0.45
71.035,0.45
71.036,0.45
71.037,0.45
71.038,0.45
71.039,0.45
71.04,0.45
71.041,0.45
71.042,0.45
71.043,0.45
71.044,0.45
71.045,0.45
71.046,0.45
71.047,0.45
71.048,0.45
71.049,0.45
71.05,0.45
71.051,0.45
71.052,0.45
71.053,0.45
71.054,0.45
71.055,0.45
71.056,0.45
71.057,0.45
71.058,0.45
71.059,0.45
71.06,0.45
71.061,0.45
71.062,0.45
71.063,0.45
71.064,0.45
71.065,0.45
71.066,0.45
71.067,0.45
71.068,0.45
71.069,0.45
71.07,0.45
71.071,0.45
71.072,0.45
71.073,0.45
71.074,0.45
71.075,0.45
71.076,0.45
71.077,0.45
71.078,0.45
71.079,0.45
71.08,0.45
71.081,0.45
71.082,0.45
71.083,0.45
71.084,0.45
71.085,0.45
71.086,0.45
71.087,0.45
71.088,0.45
71.089,0.45
71.09,0.45
71.091,0.45
71.092,0.45
71.093,0.45
71.094,0.45
71.095,0.45
71.096,0.45
71.097,0.45
71.098,0.45
71.099,0.45
71.1,0.45
71.101,0.45
71.102,0.45
71.103,0.45
71.104,0.45
71.105,0.45
71.106,0.45
71.107,0.45
71.108,0.45
71.109,0.45
71.11,0.45
71.111,0.45
71.112,0.45
71.113,0.45
71.114,0.45
71.115,0.45
71.116,0.45
71.117,0.45
71.118,0.45
71.119,0.45
71.12,0.45
71.121,0.45
71.122,0.45
71.123,0.45
71.124,0.45
71.125,0.45
71.126,0.45
71.127,0.45
71.128,0.45
71.129,0.45
71.13,0.45
71.131,0.45
71.132,0.45
71.133,0.45
71.134,0.45
71.135,0.45
71.136,0.45
71.137,0.45
71.138,0.45
71.139,0.45
71.14,0.45
71.141,0.45
71.142,0.45
71.143,0.45
71.144,0.45
71.145,0.45
71.146,0.45
71.147,0.45
71.148,0.45
71.149,0.45
71.15,0.45
71.151,0.45
71.152,0.45
71.153,0.45
71.154,0.45
71.155,0.45
71.156,0.45
71.157,0.45
71.158,0.45
71.159,0.45
71.16,0.45
71.161,0.45
71.162,0.45
71.163,0.45
71.164,0.45
71.165,0.45
71.166,0.45
71.167,0.45
71.168,0.45
71.169,0.45
71.17,0.45
71.171,0.45
71.172,0.45
71.173,0.45
71.174,0.45
71.175,0.45
71.176,0.45
71.177,0.45
71.178,0.45
71.179,0.45
71.18,0.45
71.181,0.45
71.182,0.45
71.183,0.45
71.184,0.45
71.185,0.45
71.186,0.45
71.187,0.45
71.188,0.45
71.189,0.45
71.19,0.45
71.191,0.45
71.192,0.45
71.193,0.45
71.194,0.45
71.195,0.45
71.196,0.45
71.197,0.45
71.198,0.45
71.199,0.45
71.2,0.45
71.201,0.45
71.202,0.45
71.203,0.45
71.204,0.45
71.205,0.45
71.206,0.45
71.207,0.45
71.208,0.45
71.209,0.45
71.21,0.45
71.211,0.45
71.212,0.45
71.213,0.45
71.214,0.45
71.215,0.45
71.216,0.45
71.217,0.45
71.218,0.45
71.219,0.45
71.22,0.45
71.221,0.45
71.222,0.45
71.223,0.45
71.224,0.45
71.225,0.45
71.226,0.45
71.227,0.45
71.228,0.45
71.229,0.45
71.23,0.45
71.231,0.45
71.232,0.45
71.233,0.45
71.234,0.45
71.235,0.45
71.236,0.45
71.237,0.45
71.238,0.45
71.239,0.45
71.24,0.45
71.241,0.45
71.242,0.45
71.243,0.45
71.244,0.45
71.245,0.45
71.246,0.45
71.247,0.45
71.248,0.45
71.249,0.45
71.25,0.45
71.251,0.45
71.252,0.45
71.253,0.45
71.254,0.45
71.255,0.45
71.256,0.45
71.257,0.45
71.258,0.45
71.259,0.45
71.26,0.45
71.261,0.45
71.262,0.45
71.263,0.45
71.264,0.45
71.265,0.45
71.266,0.45
71.267,0.45
71.268,0.45
71.269,0.45
71.27,0.45
71.271,0.45
71.272,0.45
71.273,0.45
71.274,0.45
71.275,0.45
71.276,0.45
71.277,0.45
71.278,0.45
71.279,0.45
71.28,0.45
71.281,0.45
71.282,0.45
71.283,0.45
71.284,0.45
71.285,0.45
71.286,0.45
71.287,0.45
71.288,0.45
71.289,0.45
71.29,0.45
71.291,0.45
71.292,0.45
71.293,0.45
71.294,0.45
71.295,0.45
71.296,0.45
71.297,0.45
71.298,0.45
71.299,0.45
71.3,0.45
71.301,0.45
71.302,0.45
71.303,0.45
71.304,0.45
71.305,0.45
71.306,0.45
71.307,0.45
71.308,0.45
71.309,0.45
71.31,0.45
71.311,0.45
71.312,0.45
71.313,0.45
71.314,0.45
71.315,0.45
71.316,0.45
71.317,0.45
71.318,0.45
71.319,0.45
71.32,0.45
71.321,0.45
71.322,0.45
71.323,0.45
71.324,0.45
71.325,0.45
71.326,0.45
71.327,0.45
71.328,0.45
71.329,0.45
71.33,0.45
71.331,0.45
71.332,0.45
71.333,0.45
71.334,0.45
71.335,0.45
71.336,0.45
71.337,0.45
71.338,0.45
71.339,0.45
71.34,0.45
71.341,0.45
71.342,0.45
71.343,0.45
71.344,0.45
71.345,0.45
71.346,0.45
71.347,0.45
71.348,0.45
71.349,0.45
71.35,0.45
71.351,0.45
71.352,0.45
71.353,0.45
71.354,0.45
71.355,0.45
71.356,0.45
71.357,0.45
71.358,0.45
71.359,0.45
71.36,0.45
71.361,0.45
71.362,0.45
71.363,0.45
71.364,0.45
71.365,0.45
71.366,0.45
71.367,0.45
71.368,0.45
71.369,0.45
71.37,0.45
71.371,0.45
71.372,0.45
71.373,0.45
71.374,0.45
71.375,0.45
71.376,0.45
71.377,0.45
71.378,0.45
71.379,0.45
71.38,0.45
71.381,0.45
71.382,0.45
71.383,0.45
71.384,0.45
71.385,0.45
71.386,0.45
71.387,0.45
71.388,0.45
71.389,0.45
71.39,0.45
71.391,0.45
71.392,0.45
71.393,0.45
71.394,0.45
71.395,0.45
71.396,0.45
71.397,0.45
71.398,0.45
71.399,0.45
71.4,0.45
71.401,0.45
71.402,0.45
71.403,0.45
71.404,0.45
71.405,0.45
71.406,0.45
71.407,0.45
71.408,0.45
71.409,0.45
71.41,0.45
71.411,0.45
71.412,0.45
71.413,0.45
71.414,0.45
71.415,0.45
71.416,0.45
71.417,0.45
71.418,0.45
71.419,0.45
71.42,0.45
71.421,0.45
71.422,0.45
71.423,0.45
71.424,0.45
71.425,0.45
71.426,0.45
71.427,0.45
71.428,0.45
71.429,0.45
71.43,0.45
71.431,0.45
71.432,0.45
71.433,0.45
71.434,0.45
71.435,0.45
71.436,0.45
71.437,0.45
71.438,0.45
71.439,0.45
71.44,0.45
71.441,0.45
71.442,0.45
71.443,0.45
71.444,0.45
71.445,0.45
71.446,0.45
71.447,0.45
71.448,0.45
71.449,0.45
71.45,0.45
71.451,0.45
71.452,0.45
71.453,0.45
71.454,0.45
71.455,0.45
71.456,0.45
71.457,0.45
71.458,0.45
71.459,0.45
71.46,0.45
71.461,0.45
71.462,0.45
71.463,0.45
71.464,0.45
71.465,0.45
71.466,0.45
71.467,0.45
71.468,0.45
71.469,0.45
71.47,0.45
71.471,0.45
71.472,0.45
71.473,0.45
71.474,0.45
71.475,0.45
71.476,0.45
71.477,0.45
71.478,0.45
71.479,0.45
71.48,0.45
71.481,0.45
71.482,0.45
71.483,0.45
71.484,0.45
71.485,0.45
71.486,0.45
71.487,0.45
71.488,0.45
71.489,0.45
71.49,0.45
71.491,0.45
71.492,0.45
71.493,0.45
71.494,0.45
71.495,0.45
71.496,0.45
71.497,0.45
71.498,0.45
71.499,0.45
71.5,0.45
71.501,0.45
71.502,0.45
71.503,0.45
71.504,0.45
71.505,0.45
71.506,0.45
71.507,0.45
71.508,0.45
71.509,0.45
71.51,0.45
71.511,0.45
71.512,0.45
71.513,0.45
71.514,0.45
71.515,0.45
71.516,0.45
71.517,0.45
71.518,0.45
71.519,0.45
71.52,0.45
71.521,0.45
71.522,0.45
71.523,0.45
71.524,0.45
71.525,0.45
71.526,0.45
71.527,0.45
71.528,0.45
71.529,0.45
71.53,0.45
71.531,0.45
71.532,0.45
71.533,0.45
71.534,0.45
71.535,0.45
71.536,0.45
71.537,0.45
71.538,0.45
71.539,0.45
71.54,0.45
71.541,0.45
71.542,0.45
71.543,0.45
71.544,0.45
71.545,0.45
71.546,0.45
71.547,0.45
71.548,0.45
71.549,0.45
71.55,0.45
71.551,0.45
71.552,0.45
71.553,0.45
71.554,0.45
71.555,0.45
71.556,0.45
71.557,0.45
71.558,0.45
71.559,0.45
71.56,0.45
71.561,0.45
71.562,0.45
71.563,0.45
71.564,0.45
71.565,0.45
71.566,0.45
71.567,0.45
71.568,0.45
71.569,0.45
71.57,0.45
71.571,0.45
71.572,0.45
71.573,0.45
71.574,0.45
71.575,0.45
71.576,0.45
71.577,0.45
71.578,0.45
71.579,0.45
71.58,0.45
71.581,0.45
71.582,0.45
71.583,0.45
71.584,0.45
71.585,0.45
71.586,0.45
71.587,0.45
71.588,0.45
71.589,0.45
71.59,0.45
71.591,0.45
71.592,0.45
71.593,0.45
71.594,0.45
71.595,0.45
71.596,0.45
71.597,0.45
71.598,0.45
71.599,0.45
71.6,0.45
71.601,0.45
71.602,0.45
71.603,0.45
71.604,0.45
71.605,0.45
71.606,0.45
71.607,0.45
71.608,0.45
71.609,0.45
71.61,0.45
71.611,0.45
71.612,0.45
71.613,0.45
71.614,0.45
71.615,0.45
71.616,0.45
71.617,0.45
71.618,0.45
71.619,0.45
71.62,0.45
71.621,0.45
71.622,0.45
71.623,0.45
71.624,0.45
71.625,0.45
71.626,0.45
71.627,0.45
71.628,0.45
71.629,0.45
71.63,0.45
71.631,0.45
71.632,0.45
71.633,0.45
71.634,0.45
71.635,0.45
71.636,0.45
71.637,0.45
71.638,0.45
71.639,0.45
71.64,0.45
71.641,0.45
71.642,0.45
71.643,0.45
71.644,0.45
71.645,0.45
71.646,0.45
71.647,0.45
71.648,0.45
71.649,0.45
71.65,0.45
71.651,0.45
71.652,0.45
71.653,0.45
71.654,0.45
71.655,0.45
71.656,0.45
71.657,0.45
71.658,0.45
71.659,0.45
71.66,0.45
71.661,0.45
71.662,0.45
71.663,0.45
71.664,0.45
71.665,0.45
71.666,0.45
71.667,0.45
71.668,0.45
71.669,0.45
71.67,0.45
71.671,0.45
71.672,0.45
71.673,0.45
71.674,0.45
71.675,0.45
71.676,0.45
71.677,0.45
71.678,0.45
71.679,0.45
71.68,0.45
71.681,0.45
71.682,0.45
71.683,0.45
71.684,0.45
71.685,0.45
71.686,0.45
71.687,0.45
71.688,0.45
71.689,0.45
71.69,0.45
71.691,0.45
71.692,0.45
71.693,0.45
71.694,0.45
71.695,0.45
71.696,0.45
71.697,0.45
71.698,0.45
71.699,0.45
71.7,0.45
71.701,0.45
71.702,0.45
71.703,0.45
71.704,0.45
71.705,0.45
71.706,0.45
71.707,0.45
71.708,0.45
71.709,0.45
71.71,0.45
71.711,0.45
71.712,0.45
71.713,0.45
71.714,0.45
71.715,0.45
71.716,0.45
71.717,0.45
71.718,0.45
71.719,0.45
71.72,0.45
71.721,0.45
71.722,0.45
71.723,0.45
71.724,0.45
71.725,0.45
71.726,0.45
71.727,0.45
71.728,0.45
71.729,0.45
71.73,0.45
71.731,0.45
71.732,0.45
71.733,0.45
71.734,0.45
71.735,0.45
71.736,0.45
71.737,0.45
71.738,0.45
71.739,0.45
71.74,0.45
71.741,0.45
71.742,0.45
71.743,0.45
71.744,0.45
71.745,0.45
71.746,0.45
71.747,0.45
71.748,0.45
71.749,0.45
71.75,0.45
71.751,0.45
71.752,0.45
71.753,0.45
71.754,0.45
71.755,0.45
71.756,0.45
71.757,0.45
71.758,0.45
71.759,0.45
71.76,0.45
71.761,0.45
71.762,0.45
71.763,0.45
71.764,0.45
71.765,0.45
71.766,0.45
71.767,0.45
71.768,0.45
71.769,0.45
71.77,0.45
71.771,0.45
71.772,0.45
71.773,0.45
71.774,0.45
71.775,0.45
71.776,0.45
71.777,0.45
71.778,0.45
71.779,0.45
71.78,0.45
71.781,0.45
71.782,0.45
71.783,0.45
71.784,0.45
71.785,0.45
71.786,0.45
71.787,0.45
71.788,0.45
71.789,0.45
71.79,0.45
71.791,0.45
71.792,0.45
71.793,0.45
71.794,0.45
71.795,0.45
71.796,0.45
71.797,0.45
71.798,0.45
71.799,0.45
71.8,0.45
71.801,0.45
71.802,0.45
71.803,0.45
71.804,0.45
71.805,0.45
71.806,0.45
71.807,0.45
71.808,0.45
71.809,0.45
71.81,0.45
71.811,0.45
71.812,0.45
71.813,0.45
71.814,0.45
71.815,0.45
71.816,0.45
71.817,0.45
71.818,0.45
71.819,0.45
71.82,0.45
71.821,0.45
71.822,0.45
71.823,0.45
71.824,0.45
71.825,0.45
71.826,0.45
71.827,0.45
71.828,0.45
71.829,0.45
71.83,0.45
71.831,0.45
71.832,0.45
71.833,0.45
71.834,0.45
71.835,0.45
71.836,0.45
71.837,0.45
71.838,0.45
71.839,0.45
71.84,0.45
71.841,0.45
71.842,0.45
71.843,0.45
71.844,0.45
71.845,0.45
71.846,0.45
71.847,0.45
71.848,0.45
71.849,0.45
71.85,0.45
71.851,0.45
71.852,0.45
71.853,0.45
71.854,0.45
71.855,0.45
71.856,0.45
71.857,0.45
71.858,0.45
71.859,0.45
71.86,0.45
71.861,0.45
71.862,0.45
71.863,0.45
71.864,0.45
71.865,0.45
71.866,0.45
71.867,0.45
71.868,0.45
71.869,0.45
71.87,0.45
71.871,0.45
71.872,0.45
71.873,0.45
71.874,0.45
71.875,0.45
71.876,0.45
71.877,0.45
71.878,0.45
71.879,0.45
71.88,0.45
71.881,0.45
71.882,0.45
71.883,0.45
71.884,0.45
71.885,0.45
71.886,0.45
71.887,0.45
71.888,0.45
71.889,0.45
71.89,0.45
71.891,0.45
71.892,0.45
71.893,0.45
71.894,0.45
71.895,0.45
71.896,0.45
71.897,0.45
71.898,0.45
71.899,0.45
71.9,0.45
71.901,0.45
71.902,0.45
71.903,0.45
71.904,0.45
71.905,0.45
71.906,0.45
71.907,0.45
71.908,0.45
71.909,0.45
71.91,0.45
71.911,0.45
71.912,0.45
71.913,0.45
71.914,0.45
71.915,0.45
71.916,0.45
71.917,0.45
71.918,0.45
71.919,0.45
71.92,0.45
71.921,0.45
71.922,0.45
71.923,0.45
71.924,0.45
71.925,0.45
71.926,0.45
71.927,0.45
71.928,0.45
71.929,0.45
71.93,0.45
71.931,0.45
71.932,0.45
71.933,0.45
71.934,0.45
71.935,0.45
71.936,0.45
71.937,0.45
71.938,0.45
71.939,0.45
71.94,0.45
71.941,0.45
71.942,0.45
71.943,0.45
71.944,0.45
71.945,0.45
71.946,0.45
71.947,0.45
71.948,0.45
71.949,0.45
71.95,0.45
71.951,0.45
71.952,0.45
71.953,0.45
71.954,0.45
71.955,0.45
71.956,0.45
71.957,0.45
71.958,0.45
71.959,0.45
71.96,0.45
71.961,0.45
71.962,0.45
71.963,0.45
71.964,0.45
71.965,0.45
71.966,0.45
71.967,0.45
71.968,0.45
71.969,0.45
71.97,0.45
71.971,0.45
71.972,0.45
71.973,0.45
71.974,0.45
71.975,0.45
71.976,0.45
71.977,0.45
71.978,0.45
71.979,0.45
71.98,0.45
71.981,0.45
71.982,0.45
71.983,0.45
71.984,0.45
71.985,0.45
71.986,0.45
71.987,0.45
71.988,0.45
71.989,0.45
71.99,0.45
71.991,0.45
71.992,0.45
71.993,0.45
71.994,0.45
71.995,0.45
71.996,0.45
71.997,0.45
71.998,0.45
71.999,0.45
72.0,0.45
72.001,0.45
72.002,0.45
72.003,0.45
72.004,0.45
72.005,0.45
72.006,0.45
72.007,0.45
72.008,0.45
72.009,0.45
72.01,0.45
72.011,0.45
72.012,0.45
72.013,0.45
72.014,0.45
72.015,0.45
72.016,0.45
72.017,0.45
72.018,0.45
72.019,0.45
72.02,0.45
72.021,0.45
72.022,0.45
72.023,0.45
72.024,0.45
72.025,0.45
72.026,0.45
72.027,0.45
72.028,0.45
72.029,0.45
72.03,0.45
72.031,0.45
72.032,0.45
72.033,0.45
72.034,0.45
72.035,0.45
72.036,0.45
72.037,0.45
72.038,0.45
72.039,0.45
72.04,0.45
72.041,0.45
72.042,0.45
72.043,0.45
72.044,0.45
72.045,0.45
72.046,0.45
72.047,0.45
72.048,0.45
72.049,0.45
72.05,0.45
72.051,0.45
72.052,0.45
72.053,0.45
72.054,0.45
72.055,0.45
72.056,0.45
72.057,0.45
72.058,0.45
72.059,0.45
72.06,0.45
72.061,0.45
72.062,0.45
72.063,0.45
72.064,0.45
72.065,0.45
72.066,0.45
72.067,0.45
72.068,0.45
72.069,0.45
72.07,0.45
72.071,0.45
72.072,0.45
72.073,0.45
72.074,0.45
72.075,0.45
72.076,0.45
72.077,0.45
72.078,0.45
72.079,0.45
72.08,0.45
72.081,0.45
72.082,0.45
72.083,0.45
72.084,0.45
72.085,0.45
72.086,0.45
72.087,0.45
72.088,0.45
72.089,0.45
72.09,0.45
72.091,0.45
72.092,0.45
72.093,0.45
72.094,0.45
72.095,0.45
72.096,0.45
72.097,0.45
72.098,0.45
72.099,0.45
72.1,0.45
72.101,0.45
72.102,0.45
72.103,0.45
72.104,0.45
72.105,0.45
72.106,0.45
72.107,0.45
72.108,0.45
72.109,0.45
72.11,0.45
72.111,0.45
72.112,0.45
72.113,0.45
72.114,0.45
72.115,0.45
72.116,0.45
72.117,0.45
72.118,0.45
72.119,0.45
72.12,0.45
72.121,0.45
72.122,0.45
72.123,0.45
72.124,0.45
72.125,0.45
72.126,0.45
72.127,0.45
72.128,0.45
72.129,0.45
72.13,0.45
72.131,0.45
72.132,0.45
72.133,0.45
72.134,0.45
72.135,0.45
72.136,0.45
72.137,0.45
72.138,0.45
72.139,0.45
72.14,0.45
72.141,0.45
72.142,0.45
72.143,0.45
72.144,0.45
72.145,0.45
72.146,0.45
72.147,0.45
72.148,0.45
72.149,0.45
72.15,0.45
72.151,0.45
72.152,0.45
72.153,0.45
72.154,0.45
72.155,0.45
72.156,0.45
72.157,0.45
72.158,0.45
72.159,0.45
72.16,0.45
72.161,0.45
72.162,0.45
72.163,0.45
72.164,0.45
72.165,0.45
72.166,0.45
72.167,0.45
72.168,0.45
72.169,0.45
72.17,0.45
72.171,0.45
72.172,0.45
72.173,0.45
72.174,0.45
72.175,0.45
72.176,0.45
72.177,0.45
72.178,0.45
72.179,0.45
72.18,0.45
72.181,0.45
72.182,0.45
72.183,0.45
72.184,0.45
72.185,0.45
72.186,0.45
72.187,0.45
72.188,0.45
72.189,0.45
72.19,0.45
72.191,0.45
72.192,0.45
72.193,0.45
72.194,0.45
72.195,0.45
72.196,0.45
72.197,0.45
72.198,0.45
72.199,0.45
72.2,0.45
72.201,0.45
72.202,0.45
72.203,0.45
72.204,0.45
72.205,0.45
72.206,0.45
72.207,0.45
72.208,0.45
72.209,0.45
72.21,0.45
72.211,0.45
72.212,0.45
72.213,0.45
72.214,0.45
72.215,0.45
72.216,0.45
72.217,0.45
72.218,0.45
72.219,0.45
72.22,0.45
72.221,0.45
72.222,0.45
72.223,0.45
72.224,0.45
72.225,0.45
72.226,0.45
72.227,0.45
72.228,0.45
72.229,0.45
72.23,0.45
72.231,0.45
72.232,0.45
72.233,0.45
72.234,0.45
72.235,0.45
72.236,0.45
72.237,0.45
72.238,0.45
72.239,0.45
72.24,0.45
72.241,0.45
72.242,0.45
72.243,0.45
72.244,0.45
72.245,0.45
72.246,0.45
72.247,0.45
72.248,0.45
72.249,0.45
72.25,0.45
72.251,0.45
72.252,0.45
72.253,0.45
72.254,0.45
72.255,0.45
72.256,0.45
72.257,0.45
72.258,0.45
72.259,0.45
72.26,0.45
72.261,0.45
72.262,0.45
72.263,0.45
72.264,0.45
72.265,0.45
72.266,0.45
72.267,0.45
72.268,0.45
72.269,0.45
72.27,0.45
72.271,0.45
72.272,0.45
72.273,0.45
72.274,0.45
72.275,0.45
72.276,0.45
72.277,0.45
72.278,0.45
72.279,0.45
72.28,0.45
72.281,0.45
72.282,0.45
72.283,0.45
72.284,0.45
72.285,0.45
72.286,0.45
72.287,0.45
72.288,0.45
72.289,0.45
72.29,0.45
72.291,0.45
72.292,0.45
72.293,0.45
72.294,0.45
72.295,0.45
72.296,0.45
72.297,0.45
72.298,0.45
72.299,0.45
72.3,0.45
72.301,0.45
72.302,0.45
72.303,0.45
72.304,0.45
72.305,0.45
72.306,0.45
72.307,0.45
72.308,0.45
72.309,0.45
72.31,0.45
72.311,0.45
72.312,0.45
72.313,0.45
72.314,0.45
72.315,0.45
72.316,0.45
72.317,0.45
72.318,0.45
72.319,0.45
72.32,0.45
72.321,0.45
72.322,0.45
72.323,0.45
72.324,0.45
72.325,0.45
72.326,0.45
72.327,0.45
72.328,0.45
72.329,0.45
72.33,0.45
72.331,0.45
72.332,0.45
72.333,0.45
72.334,0.45
72.335,0.45
72.336,0.45
72.337,0.45
72.338,0.45
72.339,0.45
72.34,0.45
72.341,0.45
72.342,0.45
72.343,0.45
72.344,0.45
72.345,0.45
72.346,0.45
72.347,0.45
72.348,0.45
72.349,0.45
72.35,0.45
72.351,0.45
72.352,0.45
72.353,0.45
72.354,0.45
72.355,0.45
72.356,0.45
72.357,0.45
72.358,0.45
72.359,0.45
72.36,0.45
72.361,0.45
72.362,0.45
72.363,0.45
72.364,0.45
72.365,0.45
72.366,0.45
72.367,0.45
72.368,0.45
72.369,0.45
72.37,0.45
72.371,0.45
72.372,0.45
72.373,0.45
72.374,0.45
72.375,0.45
72.376,0.45
72.377,0.45
72.378,0.45
72.379,0.45
72.38,0.45
72.381,0.45
72.382,0.45
72.383,0.45
72.384,0.45
72.385,0.45
72.386,0.45
72.387,0.45
72.388,0.45
72.389,0.45
72.39,0.45
72.391,0.45
72.392,0.45
72.393,0.45
72.394,0.45
72.395,0.45
72.396,0.45
72.397,0.45
72.398,0.45
72.399,0.45
72.4,0.45
72.401,0.45
72.402,0.45
72.403,0.45
72.404,0.45
72.405,0.45
72.406,0.45
72.407,0.45
72.408,0.45
72.409,0.45
72.41,0.45
72.411,0.45
72.412,0.45
72.413,0.45
72.414,0.45
72.415,0.45
72.416,0.45
72.417,0.45
72.418,0.45
72.419,0.45
72.42,0.45
72.421,0.45
72.422,0.45
72.423,0.45
72.424,0.45
72.425,0.45
72.426,0.45
72.427,0.45
72.428,0.45
72.429,0.45
72.43,0.45
72.431,0.45
72.432,0.45
72.433,0.45
72.434,0.45
72.435,0.45
72.436,0.45
72.437,0.45
72.438,0.45
72.439,0.45
72.44,0.45
72.441,0.45
72.442,0.45
72.443,0.45
72.444,0.45
72.445,0.45
72.446,0.45
72.447,0.45
72.448,0.45
72.449,0.45
72.45,0.45
72.451,0.45
72.452,0.45
72.453,0.45
72.454,0.45
72.455,0.45
72.456,0.45
72.457,0.45
72.458,0.45
72.459,0.45
72.46,0.45
72.461,0.45
72.462,0.45
72.463,0.45
72.464,0.45
72.465,0.45
72.466,0.45
72.467,0.45
72.468,0.45
72.469,0.45
72.47,0.45
72.471,0.45
72.472,0.45
72.473,0.45
72.474,0.45
72.475,0.45
72.476,0.45
72.477,0.45
72.478,0.45
72.479,0.45
72.48,0.45
72.481,0.45
72.482,0.45
72.483,0.45
72.484,0.45
72.485,0.45
72.486,0.45
72.487,0.45
72.488,0.45
72.489,0.45
72.49,0.45
72.491,0.45
72.492,0.45
72.493,0.45
72.494,0.45
72.495,0.45
72.496,0.45
72.497,0.45
72.498,0.45
72.499,0.45
72.5,0.45
72.501,0.45
72.502,0.45
72.503,0.45
72.504,0.45
72.505,0.45
72.506,0.45
72.507,0.45
72.508,0.45
72.509,0.45
72.51,0.45
72.511,0.45
72.512,0.45
72.513,0.45
72.514,0.45
72.515,0.45
72.516,0.45
72.517,0.45
72.518,0.45
72.519,0.45
72.52,0.45
72.521,0.45
72.522,0.45
72.523,0.45
72.524,0.45
72.525,0.45
72.526,0.45
72.527,0.45
72.528,0.45
72.529,0.45
72.53,0.45
72.531,0.45
72.532,0.45
72.533,0.45
72.534,0.45
72.535,0.45
72.536,0.45
72.537,0.45
72.538,0.45
72.539,0.45
72.54,0.45
72.541,0.45
72.542,0.45
72.543,0.45
72.544,0.45
72.545,0.45
72.546,0.45
72.547,0.45
72.548,0.45
72.549,0.45
72.55,0.45
72.551,0.45
72.552,0.45
72.553,0.45
72.554,0.45
72.555,0.45
72.556,0.45
72.557,0.45
72.558,0.45
72.559,0.45
72.56,0.45
72.561,0.45
72.562,0.45
72.563,0.45
72.564,0.45
72.565,0.45
72.566,0.45
72.567,0.45
72.568,0.45
72.569,0.45
72.57,0.45
72.571,0.45
72.572,0.45
72.573,0.45
72.574,0.45
72.575,0.45
72.576,0.45
72.577,0.45
72.578,0.45
72.579,0.45
72.58,0.45
72.581,0.45
72.582,0.45
72.583,0.45
72.584,0.45
72.585,0.45
72.586,0.45
72.587,0.45
72.588,0.45
72.589,0.45
72.59,0.45
72.591,0.45
72.592,0.45
72.593,0.45
72.594,0.45
72.595,0.45
72.596,0.45
72.597,0.45
72.598,0.45
72.599,0.45
72.6,0.45
72.601,0.45
72.602,0.45
72.603,0.45
72.604,0.45
72.605,0.45
72.606,0.45
72.607,0.45
72.608,0.45
72.609,0.45
72.61,0.45
72.611,0.45
72.612,0.45
72.613,0.45
72.614,0.45
72.615,0.45
72.616,0.45
72.617,0.45
72.618,0.45
72.619,0.45
72.62,0.45
72.621,0.45
72.622,0.45
72.623,0.45
72.624,0.45
72.625,0.45
72.626,0.45
72.627,0.45
72.628,0.45
72.629,0.45
72.63,0.45
72.631,0.45
72.632,0.45
72.633,0.45
72.634,0.45
72.635,0.45
72.636,0.45
72.637,0.45
72.638,0.45
72.639,0.45
72.64,0.45
72.641,0.45
72.642,0.45
72.643,0.45
72.644,0.45
72.645,0.45
72.646,0.45
72.647,0.45
72.648,0.45
72.649,0.45
72.65,0.45
72.651,0.45
72.652,0.45
72.653,0.45
72.654,0.45
72.655,0.45
72.656,0.45
72.657,0.45
72.658,0.45
72.659,0.45
72.66,0.45
72.661,0.45
72.662,0.45
72.663,0.45
72.664,0.45
72.665,0.45
72.666,0.45
72.667,0.45
72.668,0.45
72.669,0.45
72.67,0.45
72.671,0.45
72.672,0.45
72.673,0.45
72.674,0.45
72.675,0.45
72.676,0.45
72.677,0.45
72.678,0.45
72.679,0.45
72.68,0.45
72.681,0.45
72.682,0.45
72.683,0.45
72.684,0.45
72.685,0.45
72.686,0.45
72.687,0.45
72.688,0.45
72.689,0.45
72.69,0.45
72.691,0.45
72.692,0.45
72.693,0.45
72.694,0.45
72.695,0.45
72.696,0.45
72.697,0.45
72.698,0.45
72.699,0.45
72.7,0.45
72.701,0.45
72.702,0.45
72.703,0.45
72.704,0.45
72.705,0.45
72.706,0.45
72.707,0.45
72.708,0.45
72.709,0.45
72.71,0.45
72.711,0.45
72.712,0.45
72.713,0.45
72.714,0.45
72.715,0.45
72.716,0.45
72.717,0.45
72.718,0.45
72.719,0.45
72.72,0.45
72.721,0.45
72.722,0.45
72.723,0.45
72.724,0.45
72.725,0.45
72.726,0.45
72.727,0.45
72.728,0.45
72.729,0.45
72.73,0.45
72.731,0.45
72.732,0.45
72.733,0.45
72.734,0.45
72.735,0.45
72.736,0.45
72.737,0.45
72.738,0.45
72.739,0.45
72.74,0.45
72.741,0.45
72.742,0.45
72.743,0.45
72.744,0.45
72.745,0.45
72.746,0.45
72.747,0.45
72.748,0.45
72.749,0.45
72.75,0.45
72.751,0.45
72.752,0.45
72.753,0.45
72.754,0.45
72.755,0.45
72.756,0.45
72.757,0.45
72.758,0.45
72.759,0.45
72.76,0.45
72.761,0.45
72.762,0.45
72.763,0.45
72.764,0.45
72.765,0.45
72.766,0.45
72.767,0.45
72.768,0.45
72.769,0.45
72.77,0.45
72.771,0.45
72.772,0.45
72.773,0.45
72.774,0.45
72.775,0.45
72.776,0.45
72.777,0.45
72.778,0.45
72.779,0.45
72.78,0.45
72.781,0.45
72.782,0.45
72.783,0.45
72.784,0.45
72.785,0.45
72.786,0.45
72.787,0.45
72.788,0.45
72.789,0.45
72.79,0.45
72.791,0.45
72.792,0.45
72.793,0.45
72.794,0.45
72.795,0.45
72.796,0.45
72.797,0.45
72.798,0.45
72.799,0.45
72.8,0.45
72.801,0.45
72.802,0.45
72.803,0.45
72.804,0.45
72.805,0.45
72.806,0.45
72.807,0.45
72.808,0.45
72.809,0.45
72.81,0.45
72.811,0.45
72.812,0.45
72.813,0.45
72.814,0.45
72.815,0.45
72.816,0.45
72.817,0.45
72.818,0.45
72.819,0.45
72.82,0.45
72.821,0.45
72.822,0.45
72.823,0.45
72.824,0.45
72.825,0.45
72.826,0.45
72.827,0.45
72.828,0.45
72.829,0.45
72.83,0.45
72.831,0.45
72.832,0.45
72.833,0.45
72.834,0.45
72.835,0.45
72.836,0.45
72.837,0.45
72.838,0.45
72.839,0.45
72.84,0.45
72.841,0.45
72.842,0.45
72.843,0.45
72.844,0.45
72.845,0.45
72.846,0.45
72.847,0.45
72.848,0.45
72.849,0.45
72.85,0.45
72.851,0.45
72.852,0.45
72.853,0.45
72.854,0.45
72.855,0.45
72.856,0.45
72.857,0.45
72.858,0.45
72.859,0.45
72.86,0.45
72.861,0.45
72.862,0.45
72.863,0.45
72.864,0.45
72.865,0.45
72.866,0.45
72.867,0.45
72.868,0.45
72.869,0.45
72.87,0.45
72.871,0.45
72.872,0.45
72.873,0.45
72.874,0.45
72.875,0.45
72.876,0.45
72.877,0.45
72.878,0.45
72.879,0.45
72.88,0.45
72.881,0.45
72.882,0.45
72.883,0.45
72.884,0.45
72.885,0.45
72.886,0.45
72.887,0.45
72.888,0.45
72.889,0.45
72.89,0.45
72.891,0.45
72.892,0.45
72.893,0.45
72.894,0.45
72.895,0.45
72.896,0.45
72.897,0.45
72.898,0.45
72.899,0.45
72.9,0.45
72.901,0.45
72.902,0.45
72.903,0.45
72.904,0.45
72.905,0.45
72.906,0.45
72.907,0.45
72.908,0.45
72.909,0.45
72.91,0.45
72.911,0.45
72.912,0.45
72.913,0.45
72.914,0.45
72.915,0.45
72.916,0.45
72.917,0.45
72.918,0.45
72.919,0.45
72.92,0.45
72.921,0.45
72.922,0.45
72.923,0.45
72.924,0.45
72.925,0.45
72.926,0.45
72.927,0.45
72.928,0.45
72.929,0.45
72.93,0.45
72.931,0.45
72.932,0.45
72.933,0.45
72.934,0.45
72.935,0.45
72.936,0.45
72.937,0.45
72.938,0.45
72.939,0.45
72.94,0.45
72.941,0.45
72.942,0.45
72.943,0.45
72.944,0.45
72.945,0.45
72.946,0.45
72.947,0.45
72.948,0.45
72.949,0.45
72.95,0.45
72.951,0.45
72.952,0.45
72.953,0.45
72.954,0.45
72.955,0.45
72.956,0.45
72.957,0.45
72.958,0.45
72.959,0.45
72.96,0.45
72.961,0.45
72.962,0.45
72.963,0.45
72.964,0.45
72.965,0.45
72.966,0.45
72.967,0.45
72.968,0.45
72.969,0.45
72.97,0.45
72.971,0.45
72.972,0.45
72.973,0.45
72.974,0.45
72.975,0.45
72.976,0.45
72.977,0.45
72.978,0.45
72.979,0.45
72.98,0.45
72.981,0.45
72.982,0.45
72.983,0.45
72.984,0.45
72.985,0.45
72.986,0.45
72.987,0.45
72.988,0.45
72.989,0.45
72.99,0.45
72.991,0.45
72.992,0.45
72.993,0.45
72.994,0.45
72.995,0.45
72.996,0.45
72.997,0.45
72.998,0.45
72.999,0.45
73.0,0.45
73.001,0.45
73.002,0.45
73.003,0.45
73.004,0.45
73.005,0.45
73.006,0.45
73.007,0.45
73.008,0.45
73.009,0.45
73.01,0.45
73.011,0.45
73.012,0.45
73.013,0.45
73.014,0.45
73.015,0.45
73.016,0.45
73.017,0.45
73.018,0.45
73.019,0.45
73.02,0.45
73.021,0.45
73.022,0.45
73.023,0.45
73.024,0.45
73.025,0.45
73.026,0.45
73.027,0.45
73.028,0.45
73.029,0.45
73.03,0.45
73.031,0.45
73.032,0.45
73.033,0.45
73.034,0.45
73.035,0.45
73.036,0.45
73.037,0.45
73.038,0.45
73.039,0.45
73.04,0.45
73.041,0.45
73.042,0.45
73.043,0.45
73.044,0.45
73.045,0.45
73.046,0.45
73.047,0.45
73.048,0.45
73.049,0.45
73.05,0.45
73.051,0.45
73.052,0.45
73.053,0.45
73.054,0.45
73.055,0.45
73.056,0.45
73.057,0.45
73.058,0.45
73.059,0.45
73.06,0.45
73.061,0.45
73.062,0.45
73.063,0.45
73.064,0.45
73.065,0.45
73.066,0.45
73.067,0.45
73.068,0.45
73.069,0.45
73.07,0.45
73.071,0.45
73.072,0.45
73.073,0.45
73.074,0.45
73.075,0.45
73.076,0.45
73.077,0.45
73.078,0.45
73.079,0.45
73.08,0.45
73.081,0.45
73.082,0.45
73.083,0.45
73.084,0.45
73.085,0.45
73.086,0.45
73.087,0.45
73.088,0.45
73.089,0.45
73.09,0.45
73.091,0.45
73.092,0.45
73.093,0.45
73.094,0.45
73.095,0.45
73.096,0.45
73.097,0.45
73.098,0.45
73.099,0.45
73.1,0.45
73.101,0.45
73.102,0.45
73.103,0.45
73.104,0.45
73.105,0.45
73.106,0.45
73.107,0.45
73.108,0.45
73.109,0.45
73.11,0.45
73.111,0.45
73.112,0.45
73.113,0.45
73.114,0.45
73.115,0.45
73.116,0.45
73.117,0.45
73.118,0.45
73.119,0.45
73.12,0.45
73.121,0.45
73.122,0.45
73.123,0.45
73.124,0.45
73.125,0.45
73.126,0.45
73.127,0.45
73.128,0.45
73.129,0.45
73.13,0.45
73.131,0.45
73.132,0.45
73.133,0.45
73.134,0.45
73.135,0.45
73.136,0.45
73.137,0.45
73.138,0.45
73.139,0.45
73.14,0.45
73.141,0.45
73.142,0.45
73.143,0.45
73.144,0.45
73.145,0.45
73.146,0.45
73.147,0.45
73.148,0.45
73.149,0.45
73.15,0.45
73.151,0.45
73.152,0.45
73.153,0.45
73.154,0.45
73.155,0.45
73.156,0.45
73.157,0.45
73.158,0.45
73.159,0.45
73.16,0.45
73.161,0.45
73.162,0.45
73.163,0.45
73.164,0.45
73.165,0.45
73.166,0.45
73.167,0.45
73.168,0.45
73.169,0.45
73.17,0.45
73.171,0.45
73.172,0.45
73.173,0.45
73.174,0.45
73.175,0.45
73.176,0.45
73.177,0.45
73.178,0.45
73.179,0.45
73.18,0.45
73.181,0.45
73.182,0.45
73.183,0.45
73.184,0.45
73.185,0.45
73.186,0.45
73.187,0.45
73.188,0.45
73.189,0.45
73.19,0.45
73.191,0.45
73.192,0.45
73.193,0.45
73.194,0.45
73.195,0.45
73.196,0.45
73.197,0.45
73.198,0.45
73.199,0.45
73.2,0.45
73.201,0.45
73.202,0.45
73.203,0.45
73.204,0.45
73.205,0.45
73.206,0.45
73.207,0.45
73.208,0.45
73.209,0.45
73.21,0.45
73.211,0.45
73.212,0.45
73.213,0.45
73.214,0.45
73.215,0.45
73.216,0.45
73.217,0.45
73.218,0.45
73.219,0.45
73.22,0.45
73.221,0.45
73.222,0.45
73.223,0.45
73.224,0.45
73.225,0.45
73.226,0.45
73.227,0.45
73.228,0.45
73.229,0.45
73.23,0.45
73.231,0.45
73.232,0.45
73.233,0.45
73.234,0.45
73.235,0.45
73.236,0.45
73.237,0.45
73.238,0.45
73.239,0.45
73.24,0.45
73.241,0.45
73.242,0.45
73.243,0.45
73.244,0.45
73.245,0.45
73.246,0.45
73.247,0.45
73.248,0.45
73.249,0.45
73.25,0.45
73.251,0.45
73.252,0.45
73.253,0.45
73.254,0.45
73.255,0.45
73.256,0.45
73.257,0.45
73.258,0.45
73.259,0.45
73.26,0.45
73.261,0.45
73.262,0.45
73.263,0.45
73.264,0.45
73.265,0.45
73.266,0.45
73.267,0.45
73.268,0.45
73.269,0.45
73.27,0.45
73.271,0.45
73.272,0.45
73.273,0.45
73.274,0.45
73.275,0.45
73.276,0.45
73.277,0.45
73.278,0.45
73.279,0.45
73.28,0.45
73.281,0.45
73.282,0.45
73.283,0.45
73.284,0.45
73.285,0.45
73.286,0.45
73.287,0.45
73.288,0.45
73.289,0.45
73.29,0.45
73.291,0.45
73.292,0.45
73.293,0.45
73.294,0.45
73.295,0.45
73.296,0.45
73.297,0.45
73.298,0.45
73.299,0.45
73.3,0.45
73.301,0.45
73.302,0.45
73.303,0.45
73.304,0.45
73.305,0.45
73.306,0.45
73.307,0.45
73.308,0.45
73.309,0.45
73.31,0.45
73.311,0.45
73.312,0.45
73.313,0.45
73.314,0.45
73.315,0.45
73.316,0.45
73.317,0.45
73.318,0.45
73.319,0.45
73.32,0.45
73.321,0.45
73.322,0.45
73.323,0.45
73.324,0.45
73.325,0.45
73.326,0.45
73.327,0.45
73.328,0.45
73.329,0.45
73.33,0.45
73.331,0.45
73.332,0.45
73.333,0.45
73.334,0.45
73.335,0.45
73.336,0.45
73.337,0.45
73.338,0.45
73.339,0.45
73.34,0.45
73.341,0.45
73.342,0.45
73.343,0.45
73.344,0.45
73.345,0.45
73.346,0.45
73.347,0.45
73.348,0.45
73.349,0.45
73.35,0.45
73.351,0.45
73.352,0.45
73.353,0.45
73.354,0.45
73.355,0.45
73.356,0.45
73.357,0.45
73.358,0.45
73.359,0.45
73.36,0.45
73.361,0.45
73.362,0.45
73.363,0.45
73.364,0.45
73.365,0.45
73.366,0.45
73.367,0.45
73.368,0.45
73.369,0.45
73.37,0.45
73.371,0.45
73.372,0.45
73.373,0.45
73.374,0.45
73.375,0.45
73.376,0.45
73.377,0.45
73.378,0.45
73.379,0.45
73.38,0.45
73.381,0.45
73.382,0.45
73.383,0.45
73.384,0.45
73.385,0.45
73.386,0.45
73.387,0.45
73.388,0.45
73.389,0.45
73.39,0.45
73.391,0.45
73.392,0.45
73.393,0.45
73.394,0.45
73.395,0.45
73.396,0.45
73.397,0.45
73.398,0.45
73.399,0.45
73.4,0.45
73.401,0.45
73.402,0.45
73.403,0.45
73.404,0.45
73.405,0.45
73.406,0.45
73.407,0.45
73.408,0.45
73.409,0.45
73.41,0.45
73.411,0.45
73.412,0.45
73.413,0.45
73.414,0.45
73.415,0.45
73.416,0.45
73.417,0.45
73.418,0.45
73.419,0.45
73.42,0.45
73.421,0.45
73.422,0.45
73.423,0.45
73.424,0.45
73.425,0.45
73.426,0.45
73.427,0.45
73.428,0.45
73.429,0.45
73.43,0.45
73.431,0.45
73.432,0.45
73.433,0.45
73.434,0.45
73.435,0.45
73.436,0.45
73.437,0.45
73.438,0.45
73.439,0.45
73.44,0.45
73.441,0.45
73.442,0.45
73.443,0.45
73.444,0.45
73.445,0.45
73.446,0.45
73.447,0.45
73.448,0.45
73.449,0.45
73.45,0.45
73.451,0.45
73.452,0.45
73.453,0.45
73.454,0.45
73.455,0.45
73.456,0.45
73.457,0.45
73.458,0.45
73.459,0.45
73.46,0.45
73.461,0.45
73.462,0.45
73.463,0.45
73.464,0.45
73.465,0.45
73.466,0.45
73.467,0.45
73.468,0.45
73.469,0.45
73.47,0.45
73.471,0.45
73.472,0.45
73.473,0.45
73.474,0.45
73.475,0.45
73.476,0.45
73.477,0.45
73.478,0.45
73.479,0.45
73.48,0.45
73.481,0.45
73.482,0.45
73.483,0.45
73.484,0.45
73.485,0.45
73.486,0.45
73.487,0.45
73.488,0.45
73.489,0.45
73.49,0.45
73.491,0.45
73.492,0.45
73.493,0.45
73.494,0.45
73.495,0.45
73.496,0.45
73.497,0.45
73.498,0.45
73.499,0.45
73.5,0.45
73.501,0.45
73.502,0.45
73.503,0.45
73.504,0.45
73.505,0.45
73.506,0.45
73.507,0.45
73.508,0.45
73.509,0.45
73.51,0.45
73.511,0.45
73.512,0.45
73.513,0.45
73.514,0.45
73.515,0.45
73.516,0.45
73.517,0.45
73.518,0.45
73.519,0.45
73.52,0.45
73.521,0.45
73.522,0.45
73.523,0.45
73.524,0.45
73.525,0.45
73.526,0.45
73.527,0.45
73.528,0.45
73.529,0.45
73.53,0.45
73.531,0.45
73.532,0.45
73.533,0.45
73.534,0.45
73.535,0.45
73.536,0.45
73.537,0.45
73.538,0.45
73.539,0.45
73.54,0.45
73.541,0.45
73.542,0.45
73.543,0.45
73.544,0.45
73.545,0.45
73.546,0.45
73.547,0.45
73.548,0.45
73.549,0.45
73.55,0.45
73.551,0.45
73.552,0.45
73.553,0.45
73.554,0.45
73.555,0.45
73.556,0.45
73.557,0.45
73.558,0.45
73.559,0.45
73.56,0.45
73.561,0.45
73.562,0.45
73.563,0.45
73.564,0.45
73.565,0.45
73.566,0.45
73.567,0.45
73.568,0.45
73.569,0.45
73.57,0.45
73.571,0.45
73.572,0.45
73.573,0.45
73.574,0.45
73.575,0.45
73.576,0.45
73.577,0.45
73.578,0.45
73.579,0.45
73.58,0.45
73.581,0.45
73.582,0.45
73.583,0.45
73.584,0.45
73.585,0.45
73.586,0.45
73.587,0.45
73.588,0.45
73.589,0.45
73.59,0.45
73.591,0.45
73.592,0.45
73.593,0.45
73.594,0.45
73.595,0.45
73.596,0.45
73.597,0.45
73.598,0.45
73.599,0.45
73.6,0.45
73.601,0.45
73.602,0.45
73.603,0.45
73.604,0.45
73.605,0.45
73.606,0.45
73.607,0.45
73.608,0.45
73.609,0.45
73.61,0.45
73.611,0.45
73.612,0.45
73.613,0.45
73.614,0.45
73.615,0.45
73.616,0.45
73.617,0.45
73.618,0.45
73.619,0.45
73.62,0.45
73.621,0.45
73.622,0.45
73.623,0.45
73.624,0.45
73.625,0.45
73.626,0.45
73.627,0.45
73.628,0.45
73.629,0.45
73.63,0.45
73.631,0.45
73.632,0.45
73.633,0.45
73.634,0.45
73.635,0.45
73.636,0.45
73.637,0.45
73.638,0.45
73.639,0.45
73.64,0.45
73.641,0.45
73.642,0.45
73.643,0.45
73.644,0.45
73.645,0.45
73.646,0.45
73.647,0.45
73.648,0.45
73.649,0.45
73.65,0.45
73.651,0.45
73.652,0.45
73.653,0.45
73.654,0.45
73.655,0.45
73.656,0.45
73.657,0.45
73.658,0.45
73.659,0.45
73.66,0.45
73.661,0.45
73.662,0.45
73.663,0.45
73.664,0.45
73.665,0.45
73.666,0.45
73.667,0.45
73.668,0.45
73.669,0.45
73.67,0.45
73.671,0.45
73.672,0.45
73.673,0.45
73.674,0.45
73.675,0.45
73.676,0.45
73.677,0.45
73.678,0.45
73.679,0.45
73.68,0.45
73.681,0.45
73.682,0.45
73.683,0.45
73.684,0.45
73.685,0.45
73.686,0.45
73.687,0.45
73.688,0.45
73.689,0.45
73.69,0.45
73.691,0.45
73.692,0.45
73.693,0.45
73.694,0.45
73.695,0.45
73.696,0.45
73.697,0.45
73.698,0.45
73.699,0.45
73.7,0.45
73.701,0.45
73.702,0.45
73.703,0.45
73.704,0.45
73.705,0.45
73.706,0.45
73.707,0.45
73.708,0.45
73.709,0.45
73.71,0.45
73.711,0.45
73.712,0.45
73.713,0.45
73.714,0.45
73.715,0.45
73.716,0.45
73.717,0.45
73.718,0.45
73.719,0.45
73.72,0.45
73.721,0.45
73.722,0.45
73.723,0.45
73.724,0.45
73.725,0.45
73.726,0.45
73.727,0.45
73.728,0.45
73.729,0.45
73.73,0.45
73.731,0.45
73.732,0.45
73.733,0.45
73.734,0.45
73.735,0.45
73.736,0.45
73.737,0.45
73.738,0.45
73.739,0.45
73.74,0.45
73.741,0.45
73.742,0.45
73.743,0.45
73.744,0.45
73.745,0.45
73.746,0.45
73.747,0.45
73.748,0.45
73.749,0.45
73.75,0.45
73.751,0.45
73.752,0.45
73.753,0.45
73.754,0.45
73.755,0.45
73.756,0.45
73.757,0.45
73.758,0.45
73.759,0.45
73.76,0.45
73.761,0.45
73.762,0.45
73.763,0.45
73.764,0.45
73.765,0.45
73.766,0.45
73.767,0.45
73.768,0.45
73.769,0.45
73.77,0.45
73.771,0.45
73.772,0.45
73.773,0.45
73.774,0.45
73.775,0.45
73.776,0.45
73.777,0.45
73.778,0.45
73.779,0.45
73.78,0.45
73.781,0.45
73.782,0.45
73.783,0.45
73.784,0.45
73.785,0.45
73.786,0.45
73.787,0.45
73.788,0.45
73.789,0.45
73.79,0.45
73.791,0.45
73.792,0.45
73.793,0.45
73.794,0.45
73.795,0.45
73.796,0.45
73.797,0.45
73.798,0.45
73.799,0.45
73.8,0.45
73.801,0.45
73.802,0.45
73.803,0.45
73.804,0.45
73.805,0.45
73.806,0.45
73.807,0.45
73.808,0.45
73.809,0.45
73.81,0.45
73.811,0.45
73.812,0.45
73.813,0.45
73.814,0.45
73.815,0.45
73.816,0.45
73.817,0.45
73.818,0.45
73.819,0.45
73.82,0.45
73.821,0.45
73.822,0.45
73.823,0.45
73.824,0.45
73.825,0.45
73.826,0.45
73.827,0.45
73.828,0.45
73.829,0.45
73.83,0.45
73.831,0.45
73.832,0.45
73.833,0.45
73.834,0.45
73.835,0.45
73.836,0.45
73.837,0.45
73.838,0.45
73.839,0.45
73.84,0.45
73.841,0.45
73.842,0.45
73.843,0.45
73.844,0.45
73.845,0.45
73.846,0.45
73.847,0.45
73.848,0.45
73.849,0.45
73.85,0.45
73.851,0.45
73.852,0.45
73.853,0.45
73.854,0.45
73.855,0.45
73.856,0.45
73.857,0.45
73.858,0.45
73.859,0.45
73.86,0.45
73.861,0.45
73.862,0.45
73.863,0.45
73.864,0.45
73.865,0.45
73.866,0.45
73.867,0.45
73.868,0.45
73.869,0.45
73.87,0.45
73.871,0.45
73.872,0.45
73.873,0.45
73.874,0.45
73.875,0.45
73.876,0.45
73.877,0.45
73.878,0.45
73.879,0.45
73.88,0.45
73.881,0.45
73.882,0.45
73.883,0.45
73.884,0.45
73.885,0.45
73.886,0.45
73.887,0.45
73.888,0.45
73.889,0.45
73.89,0.45
73.891,0.45
73.892,0.45
73.893,0.45
73.894,0.45
73.895,0.45
73.896,0.45
73.897,0.45
73.898,0.45
73.899,0.45
73.9,0.45
73.901,0.45
73.902,0.45
73.903,0.45
73.904,0.45
73.905,0.45
73.906,0.45
73.907,0.45
73.908,0.45
73.909,0.45
73.91,0.45
73.911,0.45
73.912,0.45
73.913,0.45
73.914,0.45
73.915,0.45
73.916,0.45
73.917,0.45
73.918,0.45
73.919,0.45
73.92,0.45
73.921,0.45
73.922,0.45
73.923,0.45
73.924,0.45
73.925,0.45
73.926,0.45
73.927,0.45
73.928,0.45
73.929,0.45
73.93,0.45
73.931,0.45
73.932,0.45
73.933,0.45
73.934,0.45
73.935,0.45
73.936,0.45
73.937,0.45
73.938,0.45
73.939,0.45
73.94,0.45
73.941,0.45
73.942,0.45
73.943,0.45
73.944,0.45
73.945,0.45
73.946,0.45
73.947,0.45
73.948,0.45
73.949,0.45
73.95,0.45
73.951,0.45
73.952,0.45
73.953,0.45
73.954,0.45
73.955,0.45
73.956,0.45
73.957,0.45
73.958,0.45
73.959,0.45
73.96,0.45
73.961,0.45
73.962,0.45
73.963,0.45
73.964,0.45
73.965,0.45
73.966,0.45
73.967,0.45
73.968,0.45
73.969,0.45
73.97,0.45
73.971,0.45
73.972,0.45
73.973,0.45
73.974,0.45
73.975,0.45
73.976,0.45
73.977,0.45
73.978,0.45
73.979,0.45
73.98,0.45
73.981,0.45
73.982,0.45
73.983,0.45
73.984,0.45
73.985,0.45
73.986,0.45
73.987,0.45
73.988,0.45
73.989,0.45
73.99,0.45
73.991,0.45
73.992,0.45
73.993,0.45
73.994,0.45
73.995,0.45
73.996,0.45
73.997,0.45
73.998,0.45
73.999,0.45
74.0,0.45
74.001,0.45
74.002,0.45
74.003,0.45
74.004,0.45
74.005,0.45
74.006,0.45
74.007,0.45
74.008,0.45
74.009,0.45
74.01,0.45
74.011,0.45
74.012,0.45
74.013,0.45
74.014,0.45
74.015,0.45
74.016,0.45
74.017,0.45
74.018,0.45
74.019,0.45
74.02,0.45
74.021,0.45
74.022,0.45
74.023,0.45
74.024,0.45
74.025,0.45
74.026,0.45
74.027,0.45
74.028,0.45
74.029,0.45
74.03,0.45
74.031,0.45
74.032,0.45
74.033,0.45
74.034,0.45
74.035,0.45
74.036,0.45
74.037,0.45
74.038,0.45
74.039,0.45
74.04,0.45
74.041,0.45
74.042,0.45
74.043,0.45
74.044,0.45
74.045,0.45
74.046,0.45
74.047,0.45
74.048,0.45
74.049,0.45
74.05,0.45
74.051,0.45
74.052,0.45
74.053,0.45
74.054,0.45
74.055,0.45
74.056,0.45
74.057,0.45
74.058,0.45
74.059,0.45
74.06,0.45
74.061,0.45
74.062,0.45
74.063,0.45
74.064,0.45
74.065,0.45
74.066,0.45
74.067,0.45
74.068,0.45
74.069,0.45
74.07,0.45
74.071,0.45
74.072,0.45
74.073,0.45
74.074,0.45
74.075,0.45
74.076,0.45
74.077,0.45
74.078,0.45
74.079,0.45
74.08,0.45
74.081,0.45
74.082,0.45
74.083,0.45
74.084,0.45
74.085,0.45
74.086,0.45
74.087,0.45
74.088,0.45
74.089,0.45
74.09,0.45
74.091,0.45
74.092,0.45
74.093,0.45
74.094,0.45
74.095,0.45
74.096,0.45
74.097,0.45
74.098,0.45
74.099,0.45
74.1,0.45
74.101,0.45
74.102,0.45
74.103,0.45
74.104,0.45
74.105,0.45
74.106,0.45
74.107,0.45
74.108,0.45
74.109,0.45
74.11,0.45
74.111,0.45
74.112,0.45
74.113,0.45
74.114,0.45
74.115,0.45
74.116,0.45
74.117,0.45
74.118,0.45
74.119,0.45
74.12,0.45
74.121,0.45
74.122,0.45
74.123,0.45
74.124,0.45
74.125,0.45
74.126,0.45
74.127,0.45
74.128,0.45
74.129,0.45
74.13,0.45
74.131,0.45
74.132,0.45
74.133,0.45
74.134,0.45
74.135,0.45
74.136,0.45
74.137,0.45
74.138,0.45
74.139,0.45
74.14,0.45
74.141,0.45
74.142,0.45
74.143,0.45
74.144,0.45
74.145,0.45
74.146,0.45
74.147,0.45
74.148,0.45
74.149,0.45
74.15,0.45
74.151,0.45
74.152,0.45
74.153,0.45
74.154,0.45
74.155,0.45
74.156,0.45
74.157,0.45
74.158,0.45
74.159,0.45
74.16,0.45
74.161,0.45
74.162,0.45
74.163,0.45
74.164,0.45
74.165,0.45
74.166,0.45
74.167,0.45
74.168,0.45
74.169,0.45
74.17,0.45
74.171,0.45
74.172,0.45
74.173,0.45
74.174,0.45
74.175,0.45
74.176,0.45
74.177,0.45
74.178,0.45
74.179,0.45
74.18,0.45
74.181,0.45
74.182,0.45
74.183,0.45
74.184,0.45
74.185,0.45
74.186,0.45
74.187,0.45
74.188,0.45
74.189,0.45
74.19,0.45
74.191,0.45
74.192,0.45
74.193,0.45
74.194,0.45
74.195,0.45
74.196,0.45
74.197,0.45
74.198,0.45
74.199,0.45
74.2,0.45
74.201,0.45
74.202,0.45
74.203,0.45
74.204,0.45
74.205,0.45
74.206,0.45
74.207,0.45
74.208,0.45
74.209,0.45
74.21,0.45
74.211,0.45
74.212,0.45
74.213,0.45
74.214,0.45
74.215,0.45
74.216,0.45
74.217,0.45
74.218,0.45
74.219,0.45
74.22,0.45
74.221,0.45
74.222,0.45
74.223,0.45
74.224,0.45
74.225,0.45
74.226,0.45
74.227,0.45
74.228,0.45
74.229,0.45
74.23,0.45
74.231,0.45
74.232,0.45
74.233,0.45
74.234,0.45
74.235,0.45
74.236,0.45
74.237,0.45
74.238,0.45
74.239,0.45
74.24,0.45
74.241,0.45
74.242,0.45
74.243,0.45
74.244,0.45
74.245,0.45
74.246,0.45
74.247,0.45
74.248,0.45
74.249,0.45
74.25,0.45
74.251,0.45
74.252,0.45
74.253,0.45
74.254,0.45
74.255,0.45
74.256,0.45
74.257,0.45
74.258,0.45
74.259,0.45
74.26,0.45
74.261,0.45
74.262,0.45
74.263,0.45
74.264,0.45
74.265,0.45
74.266,0.45
74.267,0.45
74.268,0.45
74.269,0.45
74.27,0.45
74.271,0.45
74.272,0.45
74.273,0.45
74.274,0.45
74.275,0.45
74.276,0.45
74.277,0.45
74.278,0.45
74.279,0.45
74.28,0.45
74.281,0.45
74.282,0.45
74.283,0.45
74.284,0.45
74.285,0.45
74.286,0.45
74.287,0.45
74.288,0.45
74.289,0.45
74.29,0.45
74.291,0.45
74.292,0.45
74.293,0.45
74.294,0.45
74.295,0.45
74.296,0.45
74.297,0.45
74.298,0.45
74.299,0.45
74.3,0.45
74.301,0.45
74.302,0.45
74.303,0.45
74.304,0.45
74.305,0.45
74.306,0.45
74.307,0.45
74.308,0.45
74.309,0.45
74.31,0.45
74.311,0.45
74.312,0.45
74.313,0.45
74.314,0.45
74.315,0.45
74.316,0.45
74.317,0.45
74.318,0.45
74.319,0.45
74.32,0.45
74.321,0.45
74.322,0.45
74.323,0.45
74.324,0.45
74.325,0.45
74.326,0.45
74.327,0.45
74.328,0.45
74.329,0.45
74.33,0.45
74.331,0.45
74.332,0.45
74.333,0.45
74.334,0.45
74.335,0.45
74.336,0.45
74.337,0.45
74.338,0.45
74.339,0.45
74.34,0.45
74.341,0.45
74.342,0.45
74.343,0.45
74.344,0.45
74.345,0.45
74.346,0.45
74.347,0.45
74.348,0.45
74.349,0.45
74.35,0.45
74.351,0.45
74.352,0.45
74.353,0.45
74.354,0.45
74.355,0.45
74.356,0.45
74.357,0.45
74.358,0.45
74.359,0.45
74.36,0.45
74.361,0.45
74.362,0.45
74.363,0.45
74.364,0.45
74.365,0.45
74.366,0.45
74.367,0.45
74.368,0.45
74.369,0.45
74.37,0.45
74.371,0.45
74.372,0.45
74.373,0.45
74.374,0.45
74.375,0.45
74.376,0.45
74.377,0.45
74.378,0.45
74.379,0.45
74.38,0.45
74.381,0.45
74.382,0.45
74.383,0.45
74.384,0.45
74.385,0.45
74.386,0.45
74.387,0.45
74.388,0.45
74.389,0.45
74.39,0.45
74.391,0.45
74.392,0.45
74.393,0.45
74.394,0.45
74.395,0.45
74.396,0.45
74.397,0.45
74.398,0.45
74.399,0.45
74.4,0.45
74.401,0.45
74.402,0.45
74.403,0.45
74.404,0.45
74.405,0.45
74.406,0.45
74.407,0.45
74.408,0.45
74.409,0.45
74.41,0.45
74.411,0.45
74.412,0.45
74.413,0.45
74.414,0.45
74.415,0.45
74.416,0.45
74.417,0.45
74.418,0.45
74.419,0.45
74.42,0.45
74.421,0.45
74.422,0.45
74.423,0.45
74.424,0.45
74.425,0.45
74.426,0.45
74.427,0.45
74.428,0.45
74.429,0.45
74.43,0.45
74.431,0.45
74.432,0.45
74.433,0.45
74.434,0.45
74.435,0.45
74.436,0.45
74.437,0.45
74.438,0.45
74.439,0.45
74.44,0.45
74.441,0.45
74.442,0.45
74.443,0.45
74.444,0.45
74.445,0.45
74.446,0.45
74.447,0.45
74.448,0.45
74.449,0.45
74.45,0.45
74.451,0.45
74.452,0.45
74.453,0.45
74.454,0.45
74.455,0.45
74.456,0.45
74.457,0.45
74.458,0.45
74.459,0.45
74.46,0.45
74.461,0.45
74.462,0.45
74.463,0.45
74.464,0.45
74.465,0.45
74.466,0.45
74.467,0.45
74.468,0.45
74.469,0.45
74.47,0.45
74.471,0.45
74.472,0.45
74.473,0.45
74.474,0.45
74.475,0.45
74.476,0.45
74.477,0.45
74.478,0.45
74.479,0.45
74.48,0.45
74.481,0.45
74.482,0.45
74.483,0.45
74.484,0.45
74.485,0.45
74.486,0.45
74.487,0.45
74.488,0.45
74.489,0.45
74.49,0.45
74.491,0.45
74.492,0.45
74.493,0.45
74.494,0.45
74.495,0.45
74.496,0.45
74.497,0.45
74.498,0.45
74.499,0.45
74.5,0.45
74.501,0.45
74.502,0.45
74.503,0.45
74.504,0.45
74.505,0.45
74.506,0.45
74.507,0.45
74.508,0.45
74.509,0.45
74.51,0.45
74.511,0.45
74.512,0.45
74.513,0.45
74.514,0.45
74.515,0.45
74.516,0.45
74.517,0.45
74.518,0.45
74.519,0.45
74.52,0.45
74.521,0.45
74.522,0.45
74.523,0.45
74.524,0.45
74.525,0.45
74.526,0.45
74.527,0.45
74.528,0.45
74.529,0.45
74.53,0.45
74.531,0.45
74.532,0.45
74.533,0.45
74.534,0.45
74.535,0.45
74.536,0.45
74.537,0.45
74.538,0.45
74.539,0.45
74.54,0.45
74.541,0.45
74.542,0.45
74.543,0.45
74.544,0.45
74.545,0.45
74.546,0.45
74.547,0.45
74.548,0.45
74.549,0.45
74.55,0.45
74.551,0.45
74.552,0.45
74.553,0.45
74.554,0.45
74.555,0.45
74.556,0.45
74.557,0.45
74.558,0.45
74.559,0.45
74.56,0.45
74.561,0.45
74.562,0.45
74.563,0.45
74.564,0.45
74.565,0.45
74.566,0.45
74.567,0.45
74.568,0.45
74.569,0.45
74.57,0.45
74.571,0.45
74.572,0.45
74.573,0.45
74.574,0.45
74.575,0.45
74.576,0.45
74.577,0.45
74.578,0.45
74.579,0.45
74.58,0.45
74.581,0.45
74.582,0.45
74.583,0.45
74.584,0.45
74.585,0.45
74.586,0.45
74.587,0.45
74.588,0.45
74.589,0.45
74.59,0.45
74.591,0.45
74.592,0.45
74.593,0.45
74.594,0.45
74.595,0.45
74.596,0.45
74.597,0.45
74.598,0.45
74.599,0.45
74.6,0.45
74.601,0.45
74.602,0.45
74.603,0.45
74.604,0.45
74.605,0.45
74.606,0.45
74.607,0.45
74.608,0.45
74.609,0.45
74.61,0.45
74.611,0.45
74.612,0.45
74.613,0.45
74.614,0.45
74.615,0.45
74.616,0.45
74.617,0.45
74.618,0.45
74.619,0.45
74.62,0.45
74.621,0.45
74.622,0.45
74.623,0.45
74.624,0.45
74.625,0.45
74.626,0.45
74.627,0.45
74.628,0.45
74.629,0.45
74.63,0.45
74.631,0.45
74.632,0.45
74.633,0.45
74.634,0.45
74.635,0.45
74.636,0.45
74.637,0.45
74.638,0.45
74.639,0.45
74.64,0.45
74.641,0.45
74.642,0.45
74.643,0.45
74.644,0.45
74.645,0.45
74.646,0.45
74.647,0.45
74.648,0.45
74.649,0.45
74.65,0.45
74.651,0.45
74.652,0.45
74.653,0.45
74.654,0.45
74.655,0.45
74.656,0.45
74.657,0.45
74.658,0.45
74.659,0.45
74.66,0.45
74.661,0.45
74.662,0.45
74.663,0.45
74.664,0.45
74.665,0.45
74.666,0.45
74.667,0.45
74.668,0.45
74.669,0.45
74.67,0.45
74.671,0.45
74.672,0.45
74.673,0.45
74.674,0.45
74.675,0.45
74.676,0.45
74.677,0.45
74.678,0.45
74.679,0.45
74.68,0.45
74.681,0.45
74.682,0.45
74.683,0.45
74.684,0.45
74.685,0.45
74.686,0.45
74.687,0.45
74.688,0.45
74.689,0.45
74.69,0.45
74.691,0.45
74.692,0.45
74.693,0.45
74.694,0.45
74.695,0.45
74.696,0.45
74.697,0.45
74.698,0.45
74.699,0.45
74.7,0.45
74.701,0.45
74.702,0.45
74.703,0.45
74.704,0.45
74.705,0.45
74.706,0.45
74.707,0.45
74.708,0.45
74.709,0.45
74.71,0.45
74.711,0.45
74.712,0.45
74.713,0.45
74.714,0.45
74.715,0.45
74.716,0.45
74.717,0.45
74.718,0.45
74.719,0.45
74.72,0.45
74.721,0.45
74.722,0.45
74.723,0.45
74.724,0.45
74.725,0.45
74.726,0.45
74.727,0.45
74.728,0.45
74.729,0.45
74.73,0.45
74.731,0.45
74.732,0.45
74.733,0.45
74.734,0.45
74.735,0.45
74.736,0.45
74.737,0.45
74.738,0.45
74.739,0.45
74.74,0.45
74.741,0.45
74.742,0.45
74.743,0.45
74.744,0.45
74.745,0.45
74.746,0.45
74.747,0.45
74.748,0.45
74.749,0.45
74.75,0.45
74.751,0.45
74.752,0.45
74.753,0.45
74.754,0.45
74.755,0.45
74.756,0.45
74.757,0.45
74.758,0.45
74.759,0.45
74.76,0.45
74.761,0.45
74.762,0.45
74.763,0.45
74.764,0.45
74.765,0.45
74.766,0.45
74.767,0.45
74.768,0.45
74.769,0.45
74.77,0.45
74.771,0.45
74.772,0.45
74.773,0.45
74.774,0.45
74.775,0.45
74.776,0.45
74.777,0.45
74.778,0.45
74.779,0.45
74.78,0.45
74.781,0.45
74.782,0.45
74.783,0.45
74.784,0.45
74.785,0.45
74.786,0.45
74.787,0.45
74.788,0.45
74.789,0.45
74.79,0.45
74.791,0.45
74.792,0.45
74.793,0.45
74.794,0.45
74.795,0.45
74.796,0.45
74.797,0.45
74.798,0.45
74.799,0.45
74.8,0.45
74.801,0.45
74.802,0.45
74.803,0.45
74.804,0.45
74.805,0.45
74.806,0.45
74.807,0.45
74.808,0.45
74.809,0.45
74.81,0.45
74.811,0.45
74.812,0.45
74.813,0.45
74.814,0.45
74.815,0.45
74.816,0.45
74.817,0.45
74.818,0.45
74.819,0.45
74.82,0.45
74.821,0.45
74.822,0.45
74.823,0.45
74.824,0.45
74.825,0.45
74.826,0.45
74.827,0.45
74.828,0.45
74.829,0.45
74.83,0.45
74.831,0.45
74.832,0.45
74.833,0.45
74.834,0.45
74.835,0.45
74.836,0.45
74.837,0.45
74.838,0.45
74.839,0.45
74.84,0.45
74.841,0.45
74.842,0.45
74.843,0.45
74.844,0.45
74.845,0.45
74.846,0.45
74.847,0.45
74.848,0.45
74.849,0.45
74.85,0.45
74.851,0.45
74.852,0.45
74.853,0.45
74.854,0.45
74.855,0.45
74.856,0.45
74.857,0.45
74.858,0.45
74.859,0.45
74.86,0.45
74.861,0.45
74.862,0.45
74.863,0.45
74.864,0.45
74.865,0.45
74.866,0.45
74.867,0.45
74.868,0.45
74.869,0.45
74.87,0.45
74.871,0.45
74.872,0.45
74.873,0.45
74.874,0.45
74.875,0.45
74.876,0.45
74.877,0.45
74.878,0.45
74.879,0.45
74.88,0.45
74.881,0.45
74.882,0.45
74.883,0.45
74.884,0.45
74.885,0.45
74.886,0.45
74.887,0.45
74.888,0.45
74.889,0.45
74.89,0.45
74.891,0.45
74.892,0.45
74.893,0.45
74.894,0.45
74.895,0.45
74.896,0.45
74.897,0.45
74.898,0.45
74.899,0.45
74.9,0.45
74.901,0.45
74.902,0.45
74.903,0.45
74.904,0.45
74.905,0.45
74.906,0.45
74.907,0.45
74.908,0.45
74.909,0.45
74.91,0.45
74.911,0.45
74.912,0.45
74.913,0.45
74.914,0.45
74.915,0.45
74.916,0.45
74.917,0.45
74.918,0.45
74.919,0.45
74.92,0.45
74.921,0.45
74.922,0.45
74.923,0.45
74.924,0.45
74.925,0.45
74.926,0.45
74.927,0.45
74.928,0.45
74.929,0.45
74.93,0.45
74.931,0.45
74.932,0.45
74.933,0.45
74.934,0.45
74.935,0.45
74.936,0.45
74.937,0.45
74.938,0.45
74.939,0.45
74.94,0.45
74.941,0.45
74.942,0.45
74.943,0.45
74.944,0.45
74.945,0.45
74.946,0.45
74.947,0.45
74.948,0.45
74.949,0.45
74.95,0.45
74.951,0.45
74.952,0.45
74.953,0.45
74.954,0.45
74.955,0.45
74.956,0.45
74.957,0.45
74.958,0.45
74.959,0.45
74.96,0.45
74.961,0.45
74.962,0.45
74.963,0.45
74.964,0.45
74.965,0.45
74.966,0.45
74.967,0.45
74.968,0.45
74.969,0.45
74.97,0.45
74.971,0.45
74.972,0.45
74.973,0.45
74.974,0.45
74.975,0.45
74.976,0.45
74.977,0.45
74.978,0.45
74.979,0.45
74.98,0.45
74.981,0.45
74.982,0.45
74.983,0.45
74.984,0.45
74.985,0.45
74.986,0.45
74.987,0.45
74.988,0.45
74.989,0.45
74.99,0.45
74.991,0.45
74.992,0.45
74.993,0.45
74.994,0.45
74.995,0.45
74.996,0.45
74.997,0.45
74.998,0.45
74.999,0.45
75.0,0.45
75.001,0.45
75.002,0.45
75.003,0.45
75.004,0.45
75.005,0.45
75.006,0.45
75.007,0.45
75.008,0.45
75.009,0.45
75.01,0.45
75.011,0.45
75.012,0.45
75.013,0.45
75.014,0.45
75.015,0.45
75.016,0.45
75.017,0.45
75.018,0.45
75.019,0.45
75.02,0.45
75.021,0.45
75.022,0.45
75.023,0.45
75.024,0.45
75.025,0.45
75.026,0.45
75.027,0.45
75.028,0.45
75.029,0.45
75.03,0.45
75.031,0.45
75.032,0.45
75.033,0.45
75.034,0.45
75.035,0.45
75.036,0.45
75.037,0.45
75.038,0.45
75.039,0.45
75.04,0.45
75.041,0.45
75.042,0.45
75.043,0.45
75.044,0.45
75.045,0.45
75.046,0.45
75.047,0.45
75.048,0.45
75.049,0.45
75.05,0.45
75.051,0.45
75.052,0.45
75.053,0.45
75.054,0.45
75.055,0.45
75.056,0.45
75.057,0.45
75.058,0.45
75.059,0.45
75.06,0.45
75.061,0.45
75.062,0.45
75.063,0.45
75.064,0.45
75.065,0.45
75.066,0.45
75.067,0.45
75.068,0.45
75.069,0.45
75.07,0.45
75.071,0.45
75.072,0.45
75.073,0.45
75.074,0.45
75.075,0.45
75.076,0.45
75.077,0.45
75.078,0.45
75.079,0.45
75.08,0.45
75.081,0.45
75.082,0.45
75.083,0.45
75.084,0.45
75.085,0.45
75.086,0.45
75.087,0.45
75.088,0.45
75.089,0.45
75.09,0.45
75.091,0.45
75.092,0.45
75.093,0.45
75.094,0.45
75.095,0.45
75.096,0.45
75.097,0.45
75.098,0.45
75.099,0.45
75.1,0.45
75.101,0.45
75.102,0.45
75.103,0.45
75.104,0.45
75.105,0.45
75.106,0.45
75.107,0.45
75.108,0.45
75.109,0.45
75.11,0.45
75.111,0.45
75.112,0.45
75.113,0.45
75.114,0.45
75.115,0.45
75.116,0.45
75.117,0.45
75.118,0.45
75.119,0.45
75.12,0.45
75.121,0.45
75.122,0.45
75.123,0.45
75.124,0.45
75.125,0.45
75.126,0.45
75.127,0.45
75.128,0.45
75.129,0.45
75.13,0.45
75.131,0.45
75.132,0.45
75.133,0.45
75.134,0.45
75.135,0.45
75.136,0.45
75.137,0.45
75.138,0.45
75.139,0.45
75.14,0.45
75.141,0.45
75.142,0.45
75.143,0.45
75.144,0.45
75.145,0.45
75.146,0.45
75.147,0.45
75.148,0.45
75.149,0.45
75.15,0.45
75.151,0.45
75.152,0.45
75.153,0.45
75.154,0.45
75.155,0.45
75.156,0.45
75.157,0.45
75.158,0.45
75.159,0.45
75.16,0.45
75.161,0.45
75.162,0.45
75.163,0.45
75.164,0.45
75.165,0.45
75.166,0.45
75.167,0.45
75.168,0.45
75.169,0.45
75.17,0.45
75.171,0.45
75.172,0.45
75.173,0.45
75.174,0.45
75.175,0.45
75.176,0.45
75.177,0.45
75.178,0.45
75.179,0.45
75.18,0.45
75.181,0.45
75.182,0.45
75.183,0.45
75.184,0.45
75.185,0.45
75.186,0.45
75.187,0.45
75.188,0.45
75.189,0.45
75.19,0.45
75.191,0.45
75.192,0.45
75.193,0.45
75.194,0.45
75.195,0.45
75.196,0.45
75.197,0.45
75.198,0.45
75.199,0.45
75.2,0.45
75.201,0.45
75.202,0.45
75.203,0.45
75.204,0.45
75.205,0.45
75.206,0.45
75.207,0.45
75.208,0.45
75.209,0.45
75.21,0.45
75.211,0.45
75.212,0.45
75.213,0.45
75.214,0.45
75.215,0.45
75.216,0.45
75.217,0.45
75.218,0.45
75.219,0.45
75.22,0.45
75.221,0.45
75.222,0.45
75.223,0.45
75.224,0.45
75.225,0.45
75.226,0.45
75.227,0.45
75.228,0.45
75.229,0.45
75.23,0.45
75.231,0.45
75.232,0.45
75.233,0.45
75.234,0.45
75.235,0.45
75.236,0.45
75.237,0.45
75.238,0.45
75.239,0.45
75.24,0.45
75.241,0.45
75.242,0.45
75.243,0.45
75.244,0.45
75.245,0.45
75.246,0.45
75.247,0.45
75.248,0.45
75.249,0.45
75.25,0.45
75.251,0.45
75.252,0.45
75.253,0.45
75.254,0.45
75.255,0.45
75.256,0.45
75.257,0.45
75.258,0.45
75.259,0.45
75.26,0.45
75.261,0.45
75.262,0.45
75.263,0.45
75.264,0.45
75.265,0.45
75.266,0.45
75.267,0.45
75.268,0.45
75.269,0.45
75.27,0.45
75.271,0.45
75.272,0.45
75.273,0.45
75.274,0.45
75.275,0.45
75.276,0.45
75.277,0.45
75.278,0.45
75.279,0.45
75.28,0.45
75.281,0.45
75.282,0.45
75.283,0.45
75.284,0.45
75.285,0.45
75.286,0.45
75.287,0.45
75.288,0.45
75.289,0.45
75.29,0.45
75.291,0.45
75.292,0.45
75.293,0.45
75.294,0.45
75.295,0.45
75.296,0.45
75.297,0.45
75.298,0.45
75.299,0.45
75.3,0.45
75.301,0.45
75.302,0.45
75.303,0.45
75.304,0.45
75.305,0.45
75.306,0.45
75.307,0.45
75.308,0.45
75.309,0.45
75.31,0.45
75.311,0.45
75.312,0.45
75.313,0.45
75.314,0.45
75.315,0.45
75.316,0.45
75.317,0.45
75.318,0.45
75.319,0.45
75.32,0.45
75.321,0.45
75.322,0.45
75.323,0.45
75.324,0.45
75.325,0.45
75.326,0.45
75.327,0.45
75.328,0.45
75.329,0.45
75.33,0.45
75.331,0.45
75.332,0.45
75.333,0.45
75.334,0.45
75.335,0.45
75.336,0.45
75.337,0.45
75.338,0.45
75.339,0.45
75.34,0.45
75.341,0.45
75.342,0.45
75.343,0.45
75.344,0.45
75.345,0.45
75.346,0.45
75.347,0.45
75.348,0.45
75.349,0.45
75.35,0.45
75.351,0.45
75.352,0.45
75.353,0.45
75.354,0.45
75.355,0.45
75.356,0.45
75.357,0.45
75.358,0.45
75.359,0.45
75.36,0.45
75.361,0.45
75.362,0.45
75.363,0.45
75.364,0.45
75.365,0.45
75.366,0.45
75.367,0.45
75.368,0.45
75.369,0.45
75.37,0.45
75.371,0.45
75.372,0.45
75.373,0.45
75.374,0.45
75.375,0.45
75.376,0.45
75.377,0.45
75.378,0.45
75.379,0.45
75.38,0.45
75.381,0.45
75.382,0.45
75.383,0.45
75.384,0.45
75.385,0.45
75.386,0.45
75.387,0.45
75.388,0.45
75.389,0.45
75.39,0.45
75.391,0.45
75.392,0.45
75.393,0.45
75.394,0.45
75.395,0.45
75.396,0.45
75.397,0.45
75.398,0.45
75.399,0.45
75.4,0.45
75.401,0.45
75.402,0.45
75.403,0.45
75.404,0.45
75.405,0.45
75.406,0.45
75.407,0.45
75.408,0.45
75.409,0.45
75.41,0.45
75.411,0.45
75.412,0.45
75.413,0.45
75.414,0.45
75.415,0.45
75.416,0.45
75.417,0.45
75.418,0.45
75.419,0.45
75.42,0.45
75.421,0.45
75.422,0.45
75.423,0.45
75.424,0.45
75.425,0.45
75.426,0.45
75.427,0.45
75.428,0.45
75.429,0.45
75.43,0.45
75.431,0.45
75.432,0.45
75.433,0.45
75.434,0.45
75.435,0.45
75.436,0.45
75.437,0.45
75.438,0.45
75.439,0.45
75.44,0.45
75.441,0.45
75.442,0.45
75.443,0.45
75.444,0.45
75.445,0.45
75.446,0.45
75.447,0.45
75.448,0.45
75.449,0.45
75.45,0.45
75.451,0.45
75.452,0.45
75.453,0.45
75.454,0.45
75.455,0.45
75.456,0.45
75.457,0.45
75.458,0.45
75.459,0.45
75.46,0.45
75.461,0.45
75.462,0.45
75.463,0.45
75.464,0.45
75.465,0.45
75.466,0.45
75.467,0.45
75.468,0.45
75.469,0.45
75.47,0.45
75.471,0.45
75.472,0.45
75.473,0.45
75.474,0.45
75.475,0.45
75.476,0.45
75.477,0.45
75.478,0.45
75.479,0.45
75.48,0.45
75.481,0.45
75.482,0.45
75.483,0.45
75.484,0.45
75.485,0.45
75.486,0.45
75.487,0.45
75.488,0.45
75.489,0.45
75.49,0.45
75.491,0.45
75.492,0.45
75.493,0.45
75.494,0.45
75.495,0.45
75.496,0.45
75.497,0.45
75.498,0.45
75.499,0.45
75.5,0.45
75.501,0.45
75.502,0.45
75.503,0.45
75.504,0.45
75.505,0.45
75.506,0.45
75.507,0.45
75.508,0.45
75.509,0.45
75.51,0.45
75.511,0.45
75.512,0.45
75.513,0.45
75.514,0.45
75.515,0.45
75.516,0.45
75.517,0.45
75.518,0.45
75.519,0.45
75.52,0.45
75.521,0.45
75.522,0.45
75.523,0.45
75.524,0.45
75.525,0.45
75.526,0.45
75.527,0.45
75.528,0.45
75.529,0.45
75.53,0.45
75.531,0.45
75.532,0.45
75.533,0.45
75.534,0.45
75.535,0.45
75.536,0.45
75.537,0.45
75.538,0.45
75.539,0.45
75.54,0.45
75.541,0.45
75.542,0.45
75.543,0.45
75.544,0.45
75.545,0.45
75.546,0.45
75.547,0.45
75.548,0.45
75.549,0.45
75.55,0.45
75.551,0.45
75.552,0.45
75.553,0.45
75.554,0.45
75.555,0.45
75.556,0.45
75.557,0.45
75.558,0.45
75.559,0.45
75.56,0.45
75.561,0.45
75.562,0.45
75.563,0.45
75.564,0.45
75.565,0.45
75.566,0.45
75.567,0.45
75.568,0.45
75.569,0.45
75.57,0.45
75.571,0.45
75.572,0.45
75.573,0.45
75.574,0.45
75.575,0.45
75.576,0.45
75.577,0.45
75.578,0.45
75.579,0.45
75.58,0.45
75.581,0.45
75.582,0.45
75.583,0.45
75.584,0.45
75.585,0.45
75.586,0.45
75.587,0.45
75.588,0.45
75.589,0.45
75.59,0.45
75.591,0.45
75.592,0.45
75.593,0.45
75.594,0.45
75.595,0.45
75.596,0.45
75.597,0.45
75.598,0.45
75.599,0.45
75.6,0.45
75.601,0.45
75.602,0.45
75.603,0.45
75.604,0.45
75.605,0.45
75.606,0.45
75.607,0.45
75.608,0.45
75.609,0.45
75.61,0.45
75.611,0.45
75.612,0.45
75.613,0.45
75.614,0.45
75.615,0.45
75.616,0.45
75.617,0.45
75.618,0.45
75.619,0.45
75.62,0.45
75.621,0.45
75.622,0.45
75.623,0.45
75.624,0.45
75.625,0.45
75.626,0.45
75.627,0.45
75.628,0.45
75.629,0.45
75.63,0.45
75.631,0.45
75.632,0.45
75.633,0.45
75.634,0.45
75.635,0.45
75.636,0.45
75.637,0.45
75.638,0.45
75.639,0.45
75.64,0.45
75.641,0.45
75.642,0.45
75.643,0.45
75.644,0.45
75.645,0.45
75.646,0.45
75.647,0.45
75.648,0.45
75.649,0.45
75.65,0.45
75.651,0.45
75.652,0.45
75.653,0.45
75.654,0.45
75.655,0.45
75.656,0.45
75.657,0.45
75.658,0.45
75.659,0.45
75.66,0.45
75.661,0.45
75.662,0.45
75.663,0.45
75.664,0.45
75.665,0.45
75.666,0.45
75.667,0.45
75.668,0.45
75.669,0.45
75.67,0.45
75.671,0.45
75.672,0.45
75.673,0.45
75.674,0.45
75.675,0.45
75.676,0.45
75.677,0.45
75.678,0.45
75.679,0.45
75.68,0.45
75.681,0.45
75.682,0.45
75.683,0.45
75.684,0.45
75.685,0.45
75.686,0.45
75.687,0.45
75.688,0.45
75.689,0.45
75.69,0.45
75.691,0.45
75.692,0.45
75.693,0.45
75.694,0.45
75.695,0.45
75.696,0.45
75.697,0.45
75.698,0.45
75.699,0.45
75.7,0.45
75.701,0.45
75.702,0.45
75.703,0.45
75.704,0.45
75.705,0.45
75.706,0.45
75.707,0.45
75.708,0.45
75.709,0.45
75.71,0.45
75.711,0.45
75.712,0.45
75.713,0.45
75.714,0.45
75.715,0.45
75.716,0.45
75.717,0.45
75.718,0.45
75.719,0.45
75.72,0.45
75.721,0.45
75.722,0.45
75.723,0.45
75.724,0.45
75.725,0.45
75.726,0.45
75.727,0.45
75.728,0.45
75.729,0.45
75.73,0.45
75.731,0.45
75.732,0.45
75.733,0.45
75.734,0.45
75.735,0.45
75.736,0.45
75.737,0.45
75.738,0.45
75.739,0.45
75.74,0.45
75.741,0.45
75.742,0.45
75.743,0.45
75.744,0.45
75.745,0.45
75.746,0.45
75.747,0.45
75.748,0.45
75.749,0.45
75.75,0.45
75.751,0.45
75.752,0.45
75.753,0.45
75.754,0.45
75.755,0.45
75.756,0.45
75.757,0.45
75.758,0.45
75.759,0.45
75.76,0.45
75.761,0.45
75.762,0.45
75.763,0.45
75.764,0.45
75.765,0.45
75.766,0.45
75.767,0.45
75.768,0.45
75.769,0.45
75.77,0.45
75.771,0.45
75.772,0.45
75.773,0.45
75.774,0.45
75.775,0.45
75.776,0.45
75.777,0.45
75.778,0.45
75.779,0.45
75.78,0.45
75.781,0.45
75.782,0.45
75.783,0.45
75.784,0.45
75.785,0.45
75.786,0.45
75.787,0.45
75.788,0.45
75.789,0.45
75.79,0.45
75.791,0.45
75.792,0.45
75.793,0.45
75.794,0.45
75.795,0.45
75.796,0.45
75.797,0.45
75.798,0.45
75.799,0.45
75.8,0.45
75.801,0.45
75.802,0.45
75.803,0.45
75.804,0.45
75.805,0.45
75.806,0.45
75.807,0.45
75.808,0.45
75.809,0.45
75.81,0.45
75.811,0.45
75.812,0.45
75.813,0.45
75.814,0.45
75.815,0.45
75.816,0.45
75.817,0.45
75.818,0.45
75.819,0.45
75.82,0.45
75.821,0.45
75.822,0.45
75.823,0.45
75.824,0.45
75.825,0.45
75.826,0.45
75.827,0.45
75.828,0.45
75.829,0.45
75.83,0.45
75.831,0.45
75.832,0.45
75.833,0.45
75.834,0.45
75.835,0.45
75.836,0.45
75.837,0.45
75.838,0.45
75.839,0.45
75.84,0.45
75.841,0.45
75.842,0.45
75.843,0.45
75.844,0.45
75.845,0.45
75.846,0.45
75.847,0.45
75.848,0.45
75.849,0.45
75.85,0.45
75.851,0.45
75.852,0.45
75.853,0.45
75.854,0.45
75.855,0.45
75.856,0.45
75.857,0.45
75.858,0.45
75.859,0.45
75.86,0.45
75.861,0.45
75.862,0.45
75.863,0.45
75.864,0.45
75.865,0.45
75.866,0.45
75.867,0.45
75.868,0.45
75.869,0.45
75.87,0.45
75.871,0.45
75.872,0.45
75.873,0.45
75.874,0.45
75.875,0.45
75.876,0.45
75.877,0.45
75.878,0.45
75.879,0.45
75.88,0.45
75.881,0.45
75.882,0.45
75.883,0.45
75.884,0.45
75.885,0.45
75.886,0.45
75.887,0.45
75.888,0.45
75.889,0.45
75.89,0.45
75.891,0.45
75.892,0.45
75.893,0.45
75.894,0.45
75.895,0.45
75.896,0.45
75.897,0.45
75.898,0.45
75.899,0.45
75.9,0.45
75.901,0.45
75.902,0.45
75.903,0.45
75.904,0.45
75.905,0.45
75.906,0.45
75.907,0.45
75.908,0.45
75.909,0.45
75.91,0.45
75.911,0.45
75.912,0.45
75.913,0.45
75.914,0.45
75.915,0.45
75.916,0.45
75.917,0.45
75.918,0.45
75.919,0.45
75.92,0.45
75.921,0.45
75.922,0.45
75.923,0.45
75.924,0.45
75.925,0.45
75.926,0.45
75.927,0.45
75.928,0.45
75.929,0.45
75.93,0.45
75.931,0.45
75.932,0.45
75.933,0.45
75.934,0.45
75.935,0.45
75.936,0.45
75.937,0.45
75.938,0.45
75.939,0.45
75.94,0.45
75.941,0.45
75.942,0.45
75.943,0.45
75.944,0.45
75.945,0.45
75.946,0.45
75.947,0.45
75.948,0.45
75.949,0.45
75.95,0.45
75.951,0.45
75.952,0.45
75.953,0.45
75.954,0.45
75.955,0.45
75.956,0.45
75.957,0.45
75.958,0.45
75.959,0.45
75.96,0.45
75.961,0.45
75.962,0.45
75.963,0.45
75.964,0.45
75.965,0.45
75.966,0.45
75.967,0.45
75.968,0.45
75.969,0.45
75.97,0.45
75.971,0.45
75.972,0.45
75.973,0.45
75.974,0.45
75.975,0.45
75.976,0.45
75.977,0.45
75.978,0.45
75.979,0.45
75.98,0.45
75.981,0.45
75.982,0.45
75.983,0.45
75.984,0.45
75.985,0.45
75.986,0.45
75.987,0.45
75.988,0.45
75.989,0.45
75.99,0.45
75.991,0.45
75.992,0.45
75.993,0.45
75.994,0.45
75.995,0.45
75.996,0.45
75.997,0.45
75.998,0.45
75.999,0.45
76.0,0.45
76.001,0.45
76.002,0.45
76.003,0.45
76.004,0.45
76.005,0.45
76.006,0.45
76.007,0.45
76.008,0.45
76.009,0.45
76.01,0.45
76.011,0.45
76.012,0.45
76.013,0.45
76.014,0.45
76.015,0.45
76.016,0.45
76.017,0.45
76.018,0.45
76.019,0.45
76.02,0.45
76.021,0.45
76.022,0.45
76.023,0.45
76.024,0.45
76.025,0.45
76.026,0.45
76.027,0.45
76.028,0.45
76.029,0.45
76.03,0.45
76.031,0.45
76.032,0.45
76.033,0.45
76.034,0.45
76.035,0.45
76.036,0.45
76.037,0.45
76.038,0.45
76.039,0.45
76.04,0.45
76.041,0.45
76.042,0.45
76.043,0.45
76.044,0.45
76.045,0.45
76.046,0.45
76.047,0.45
76.048,0.45
76.049,0.45
76.05,0.45
76.051,0.45
76.052,0.45
76.053,0.45
76.054,0.45
76.055,0.45
76.056,0.45
76.057,0.45
76.058,0.45
76.059,0.45
76.06,0.45
76.061,0.45
76.062,0.45
76.063,0.45
76.064,0.45
76.065,0.45
76.066,0.45
76.067,0.45
76.068,0.45
76.069,0.45
76.07,0.45
76.071,0.45
76.072,0.45
76.073,0.45
76.074,0.45
76.075,0.45
76.076,0.45
76.077,0.45
76.078,0.45
76.079,0.45
76.08,0.45
76.081,0.45
76.082,0.45
76.083,0.45
76.084,0.45
76.085,0.45
76.086,0.45
76.087,0.45
76.088,0.45
76.089,0.45
76.09,0.45
76.091,0.45
76.092,0.45
76.093,0.45
76.094,0.45
76.095,0.45
76.096,0.45
76.097,0.45
76.098,0.45
76.099,0.45
76.1,0.45
76.101,0.45
76.102,0.45
76.103,0.45
76.104,0.45
76.105,0.45
76.106,0.45
76.107,0.45
76.108,0.45
76.109,0.45
76.11,0.45
76.111,0.45
76.112,0.45
76.113,0.45
76.114,0.45
76.115,0.45
76.116,0.45
76.117,0.45
76.118,0.45
76.119,0.45
76.12,0.45
76.121,0.45
76.122,0.45
76.123,0.45
76.124,0.45
76.125,0.45
76.126,0.45
76.127,0.45
76.128,0.45
76.129,0.45
76.13,0.45
76.131,0.45
76.132,0.45
76.133,0.45
76.134,0.45
76.135,0.45
76.136,0.45
76.137,0.45
76.138,0.45
76.139,0.45
76.14,0.45
76.141,0.45
76.142,0.45
76.143,0.45
76.144,0.45
76.145,0.45
76.146,0.45
76.147,0.45
76.148,0.45
76.149,0.45
76.15,0.45
76.151,0.45
76.152,0.45
76.153,0.45
76.154,0.45
76.155,0.45
76.156,0.45
76.157,0.45
76.158,0.45
76.159,0.45
76.16,0.45
76.161,0.45
76.162,0.45
76.163,0.45
76.164,0.45
76.165,0.45
76.166,0.45
76.167,0.45
76.168,0.45
76.169,0.45
76.17,0.45
76.171,0.45
76.172,0.45
76.173,0.45
76.174,0.45
76.175,0.45
76.176,0.45
76.177,0.45
76.178,0.45
76.179,0.45
76.18,0.45
76.181,0.45
76.182,0.45
76.183,0.45
76.184,0.45
76.185,0.45
76.186,0.45
76.187,0.45
76.188,0.45
76.189,0.45
76.19,0.45
76.191,0.45
76.192,0.45
76.193,0.45
76.194,0.45
76.195,0.45
76.196,0.45
76.197,0.45
76.198,0.45
76.199,0.45
76.2,0.45
76.201,0.45
76.202,0.45
76.203,0.45
76.204,0.45
76.205,0.45
76.206,0.45
76.207,0.45
76.208,0.45
76.209,0.45
76.21,0.45
76.211,0.45
76.212,0.45
76.213,0.45
76.214,0.45
76.215,0.45
76.216,0.45
76.217,0.45
76.218,0.45
76.219,0.45
76.22,0.45
76.221,0.45
76.222,0.45
76.223,0.45
76.224,0.45
76.225,0.45
76.226,0.45
76.227,0.45
76.228,0.45
76.229,0.45
76.23,0.45
76.231,0.45
76.232,0.45
76.233,0.45
76.234,0.45
76.235,0.45
76.236,0.45
76.237,0.45
76.238,0.45
76.239,0.45
76.24,0.45
76.241,0.45
76.242,0.45
76.243,0.45
76.244,0.45
76.245,0.45
76.246,0.45
76.247,0.45
76.248,0.45
76.249,0.45
76.25,0.45
76.251,0.45
76.252,0.45
76.253,0.45
76.254,0.45
76.255,0.45
76.256,0.45
76.257,0.45
76.258,0.45
76.259,0.45
76.26,0.45
76.261,0.45
76.262,0.45
76.263,0.45
76.264,0.45
76.265,0.45
76.266,0.45
76.267,0.45
76.268,0.45
76.269,0.45
76.27,0.45
76.271,0.45
76.272,0.45
76.273,0.45
76.274,0.45
76.275,0.45
76.276,0.45
76.277,0.45
76.278,0.45
76.279,0.45
76.28,0.45
76.281,0.45
76.282,0.45
76.283,0.45
76.284,0.45
76.285,0.45
76.286,0.45
76.287,0.45
76.288,0.45
76.289,0.45
76.29,0.45
76.291,0.45
76.292,0.45
76.293,0.45
76.294,0.45
76.295,0.45
76.296,0.45
76.297,0.45
76.298,0.45
76.299,0.45
76.3,0.45
76.301,0.45
76.302,0.45
76.303,0.45
76.304,0.45
76.305,0.45
76.306,0.45
76.307,0.45
76.308,0.45
76.309,0.45
76.31,0.45
76.311,0.45
76.312,0.45
76.313,0.45
76.314,0.45
76.315,0.45
76.316,0.45
76.317,0.45
76.318,0.45
76.319,0.45
76.32,0.45
76.321,0.45
76.322,0.45
76.323,0.45
76.324,0.45
76.325,0.45
76.326,0.45
76.327,0.45
76.328,0.45
76.329,0.45
76.33,0.45
76.331,0.45
76.332,0.45
76.333,0.45
76.334,0.45
76.335,0.45
76.336,0.45
76.337,0.45
76.338,0.45
76.339,0.45
76.34,0.45
76.341,0.45
76.342,0.45
76.343,0.45
76.344,0.45
76.345,0.45
76.346,0.45
76.347,0.45
76.348,0.45
76.349,0.45
76.35,0.45
76.351,0.45
76.352,0.45
76.353,0.45
76.354,0.45
76.355,0.45
76.356,0.45
76.357,0.45
76.358,0.45
76.359,0.45
76.36,0.45
76.361,0.45
76.362,0.45
76.363,0.45
76.364,0.45
76.365,0.45
76.366,0.45
76.367,0.45
76.368,0.45
76.369,0.45
76.37,0.45
76.371,0.45
76.372,0.45
76.373,0.45
76.374,0.45
76.375,0.45
76.376,0.45
76.377,0.45
76.378,0.45
76.379,0.45
76.38,0.45
76.381,0.45
76.382,0.45
76.383,0.45
76.384,0.45
76.385,0.45
76.386,0.45
76.387,0.45
76.388,0.45
76.389,0.45
76.39,0.45
76.391,0.45
76.392,0.45
76.393,0.45
76.394,0.45
76.395,0.45
76.396,0.45
76.397,0.45
76.398,0.45
76.399,0.45
76.4,0.45
76.401,0.45
76.402,0.45
76.403,0.45
76.404,0.45
76.405,0.45
76.406,0.45
76.407,0.45
76.408,0.45
76.409,0.45
76.41,0.45
76.411,0.45
76.412,0.45
76.413,0.45
76.414,0.45
76.415,0.45
76.416,0.45
76.417,0.45
76.418,0.45
76.419,0.45
76.42,0.45
76.421,0.45
76.422,0.45
76.423,0.45
76.424,0.45
76.425,0.45
76.426,0.45
76.427,0.45
76.428,0.45
76.429,0.45
76.43,0.45
76.431,0.45
76.432,0.45
76.433,0.45
76.434,0.45
76.435,0.45
76.436,0.45
76.437,0.45
76.438,0.45
76.439,0.45
76.44,0.45
76.441,0.45
76.442,0.45
76.443,0.45
76.444,0.45
76.445,0.45
76.446,0.45
76.447,0.45
76.448,0.45
76.449,0.45
76.45,0.45
76.451,0.45
76.452,0.45
76.453,0.45
76.454,0.45
76.455,0.45
76.456,0.45
76.457,0.45
76.458,0.45
76.459,0.45
76.46,0.45
76.461,0.45
76.462,0.45
76.463,0.45
76.464,0.45
76.465,0.45
76.466,0.45
76.467,0.45
76.468,0.45
76.469,0.45
76.47,0.45
76.471,0.45
76.472,0.45
76.473,0.45
76.474,0.45
76.475,0.45
76.476,0.45
76.477,0.45
76.478,0.45
76.479,0.45
76.48,0.45
76.481,0.45
76.482,0.45
76.483,0.45
76.484,0.45
76.485,0.45
76.486,0.45
76.487,0.45
76.488,0.45
76.489,0.45
76.49,0.45
76.491,0.45
76.492,0.45
76.493,0.45
76.494,0.45
76.495,0.45
76.496,0.45
76.497,0.45
76.498,0.45
76.499,0.45
76.5,0.45
76.501,0.45
76.502,0.45
76.503,0.45
76.504,0.45
76.505,0.45
76.506,0.45
76.507,0.45
76.508,0.45
76.509,0.45
76.51,0.45
76.511,0.45
76.512,0.45
76.513,0.45
76.514,0.45
76.515,0.45
76.516,0.45
76.517,0.45
76.518,0.45
76.519,0.45
76.52,0.45
76.521,0.45
76.522,0.45
76.523,0.45
76.524,0.45
76.525,0.45
76.526,0.45
76.527,0.45
76.528,0.45
76.529,0.45
76.53,0.45
76.531,0.45
76.532,0.45
76.533,0.45
76.534,0.45
76.535,0.45
76.536,0.45
76.537,0.45
76.538,0.45
76.539,0.45
76.54,0.45
76.541,0.45
76.542,0.45
76.543,0.45
76.544,0.45
76.545,0.45
76.546,0.45
76.547,0.45
76.548,0.45
76.549,0.45
76.55,0.45
76.551,0.45
76.552,0.45
76.553,0.45
76.554,0.45
76.555,0.45
76.556,0.45
76.557,0.45
76.558,0.45
76.559,0.45
76.56,0.45
76.561,0.45
76.562,0.45
76.563,0.45
76.564,0.45
76.565,0.45
76.566,0.45
76.567,0.45
76.568,0.45
76.569,0.45
76.57,0.45
76.571,0.45
76.572,0.45
76.573,0.45
76.574,0.45
76.575,0.45
76.576,0.45
76.577,0.45
76.578,0.45
76.579,0.45
76.58,0.45
76.581,0.45
76.582,0.45
76.583,0.45
76.584,0.45
76.585,0.45
76.586,0.45
76.587,0.45
76.588,0.45
76.589,0.45
76.59,0.45
76.591,0.45
76.592,0.45
76.593,0.45
76.594,0.45
76.595,0.45
76.596,0.45
76.597,0.45
76.598,0.45
76.599,0.45
76.6,0.45
76.601,0.45
76.602,0.45
76.603,0.45
76.604,0.45
76.605,0.45
76.606,0.45
76.607,0.45
76.608,0.45
76.609,0.45
76.61,0.45
76.611,0.45
76.612,0.45
76.613,0.45
76.614,0.45
76.615,0.45
76.616,0.45
76.617,0.45
76.618,0.45
76.619,0.45
76.62,0.45
76.621,0.45
76.622,0.45
76.623,0.45
76.624,0.45
76.625,0.45
76.626,0.45
76.627,0.45
76.628,0.45
76.629,0.45
76.63,0.45
76.631,0.45
76.632,0.45
76.633,0.45
76.634,0.45
76.635,0.45
76.636,0.45
76.637,0.45
76.638,0.45
76.639,0.45
76.64,0.45
76.641,0.45
76.642,0.45
76.643,0.45
76.644,0.45
76.645,0.45
76.646,0.45
76.647,0.45
76.648,0.45
76.649,0.45
76.65,0.45
76.651,0.45
76.652,0.45
76.653,0.45
76.654,0.45
76.655,0.45
76.656,0.45
76.657,0.45
76.658,0.45
76.659,0.45
76.66,0.45
76.661,0.45
76.662,0.45
76.663,0.45
76.664,0.45
76.665,0.45
76.666,0.45
76.667,0.45
76.668,0.45
76.669,0.45
76.67,0.45
76.671,0.45
76.672,0.45
76.673,0.45
76.674,0.45
76.675,0.45
76.676,0.45
76.677,0.45
76.678,0.45
76.679,0.45
76.68,0.45
76.681,0.45
76.682,0.45
76.683,0.45
76.684,0.45
76.685,0.45
76.686,0.45
76.687,0.45
76.688,0.45
76.689,0.45
76.69,0.45
76.691,0.45
76.692,0.45
76.693,0.45
76.694,0.45
76.695,0.45
76.696,0.45
76.697,0.45
76.698,0.45
76.699,0.45
76.7,0.45
76.701,0.45
76.702,0.45
76.703,0.45
76.704,0.45
76.705,0.45
76.706,0.45
76.707,0.45
76.708,0.45
76.709,0.45
76.71,0.45
76.711,0.45
76.712,0.45
76.713,0.45
76.714,0.45
76.715,0.45
76.716,0.45
76.717,0.45
76.718,0.45
76.719,0.45
76.72,0.45
76.721,0.45
76.722,0.45
76.723,0.45
76.724,0.45
76.725,0.45
76.726,0.45
76.727,0.45
76.728,0.45
76.729,0.45
76.73,0.45
76.731,0.45
76.732,0.45
76.733,0.45
76.734,0.45
76.735,0.45
76.736,0.45
76.737,0.45
76.738,0.45
76.739,0.45
76.74,0.45
76.741,0.45
76.742,0.45
76.743,0.45
76.744,0.45
76.745,0.45
76.746,0.45
76.747,0.45
76.748,0.45
76.749,0.45
76.75,0.45
76.751,0.45
76.752,0.45
76.753,0.45
76.754,0.45
76.755,0.45
76.756,0.45
76.757,0.45
76.758,0.45
76.759,0.45
76.76,0.45
76.761,0.45
76.762,0.45
76.763,0.45
76.764,0.45
76.765,0.45
76.766,0.45
76.767,0.45
76.768,0.45
76.769,0.45
76.77,0.45
76.771,0.45
76.772,0.45
76.773,0.45
76.774,0.45
76.775,0.45
76.776,0.45
76.777,0.45
76.778,0.45
76.779,0.45
76.78,0.45
76.781,0.45
76.782,0.45
76.783,0.45
76.784,0.45
76.785,0.45
76.786,0.45
76.787,0.45
76.788,0.45
76.789,0.45
76.79,0.45
76.791,0.45
76.792,0.45
76.793,0.45
76.794,0.45
76.795,0.45
76.796,0.45
76.797,0.45
76.798,0.45
76.799,0.45
76.8,0.45
76.801,0.45
76.802,0.45
76.803,0.45
76.804,0.45
76.805,0.45
76.806,0.45
76.807,0.45
76.808,0.45
76.809,0.45
76.81,0.45
76.811,0.45
76.812,0.45
76.813,0.45
76.814,0.45
76.815,0.45
76.816,0.45
76.817,0.45
76.818,0.45
76.819,0.45
76.82,0.45
76.821,0.45
76.822,0.45
76.823,0.45
76.824,0.45
76.825,0.45
76.826,0.45
76.827,0.45
76.828,0.45
76.829,0.45
76.83,0.45
76.831,0.45
76.832,0.45
76.833,0.45
76.834,0.45
76.835,0.45
76.836,0.45
76.837,0.45
76.838,0.45
76.839,0.45
76.84,0.45
76.841,0.45
76.842,0.45
76.843,0.45
76.844,0.45
76.845,0.45
76.846,0.45
76.847,0.45
76.848,0.45
76.849,0.45
76.85,0.45
76.851,0.45
76.852,0.45
76.853,0.45
76.854,0.45
76.855,0.45
76.856,0.45
76.857,0.45
76.858,0.45
76.859,0.45
76.86,0.45
76.861,0.45
76.862,0.45
76.863,0.45
76.864,0.45
76.865,0.45
76.866,0.45
76.867,0.45
76.868,0.45
76.869,0.45
76.87,0.45
76.871,0.45
76.872,0.45
76.873,0.45
76.874,0.45
76.875,0.45
76.876,0.45
76.877,0.45
76.878,0.45
76.879,0.45
76.88,0.45
76.881,0.45
76.882,0.45
76.883,0.45
76.884,0.45
76.885,0.45
76.886,0.45
76.887,0.45
76.888,0.45
76.889,0.45
76.89,0.45
76.891,0.45
76.892,0.45
76.893,0.45
76.894,0.45
76.895,0.45
76.896,0.45
76.897,0.45
76.898,0.45
76.899,0.45
76.9,0.45
76.901,0.45
76.902,0.45
76.903,0.45
76.904,0.45
76.905,0.45
76.906,0.45
76.907,0.45
76.908,0.45
76.909,0.45
76.91,0.45
76.911,0.45
76.912,0.45
76.913,0.45
76.914,0.45
76.915,0.45
76.916,0.45
76.917,0.45
76.918,0.45
76.919,0.45
76.92,0.45
76.921,0.45
76.922,0.45
76.923,0.45
76.924,0.45
76.925,0.45
76.926,0.45
76.927,0.45
76.928,0.45
76.929,0.45
76.93,0.45
76.931,0.45
76.932,0.45
76.933,0.45
76.934,0.45
76.935,0.45
76.936,0.45
76.937,0.45
76.938,0.45
76.939,0.45
76.94,0.45
76.941,0.45
76.942,0.45
76.943,0.45
76.944,0.45
76.945,0.45
76.946,0.45
76.947,0.45
76.948,0.45
76.949,0.45
76.95,0.45
76.951,0.45
76.952,0.45
76.953,0.45
76.954,0.45
76.955,0.45
76.956,0.45
76.957,0.45
76.958,0.45
76.959,0.45
76.96,0.45
76.961,0.45
76.962,0.45
76.963,0.45
76.964,0.45
76.965,0.45
76.966,0.45
76.967,0.45
76.968,0.45
76.969,0.45
76.97,0.45
76.971,0.45
76.972,0.45
76.973,0.45
76.974,0.45
76.975,0.45
76.976,0.45
76.977,0.45
76.978,0.45
76.979,0.45
76.98,0.45
76.981,0.45
76.982,0.45
76.983,0.45
76.984,0.45
76.985,0.45
76.986,0.45
76.987,0.45
76.988,0.45
76.989,0.45
76.99,0.45
76.991,0.45
76.992,0.45
76.993,0.45
76.994,0.45
76.995,0.45
76.996,0.45
76.997,0.45
76.998,0.45
76.999,0.45
77.0,0.45
77.001,0.45
77.002,0.45
77.003,0.45
77.004,0.45
77.005,0.45
77.006,0.45
77.007,0.45
77.008,0.45
77.009,0.45
77.01,0.45
77.011,0.45
77.012,0.45
77.013,0.45
77.014,0.45
77.015,0.45
77.016,0.45
77.017,0.45
77.018,0.45
77.019,0.45
77.02,0.45
77.021,0.45
77.022,0.45
77.023,0.45
77.024,0.45
77.025,0.45
77.026,0.45
77.027,0.45
77.028,0.45
77.029,0.45
77.03,0.45
77.031,0.45
77.032,0.45
77.033,0.45
77.034,0.45
77.035,0.45
77.036,0.45
77.037,0.45
77.038,0.45
77.039,0.45
77.04,0.45
77.041,0.45
77.042,0.45
77.043,0.45
77.044,0.45
77.045,0.45
77.046,0.45
77.047,0.45
77.048,0.45
77.049,0.45
77.05,0.45
77.051,0.45
77.052,0.45
77.053,0.45
77.054,0.45
77.055,0.45
77.056,0.45
77.057,0.45
77.058,0.45
77.059,0.45
77.06,0.45
77.061,0.45
77.062,0.45
77.063,0.45
77.064,0.45
77.065,0.45
77.066,0.45
77.067,0.45
77.068,0.45
77.069,0.45
77.07,0.45
77.071,0.45
77.072,0.45
77.073,0.45
77.074,0.45
77.075,0.45
77.076,0.45
77.077,0.45
77.078,0.45
77.079,0.45
77.08,0.45
77.081,0.45
77.082,0.45
77.083,0.45
77.084,0.45
77.085,0.45
77.086,0.45
77.087,0.45
77.088,0.45
77.089,0.45
77.09,0.45
77.091,0.45
77.092,0.45
77.093,0.45
77.094,0.45
77.095,0.45
77.096,0.45
77.097,0.45
77.098,0.45
77.099,0.45
77.1,0.45
77.101,0.45
77.102,0.45
77.103,0.45
77.104,0.45
77.105,0.45
77.106,0.45
77.107,0.45
77.108,0.45
77.109,0.45
77.11,0.45
77.111,0.45
77.112,0.45
77.113,0.45
77.114,0.45
77.115,0.45
77.116,0.45
77.117,0.45
77.118,0.45
77.119,0.45
77.12,0.45
77.121,0.45
77.122,0.45
77.123,0.45
77.124,0.45
77.125,0.45
77.126,0.45
77.127,0.45
77.128,0.45
77.129,0.45
77.13,0.45
77.131,0.45
77.132,0.45
77.133,0.45
77.134,0.45
77.135,0.45
77.136,0.45
77.137,0.45
77.138,0.45
77.139,0.45
77.14,0.45
77.141,0.45
77.142,0.45
77.143,0.45
77.144,0.45
77.145,0.45
77.146,0.45
77.147,0.45
77.148,0.45
77.149,0.45
77.15,0.45
77.151,0.45
77.152,0.45
77.153,0.45
77.154,0.45
77.155,0.45
77.156,0.45
77.157,0.45
77.158,0.45
77.159,0.45
77.16,0.45
77.161,0.45
77.162,0.45
77.163,0.45
77.164,0.45
77.165,0.45
77.166,0.45
77.167,0.45
77.168,0.45
77.169,0.45
77.17,0.45
77.171,0.45
77.172,0.45
77.173,0.45
77.174,0.45
77.175,0.45
77.176,0.45
77.177,0.45
77.178,0.45
77.179,0.45
77.18,0.45
77.181,0.45
77.182,0.45
77.183,0.45
77.184,0.45
77.185,0.45
77.186,0.45
77.187,0.45
77.188,0.45
77.189,0.45
77.19,0.45
77.191,0.45
77.192,0.45
77.193,0.45
77.194,0.45
77.195,0.45
77.196,0.45
77.197,0.45
77.198,0.45
77.199,0.45
77.2,0.45
77.201,0.45
77.202,0.45
77.203,0.45
77.204,0.45
77.205,0.45
77.206,0.45
77.207,0.45
77.208,0.45
77.209,0.45
77.21,0.45
77.211,0.45
77.212,0.45
77.213,0.45
77.214,0.45
77.215,0.45
77.216,0.45
77.217,0.45
77.218,0.45
77.219,0.45
77.22,0.45
77.221,0.45
77.222,0.45
77.223,0.45
77.224,0.45
77.225,0.45
77.226,0.45
77.227,0.45
77.228,0.45
77.229,0.45
77.23,0.45
77.231,0.45
77.232,0.45
77.233,0.45
77.234,0.45
77.235,0.45
77.236,0.45
77.237,0.45
77.238,0.45
77.239,0.45
77.24,0.45
77.241,0.45
77.242,0.45
77.243,0.45
77.244,0.45
77.245,0.45
77.246,0.45
77.247,0.45
77.248,0.45
77.249,0.45
77.25,0.45
77.251,0.45
77.252,0.45
77.253,0.45
77.254,0.45
77.255,0.45
77.256,0.45
77.257,0.45
77.258,0.45
77.259,0.45
77.26,0.45
77.261,0.45
77.262,0.45
77.263,0.45
77.264,0.45
77.265,0.45
77.266,0.45
77.267,0.45
77.268,0.45
77.269,0.45
77.27,0.45
77.271,0.45
77.272,0.45
77.273,0.45
77.274,0.45
77.275,0.45
77.276,0.45
77.277,0.45
77.278,0.45
77.279,0.45
77.28,0.45
77.281,0.45
77.282,0.45
77.283,0.45
77.284,0.45
77.285,0.45
77.286,0.45
77.287,0.45
77.288,0.45
77.289,0.45
77.29,0.45
77.291,0.45
77.292,0.45
77.293,0.45
77.294,0.45
77.295,0.45
77.296,0.45
77.297,0.45
77.298,0.45
77.299,0.45
77.3,0.45
77.301,0.45
77.302,0.45
77.303,0.45
77.304,0.45
77.305,0.45
77.306,0.45
77.307,0.45
77.308,0.45
77.309,0.45
77.31,0.45
77.311,0.45
77.312,0.45
77.313,0.45
77.314,0.45
77.315,0.45
77.316,0.45
77.317,0.45
77.318,0.45
77.319,0.45
77.32,0.45
77.321,0.45
77.322,0.45
77.323,0.45
77.324,0.45
77.325,0.45
77.326,0.45
77.327,0.45
77.328,0.45
77.329,0.45
77.33,0.45
77.331,0.45
77.332,0.45
77.333,0.45
77.334,0.45
77.335,0.45
77.336,0.45
77.337,0.45
77.338,0.45
77.339,0.45
77.34,0.45
77.341,0.45
77.342,0.45
77.343,0.45
77.344,0.45
77.345,0.45
77.346,0.45
77.347,0.45
77.348,0.45
77.349,0.45
77.35,0.45
77.351,0.45
77.352,0.45
77.353,0.45
77.354,0.45
77.355,0.45
77.356,0.45
77.357,0.45
77.358,0.45
77.359,0.45
77.36,0.45
77.361,0.45
77.362,0.45
77.363,0.45
77.364,0.45
77.365,0.45
77.366,0.45
77.367,0.45
77.368,0.45
77.369,0.45
77.37,0.45
77.371,0.45
77.372,0.45
77.373,0.45
77.374,0.45
77.375,0.45
77.376,0.45
77.377,0.45
77.378,0.45
77.379,0.45
77.38,0.45
77.381,0.45
77.382,0.45
77.383,0.45
77.384,0.45
77.385,0.45
77.386,0.45
77.387,0.45
77.388,0.45
77.389,0.45
77.39,0.45
77.391,0.45
77.392,0.45
77.393,0.45
77.394,0.45
77.395,0.45
77.396,0.45
77.397,0.45
77.398,0.45
77.399,0.45
77.4,0.45
77.401,0.45
77.402,0.45
77.403,0.45
77.404,0.45
77.405,0.45
77.406,0.45
77.407,0.45
77.408,0.45
77.409,0.45
77.41,0.45
77.411,0.45
77.412,0.45
77.413,0.45
77.414,0.45
77.415,0.45
77.416,0.45
77.417,0.45
77.418,0.45
77.419,0.45
77.42,0.45
77.421,0.45
77.422,0.45
77.423,0.45
77.424,0.45
77.425,0.45
77.426,0.45
77.427,0.45
77.428,0.45
77.429,0.45
77.43,0.45
77.431,0.45
77.432,0.45
77.433,0.45
77.434,0.45
77.435,0.45
77.436,0.45
77.437,0.45
77.438,0.45
77.439,0.45
77.44,0.45
77.441,0.45
77.442,0.45
77.443,0.45
77.444,0.45
77.445,0.45
77.446,0.45
77.447,0.45
77.448,0.45
77.449,0.45
77.45,0.45
77.451,0.45
77.452,0.45
77.453,0.45
77.454,0.45
77.455,0.45
77.456,0.45
77.457,0.45
77.458,0.45
77.459,0.45
77.46,0.45
77.461,0.45
77.462,0.45
77.463,0.45
77.464,0.45
77.465,0.45
77.466,0.45
77.467,0.45
77.468,0.45
77.469,0.45
77.47,0.45
77.471,0.45
77.472,0.45
77.473,0.45
77.474,0.45
77.475,0.45
77.476,0.45
77.477,0.45
77.478,0.45
77.479,0.45
77.48,0.45
77.481,0.45
77.482,0.45
77.483,0.45
77.484,0.45
77.485,0.45
77.486,0.45
77.487,0.45
77.488,0.45
77.489,0.45
77.49,0.45
77.491,0.45
77.492,0.45
77.493,0.45
77.494,0.45
77.495,0.45
77.496,0.45
77.497,0.45
77.498,0.45
77.499,0.45
77.5,0.45
77.501,0.45
77.502,0.45
77.503,0.45
77.504,0.45
77.505,0.45
77.506,0.45
77.507,0.45
77.508,0.45
77.509,0.45
77.51,0.45
77.511,0.45
77.512,0.45
77.513,0.45
77.514,0.45
77.515,0.45
77.516,0.45
77.517,0.45
77.518,0.45
77.519,0.45
77.52,0.45
77.521,0.45
77.522,0.45
77.523,0.45
77.524,0.45
77.525,0.45
77.526,0.45
77.527,0.45
77.528,0.45
77.529,0.45
77.53,0.45
77.531,0.45
77.532,0.45
77.533,0.45
77.534,0.45
77.535,0.45
77.536,0.45
77.537,0.45
77.538,0.45
77.539,0.45
77.54,0.45
77.541,0.45
77.542,0.45
77.543,0.45
77.544,0.45
77.545,0.45
77.546,0.45
77.547,0.45
77.548,0.45
77.549,0.45
77.55,0.45
77.551,0.45
77.552,0.45
77.553,0.45
77.554,0.45
77.555,0.45
77.556,0.45
77.557,0.45
77.558,0.45
77.559,0.45
77.56,0.45
77.561,0.45
77.562,0.45
77.563,0.45
77.564,0.45
77.565,0.45
77.566,0.45
77.567,0.45
77.568,0.45
77.569,0.45
77.57,0.45
77.571,0.45
77.572,0.45
77.573,0.45
77.574,0.45
77.575,0.45
77.576,0.45
77.577,0.45
77.578,0.45
77.579,0.45
77.58,0.45
77.581,0.45
77.582,0.45
77.583,0.45
77.584,0.45
77.585,0.45
77.586,0.45
77.587,0.45
77.588,0.45
77.589,0.45
77.59,0.45
77.591,0.45
77.592,0.45
77.593,0.45
77.594,0.45
77.595,0.45
77.596,0.45
77.597,0.45
77.598,0.45
77.599,0.45
77.6,0.45
77.601,0.45
77.602,0.45
77.603,0.45
77.604,0.45
77.605,0.45
77.606,0.45
77.607,0.45
77.608,0.45
77.609,0.45
77.61,0.45
77.611,0.45
77.612,0.45
77.613,0.45
77.614,0.45
77.615,0.45
77.616,0.45
77.617,0.45
77.618,0.45
77.619,0.45
77.62,0.45
77.621,0.45
77.622,0.45
77.623,0.45
77.624,0.45
77.625,0.45
77.626,0.45
77.627,0.45
77.628,0.45
77.629,0.45
77.63,0.45
77.631,0.45
77.632,0.45
77.633,0.45
77.634,0.45
77.635,0.45
77.636,0.45
77.637,0.45
77.638,0.45
77.639,0.45
77.64,0.45
77.641,0.45
77.642,0.45
77.643,0.45
77.644,0.45
77.645,0.45
77.646,0.45
77.647,0.45
77.648,0.45
77.649,0.45
77.65,0.45
77.651,0.45
77.652,0.45
77.653,0.45
77.654,0.45
77.655,0.45
77.656,0.45
77.657,0.45
77.658,0.45
77.659,0.45
77.66,0.45
77.661,0.45
77.662,0.45
77.663,0.45
77.664,0.45
77.665,0.45
77.666,0.45
77.667,0.45
77.668,0.45
77.669,0.45
77.67,0.45
77.671,0.45
77.672,0.45
77.673,0.45
77.674,0.45
77.675,0.45
77.676,0.45
77.677,0.45
77.678,0.45
77.679,0.45
77.68,0.45
77.681,0.45
77.682,0.45
77.683,0.45
77.684,0.45
77.685,0.45
77.686,0.45
77.687,0.45
77.688,0.45
77.689,0.45
77.69,0.45
77.691,0.45
77.692,0.45
77.693,0.45
77.694,0.45
77.695,0.45
77.696,0.45
77.697,0.45
77.698,0.45
77.699,0.45
77.7,0.45
77.701,0.45
77.702,0.45
77.703,0.45
77.704,0.45
77.705,0.45
77.706,0.45
77.707,0.45
77.708,0.45
77.709,0.45
77.71,0.45
77.711,0.45
77.712,0.45
77.713,0.45
77.714,0.45
77.715,0.45
77.716,0.45
77.717,0.45
77.718,0.45
77.719,0.45
77.72,0.45
77.721,0.45
77.722,0.45
77.723,0.45
77.724,0.45
77.725,0.45
77.726,0.45
77.727,0.45
77.728,0.45
77.729,0.45
77.73,0.45
77.731,0.45
77.732,0.45
77.733,0.45
77.734,0.45
77.735,0.45
77.736,0.45
77.737,0.45
77.738,0.45
77.739,0.45
77.74,0.45
77.741,0.45
77.742,0.45
77.743,0.45
77.744,0.45
77.745,0.45
77.746,0.45
77.747,0.45
77.748,0.45
77.749,0.45
77.75,0.45
77.751,0.45
77.752,0.45
77.753,0.45
77.754,0.45
77.755,0.45
77.756,0.45
77.757,0.45
77.758,0.45
77.759,0.45
77.76,0.45
77.761,0.45
77.762,0.45
77.763,0.45
77.764,0.45
77.765,0.45
77.766,0.45
77.767,0.45
77.768,0.45
77.769,0.45
77.77,0.45
77.771,0.45
77.772,0.45
77.773,0.45
77.774,0.45
77.775,0.45
77.776,0.45
77.777,0.45
77.778,0.45
77.779,0.45
77.78,0.45
77.781,0.45
77.782,0.45
77.783,0.45
77.784,0.45
77.785,0.45
77.786,0.45
77.787,0.45
77.788,0.45
77.789,0.45
77.79,0.45
77.791,0.45
77.792,0.45
77.793,0.45
77.794,0.45
77.795,0.45
77.796,0.45
77.797,0.45
77.798,0.45
77.799,0.45
77.8,0.45
77.801,0.45
77.802,0.45
77.803,0.45
77.804,0.45
77.805,0.45
77.806,0.45
77.807,0.45
77.808,0.45
77.809,0.45
77.81,0.45
77.811,0.45
77.812,0.45
77.813,0.45
77.814,0.45
77.815,0.45
77.816,0.45
77.817,0.45
77.818,0.45
77.819,0.45
77.82,0.45
77.821,0.45
77.822,0.45
77.823,0.45
77.824,0.45
77.825,0.45
77.826,0.45
77.827,0.45
77.828,0.45
77.829,0.45
77.83,0.45
77.831,0.45
77.832,0.45
77.833,0.45
77.834,0.45
77.835,0.45
77.836,0.45
77.837,0.45
77.838,0.45
77.839,0.45
77.84,0.45
77.841,0.45
77.842,0.45
77.843,0.45
77.844,0.45
77.845,0.45
77.846,0.45
77.847,0.45
77.848,0.45
77.849,0.45
77.85,0.45
77.851,0.45
77.852,0.45
77.853,0.45
77.854,0.45
77.855,0.45
77.856,0.45
77.857,0.45
77.858,0.45
77.859,0.45
77.86,0.45
77.861,0.45
77.862,0.45
77.863,0.45
77.864,0.45
77.865,0.45
77.866,0.45
77.867,0.45
77.868,0.45
77.869,0.45
77.87,0.45
77.871,0.45
77.872,0.45
77.873,0.45
77.874,0.45
77.875,0.45
77.876,0.45
77.877,0.45
77.878,0.45
77.879,0.45
77.88,0.45
77.881,0.45
77.882,0.45
77.883,0.45
77.884,0.45
77.885,0.45
77.886,0.45
77.887,0.45
77.888,0.45
77.889,0.45
77.89,0.45
77.891,0.45
77.892,0.45
77.893,0.45
77.894,0.45
77.895,0.45
77.896,0.45
77.897,0.45
77.898,0.45
77.899,0.45
77.9,0.45
77.901,0.45
77.902,0.45
77.903,0.45
77.904,0.45
77.905,0.45
77.906,0.45
77.907,0.45
77.908,0.45
77.909,0.45
77.91,0.45
77.911,0.45
77.912,0.45
77.913,0.45
77.914,0.45
77.915,0.45
77.916,0.45
77.917,0.45
77.918,0.45
77.919,0.45
77.92,0.45
77.921,0.45
77.922,0.45
77.923,0.45
77.924,0.45
77.925,0.45
77.926,0.45
77.927,0.45
77.928,0.45
77.929,0.45
77.93,0.45
77.931,0.45
77.932,0.45
77.933,0.45
77.934,0.45
77.935,0.45
77.936,0.45
77.937,0.45
77.938,0.45
77.939,0.45
77.94,0.45
77.941,0.45
77.942,0.45
77.943,0.45
77.944,0.45
77.945,0.45
77.946,0.45
77.947,0.45
77.948,0.45
77.949,0.45
77.95,0.45
77.951,0.45
